명칭,우편번호,관리자,전화번호,주소,위도,경도,개요, 유산구분,문의 및 안내,개장일,쉬는날,체험안내,체험가능연령,수용인원,이용시기,이용시간,주차시설,유모차 대여 여부,애완동물 동반 가능 여부,신용카드 가능 여부,상세정보
육신사,42900,,,대구광역시 달성군 하빈면 육신사길 64,35.9113509020,128.4166106288,"육신사는 삼촌에게 왕권을 빼앗긴 어린 왕 ‘단종’의 복위를 꾀하려다 숨진 사육신으로 일컫는 조선 세조 때의 박팽년, 성삼문, 이개, 유성원, 하위지, 유응부 등의 위패를 모신 사당이다.취금헌 박팽년(醉琴軒 朴彭年) 선생만을 그 후손들이 모셔 제사를 지냈으나 선생의 현손(玄孫)인 박계창이 선생의 기일에 여섯 어른이 사당 문 밖에서 서성거리는 꿈을 꾼 후 나머지 5위의 향사도 함께 지내게 되었다. 그 뒤 하빈사(河濱祠)를 지어 제사를 지내다가, 숙종 20년(1694년) 낙빈(洛濱)이란 현액을 하사받아 사액서원이 되었다. 고종 3년(1866년) 흥선대원군의 서원 철페령으로 낙빈사가 서원(書院)과 함께 철거되었으며, 1924년 낙빈서원이 재건되면서 위패를 다시 봉안하게 되었다.<br /><br /> 이후 1974년부터 1975년 사이에 ‘충효 위인 유적정화사업’에 의해 현재의 위치에 육신사로 이름을 붙여 사당을 재건하였고, 2003년부터 2011년에 걸쳐 충절문을 세우고 전통가옥을 복원하였다.사우건물인 숭정사에는 육신과 더불어 박팽년의 부친인 중림(仲林, ?~1456년)의 위패도 함께 봉안되어 있으며 정면 5칸, 측면 3칸의 규모에 겹처마 팔작지붕으로 되어 있어 웅장한 느낌을 준다. 경내에는 이외에도 정면 5칸 측면 1칸 반 규모의 홑처마 팔작지붕인 숭절당, 태고정(보물), 외삼문, 내삼문, 홍살문, 삼층각 등이 있고 사당 앞에는 사육신의 행적을 기록한 육각비(1979년 건립)가 세워져 있다.<br>",,053-668-3162,,,,,,,,주차 가능,없음,불가,,"화장실:있음
"
대구 도동 측백나무 숲,41017,,,대구광역시 동구 도평로(도동),35.9182241168,128.6635775484,"도동 측백나무 숲은 해방 이후 1962년 12월 7일 대한민국 천연기념물로 재지정 되었다. 측백나무는 단양, 울진, 안동 등에 분포하고 있으나 도동 측백나무 숲은 측백나무의 남방 한계선인 대구에 군락을 이루고 있는 점, 불로천 하식애 면에서 자생하는 점 등에서 식물지리학 및 생태학적으로 가치를 높이 평가 받고 있다. 현재 도동 측백나무 숲은 국가지정 문화재로 지정되어 출입 제한구역으로 설정되어 있다. 도동 측백나무 숲의 특성을 살려 2016년 국토부 도시활력증진지역 개발사업 '천연기념물 ONE 도동문화마을 조성사업'이 선정되어 사업의 일환으로 측백향 커뮤니티센터를 조성하여 1층은 로컬푸드 판매장과 마을 회의실, 2층은 측백향 카페와 천연기념물 홍보관을 운영하고 있다.<br>",,053-985-6406,,,,,,,,,없음,없음,,
대구부수성비,42064,,,대구광역시 수성구 팔현길 248,35.8753566453,128.6580042373,"조선 고종 때 경상도관찰사 겸 대구도호부사였던 김세호(金世鎬)가 대구부성을 대대적으로 보수한 뒤, 그 기념으로 세운 비이다. 대구부성은 영조 때 경상관찰사 민응수가 외적의 침입을 막기 위해 쌓았는데 그 후 성이 훼손되어도 제대로 보수가 이루어지지 않던 것을 김세호가 수리한 것이다. 누각의 이름은 동을 정해루(定海樓), 서를 주승루(籌勝樓), 남을 선은루(宣恩樓), 북을 망경루(望京樓)라 하였다고 한다. 비는 네모난 받침돌 위에 비몸을 세우고 지붕돌을 올린 모습이다.<br /><br />비문의 내용은 1870년(고종 7) 봄에 수리를 시작하여 그 해 11월에 마쳤는데, 원래 보다 높이와 크기를 키워서 동서남북의 성벽(城壁) 위에 새로이 4개의 누각(樓閣)을 세웠다는 공사에 관한 내용과, 유공자에게 상을 내린 일이 적혀 있다. 고종 6년(1869)에 세운 비로, 관찰사 김세호가 직접 비문을 짓고, 당시 공사 책임관이었던 절충장군(折衝將軍) 최석로(崔錫魯)가 글씨를 썼다. 이 비는 본디 남문 밖에 세워진 것이었으나, 광무 10년(1906) 대구부성이 헐리면서 갈 곳을 잃었다가 1932년 대구향교 경내로 옮겨졌고, 1980년 영남 제1관문을 고쳐 세우면서 현재의 자리로 옮겨왔다.<br>",,053-666-2161,,,,,,,,,없음,없음,,
소계정,42977,,,대구광역시 달성군 옥포면 옥포로57길 25-14,35.7703404672,128.4917190155,이 건물은 향리에서 후학 양성에 힘쓴 소계 청주 석 재준의 제자들이 1923년에 건립하여 선생의 호를 따서 소계정이라 하였다. 충주석씨 석 린의 11세손인 인산 석 언우의 은덕을 기리기 위하여 건립한 사당인데 서 건수가 기문을 찬하였다.<br>,,053-668-3162,,,,,,,,,없음,없음,,
도곡재,42900,,,대구광역시 달성군 하빈면 육신사길 60,35.9104871104,128.4165551022,"조선 정조 2년(1778) 대사성인 서정공 박 문현이 제택으로 건립한 건물이나, 1800년대에 와서 도곡 박 종우의 재실로 사용하면서 그의 호를 따 도곡재라 이름하였다.<br>",,053-668-3162,,,,,,,,,없음,없음,,
공항교강변공원,41521,,,대구광역시 북구 복현동,35.9012142369,128.6259646705,"금호강변 둔치를 이용해 만든 강변공원으로 우거진 풀을 따라 자연을 호흠하며 산책하기에 좋다. 저녁 밤공기를 마시면 산책하기에도 좋으며, 자전거길도 조성되어 있으므로 자전거 라이딩도 할 수 있다.<br>",,대구시청 053-803-0114,,,,,,,,,없음,없음,,
영영축성비,42064,,,대구광역시 수성구 팔현길 248(만촌동),35.8749566914,128.6580570212,"영영축성비는 영조 12년(1736) 경상도 관찰사 겸 대구 도호부사인 민응수가 임진왜란 때 허물어진 대구토성을 돌로 다시 쌓은 후 이를 기념하고자 세운 비이다. 비는 직사각형으로, 바닥돌 위에 비몸을 세운 모습이다. 비문에 의하면 성의 둘레는 2,145보(步)이며, 네 개의 문을 만들고 성을 지키기 위한 군량, 전포 등을 갖춘 창고를 두었다. 석성의 공사기간은 6개월이며, 동원된 인원은 78,534명에 달한다. 성이 완성된 뒤에는 여러 장사들을 모아 활쏘기대회를 열어 상을 주었다 한다. 민응수가 비문을 짓고, 백상휘가 글씨를 썼으며 경상도 관찰사였던 민응수가 나라에 건의하여 영조 13년(1737) 대구 남문 밖 관덕정 터에 세워두었다. 그러나 광무 10년(1906) 대구 군수 박중양이 대구 읍성을 헐면서 달성 군청 부근으로 옮겨졌으며, 1932년 대구향교로 이전하여 보존되다가 1980년 지금의 자리로 옮겨 놓았다.<br>",,053-666-4923,,,,,,,,,없음,없음,,
이공제비 및 군수이후범선영세불망비,42159,,,대구광역시 수성구 신천동로 117(상동),35.8356129735,128.6067181933,"한 채의 비각 안에 나란히 서 있는 3기의 비로 왼쪽에 있는 이공제비는 대구판관을 지낸 이서 선생의 치적을 기리기 위해 대구 주민들이 세운 송덕비(頌德碑)이다. 당시 대구는 하천이 중심부로 흘러 홍수 때마다 피해가 극심하였다. 조선 정조 즉위년(1776) 대구판관으로 부임해온 이서 선생은 주민들의 피해를 염려해 정조2년(1778) 자신의 재산을 털어 10여리에 걸쳐 제방을 쌓아 물길을 돌려 홍수의 피해를 막았다. 홍수의 피해에서 벗어난 주민들은 물길을 돌려 새로 만든 냇물을 ‘신천 ’이라 부르고, 제방의 명칭도 ‘이공제 ’라 한 후 정조 21년(1797)에 이공제비를 세우고 매년 1월 14일에  그를 기리고자 향사를 올렸다. 중앙의 비는 1986년  신천대로 공사 때 수성교 서쪽 제방에 있던 것으로 여러 차례 장소를 옮겼다가 이곳에 자리를 잡았다.<br /><br />1808년(순조 8)에 세운 것으로, 이공제비가 초라해 이서 선생의 업적을 영구히 기리고자 다시 비를 세운다고 적혀 있다. 오른쪽에 서 있는 ‘군수이후범선영세불망비 ’는 광무 3년(1899)에 세운 비로, 고종 때 대구수령으로 있던 이범선의 공적을 기리고 있다. 1898년 큰 홍수가 일어나 이공제의 하류부분이 훼손되어 대구읍성이 위험하게 되자, 이범선이 주민 부담없이 국고로 수천금의 비용을 들여  빠른 기간에 보수공사를 완성하여 주민들의 근심을 덜어주었다. 이에 보답하고자  이곳 주민들이 비를 세워 이공제비와 함께 보호하고 있다.3기 모두 대구지방 수령을 지냈던 이들의 업적을 기리고자 주민들이 나서서 세운 것으로, 이들이 오늘날의 대구를 이루게 한 사람들이라는데 큰 의의를 지닌다.<br>",,031-228-4416,,,,,,,,,없음,없음,,
대구 고모령비,41179,,,대구광역시 동구 효목동,35.8773591657,128.6563571036,"지금은 경부선 때문에 산은 잘렸고 망우공원에서 파크호텔 팔현부락을 거쳐 고모역으로 이어지는 옛 고갯길이 이어져 있다. 이 곳에 가면 '비내리는 고모령'의 노래비가 있으며, 노래비 뒤면에는 노래비를 세운 사연이 적혀있다.<br /><br />* 고모령에 얽힌 전설 *<br /><br />옛날 고모령에는 남편 없이 어린 남매를 키우는 홀어머니가 있었다. 하루는 스님 한 분이 와서 ""이 집은 전생에 덕을 쌓지 않았기 때문에 지금 가난하다""라고 하여 어머니와 어린남매는 덕을 쌓기 위해 흙으로 산을 쌓게 되었는데, 그 산은 현재의 모봉, 형봉, 제봉 이라는 3개의 산봉우리가 되었다. 동생과 형이 서로 높이 쌓고자 시샘을 하여 싸우는 것을 보고 어머니는 크게 실망하여 자식들을 잘못 키웠다는 죄스러움으로 집을 나와 버렸다. 집을 나와 하염없이 걷던 길이 지금의 고모령이며, 정상에 와서 집을 향해 뒤돌아 봤는데 그 이름이 뒤돌아 볼 고(顧) 어미 모(母)를 합쳐 고모라는 마을 이름도 이 곳에서 나왔다고 한다.<br>",,053-666-4922,,,,,,,,,없음,없음,,
연암서당골,41533,,,대구광역시 북구 연암로 180(산격동) 3층 302호,0,0,"연암서당골은 제비바위와 연관된 연암산과 구암서원, 체화당, 산격제일교회 등 많은 문화유산을 품고 있으며 골목길과 비탈길, 골목시장 등 정감 있는 마을로 많은 관광객과 체험객이 방문하는 새로운 관광명소로 자리 잡고 있다. 이들에게 기념이 되고 새로운 희망을 전할 수 있는 관광상품을 개발하여 관광 활성화에 기여하고 있다.<br>",,010-6418-5895,,,,,,,,불가능,없음,없음,,
크라센,41550,,,대구광역시 북구 성북로5길 10(침산동) 2층,0,0,"크라센은 대구 북구8경과 북구의 향기를 테마로 체험상품과 기념품을 제작한다. 북구8경의 빛(풍광, 야경, 석양, 일몰, 별빛, 노색들, 푸른강)을 경험할 수 있는 상품과 향기카드에 스토리텔링을 추가하여 관광지에 대한 해설을 가미한다.<br>",,010-9543-0210,,,,,,,,불가능,없음,없음,,
팔레트,41424,,,대구광역시 북구 동암로38길 9-35(구암동) 1층,0,0,"팔레트는 대구 북구 8경의 아름다운 경관을 알리며 기억시키는 역할을 위해 공방 청년들이 모인 곳이다. 여러 가지 색을 담은 팔레트처럼 대구 북구 8경의 경관을 여러 방면으로 활용한 디자인 굿즈 및 취미 키트를 개발 및 제공한다. 또한, 체험 공방 운영으로 지역 주민 및 관광객이 참여할 수 있는 즐거움을 제공한다.<br>",,010-2993-2192,,,,,,,,불가능,없음,없음,,
팔거산성,41481,,,대구광역시 북구 노곡동,35.9253937747,128.5687301521,"팔거산성은 일명 독모성(獨母城)이라 기록(記錄)되기도 하며, 가산산성 (架山山城)이 구축되기 전까지는 대구 북방의 군사적 요충지였다. 대구광역시 북쪽 팔공산의 지맥 끝자락에 위치한 산성으로, 성안에 평지와 계곡을 품고 산꼭대기를 둘러 쌓았다. 산의 생김새가 함지를 엎어놓은 것과 비슷하여, 이 산을 함지산 또는 방티산이라 부르기도 한다. 해발 300m가 넘는 가파른 경사를 이용하여 흙과 잡석을 섞어 쌓았다. 산성의 서쪽 기슭 아래에 4∼5세기경에 만들어진 무덤들이 흩어져 있는 것으로 보아, 팔거산성 역시 이 무덤을 쌓은 세력 집단에 의해 만들어진 것으로 짐작된다.",,053-665-2171,,,,,,,,,없음,없음,,
석조부도,41566,,,대구광역시 북구 대학로 80,35.8887070963,128.6138771954,"* 대구 산격동 연화 운룡장식 승탑 *<br /><br /> 높이 274㎝, 지대석 너비157㎝ 석조부도는 승려의 사리를 모셔 놓은 곳으로, 사리탑이라 부르기도 한다. 경북대학교 야외박물관에 세워져 있는 이 부도는 대구시에 거주하던 일본인 소창무지조(小創武之助)의 사택에 있던 것을 현 위치로 옮겼 놓았으며, 원래의 위치나 주인공에&nbsp;대해서는 알려지지 않고 있다. 사리를 넣어두는 탑신(塔身)을 중심으로, 아래에는 이를 받쳐주는 기단부(基壇部)를 두고, 위로는 머리장식을 얹었다. 지대석(地臺石)위에 하대(下臺),중대(中 臺),상대(上臺)가 있으며 하대석(下臺石)과 중대석(中臺石)에서 고려시대의 특색이 가장 잘 나타나 있다. 기단의 하대석은 4각이며 각 면에는 엎어놓은 연꽃무늬가 조각되어 있다. 중대석은 동그스름한 8각으로, 표면 전체에 구름이 새겨져 있으며, 앞·뒤·좌·우에는 용 네 마리가 도드라지게 조각되어 있다. 각이 선명하고 강인함이 느껴지는데, 여기에서도 고려시대의 기상이 묻어나온다. 탑신은 8각의 몸돌 모서리에 기둥 모양을 본떠 새겼다. 앞·뒷면에는 문짝 모양을 조각하였으며, 그 좌우에는 불법을 지켜주는 4천왕(四天王)을 새겨 놓았다. 상대석 역시 8각이며, 꼭대기에서 가파른 경사를 보이다가 밑에서 넓게 퍼져 있다. 낙수면의 각 모서리선은 뚜렷하며 여덟 곳의 귀퉁이에서 살짝 들려 있다. 전체적으로 8각의 양식을 잘 따르면서도 고려시대의 특징이 잘 나타나 있다. 곳곳에서 여주의 고달사지부도(국보)를 떠올리게 하지만 조각수법이 다소 뒤떨어져 있으며, 고려 전기에 만들어졌을 것으로 보인다. 탑신의 윗부분이 조금은 움츠러든 감이 있으나, 중대석에 새겨진 구름과 용무늬는 기단부의 웅장함을 돋보이게 한다.<br /><br />* 대구 산격동 사자 주악장식 승탑 *<br /><br /> 보물. 역시 경북대학교 야외박물관에 보존되고 있으며, 대구시내에 거주하던 일본인 소창무지조(小創武之助)의 집에 있던 것을 1958년 현재의 위치로 옮겼는데, 원소재지는 알 수 없고 누구의 부도인지도 알 수 없다. 전체적으로 8각의 평면을 기본으로 삼아 각 부분을 이루고 있으며, 3단으로 이루어진 기단(基壇) 위에 탑신(塔身)을 올리고 지붕돌을 얹은 형태이다. 기단(基壇)·탑신(塔身)·옥개(屋蓋)·상륜(相輪)이 팔각원당형(八角圓堂型)의 형식을 따른 고려시대의 전형적인 부도이다. 네모진 바닥돌 위에 올려진 기단은 하대(下臺),중대(中 臺),상대(上臺)로 나뉘어지는데, 하대석 옆면에는 사자를 새겨 놓았고, 윗면에는 구름을 입체적으로 조각하였다. 중대석은 모서리를 죽이고 각 면마다 악기를 연주하는 모습을 새겼다. 상대석은 가운데 띠를 돌리고 아래·윗면에 소박하면서도 큼직한 연꽃을 조각하였다. 사리를 모셔놓은 탑신은 낮은 편이며, 모서리에는 기둥 모양을 새기고 앞·뒷면에는 자물쇠가 달린 문짝 모양을, 나머지 면에는 사천왕상(四天王像)과 보살상을 조각하였다. 넓은 지붕돌은 밑면에 향로와 비천상(飛天像)을 아름답게 새겼으며, 처마부분은 목조건축의 지붕양식을 따라 2중의 서까래를 촘촘히 본뜬 조각이 있다. 윗면에는 연꽃이 둘러져 있으며 그 위의 4면에는 불교의 낙원에 산다는 새인 가릉빈가(迦陵頻伽)를 조각한 노반(露盤:머리장식받침)이 올려져 있어 웅장함을 더해준다. 이 부도는 지붕돌 일부가 깨지고 온전한 상태로 남아 있지는 않지만, 위아래의 비례가 잘 맞아 아름다운 작품이다. 각 부분의 조각이 웅장하고 뛰어나며, 고려시대의 특징이 잘 나타나고 있다.<br>",,053-665-4326,,,,,,,,있음,없음,없음,,
도남지,41408,,,대구광역시 북구 도남동,35.9706446156,128.5911241354,"도남지는 대구시 북구 도남동의 작은 저수지이다. 루어낚시로 베스를 낚을 수 있어 민물낚시를 즐기는 사람들 사이에서 유명한 곳이다. 낚시객뿐만 아니라 주변 음식점에 들렀다가 산책 삼아 풍경을 감상하는 관광객도 많다. 도남지는 북대구 IC와 칠곡 IC에서 가까운 거리에 위치했다. 주변 관광지로는 신전 뮤지엄, 하중도 등이 있다.",,053-803-3881,,,,,,,,,없음,없음,,
동산계곡,39065,,,대구광역시 군위군 부계면 원효길,36.0420601865,128.6691846893,"팔공산의 수려한 산세와 태고의 신비를 간직한 울창한 숲, 그리고 계곡을 흐르는 수정같은 맑은 물이 조화를 이루고 있다. 예로부터 '멱바우'로 불릴 만큼 수량이 풍부하고, 20여개의 크고 작은 폭포가 계곡을 따라 펼쳐져 아름답다.
* 길이 4km, 폭 30m",,문화관광과 054-380-6915,,,,,,,,,없음,없음,,"관광코스안내:* 대구공항 - 팔공산순환도로 - 가산산성 - 삼존석굴(제2석굴암)
   동산 계곡 - 대율리(전통 마을) - 제 2석굴암 온천 관광호텔 - 인각사 - 장곡리
   휴양림 - 화산산성 - 대구<br>
 * 대구공항 - 영천 은해사 - 인각사 - 경북 능금쥬스 공장 - 대율리 전통마을 - 동산계곡 - 삼존석굴(제2석굴암)- 대구
"
팔공산자연공원(갓바위지구),41007,,,대구광역시 동구 팔공산로199길 6-1,35.9899888140,128.6961948830,"* 자연이 아름다운 곳, 팔공산자연공원(갓바위지구) *<br>팔공산은 대구광역시의 중심에서 북동 방향으로 약 20km 지점에 태백산맥이 남으로 힘차게 내딛다가 낙동강과 금호강이 만나는 곳에 우뚝 멈추어 장엄하게 솟은 산으로 해발 1192.3m의 비로봉을 중심으로 동봉(일명, 미타봉 1,155m)과 서봉(일명, 삼성봉 1,150m)이 어깨를 나란히 웅자를 겨루고 있으며 행정구역으로는 대구광역시 동구에 속하고 영천시, 경산시, 칠곡군, 등 4개 시.군을 경계로 총면적이 30.593㎢이다.<br><br>팔공산은 신라시대에는 부악(父岳), 중악(中岳) 또는 공산(公山)이라 했으며, 고려시대에는 “공산”이라고 하다가 조선시대에 들어 지금의 팔공산이라는 이름으로 불리워지고 있다. 또한 이 곳은 불교 문화의 중심지로서, 대한불교 조계종 제9교구 본사인 동화사를 비롯한 수많은 사찰이 산재해 있으며 많은 기암과 계곡이 있어 봄에는 진달래 영산홍이 피고 여름에는 울창한 숲과 맑은 물이 흐르고 가을은 아름다운 단풍거리가 순환도로를 따라 16.3km에 걸쳐 전개되어 진풍경을 연출하고 있으며, 겨울은 설경과 설화가 아름답게 조화를 이루는 곳으로, 팔공산은 연중 볼거리가 풍부하여 탐방객이 끊이지 않는 명산이다.<br><br>팔공산은 경산시의 북쪽에 위치한 해발 1192.3m의 높은 산으로 신라시대에는 중악, 부악으로 알려진 명산이다. 이곳에는 관봉석조여래좌상(갓바위), 원효사, 천성사, 불굴사 등 신라 고찰과 문화유적이 많다.<br><br>* 갓바위에 대하여 *<br>갓바위는 해발 850m의 팔공산 관봉에 병풍처럼 둘러쳐진 암벽을 배경으로 조성된 높이 4m의 거대한 원각상(圓刻像)이다. 두께 15㎝정도의 갓 모양의 자연 판석을 올려놓은 머리는 육계가 뚜렷한 소발(素髮)이며 두 손의 모양은 석굴암 등 8세기 불상에서 유행하는 항마촉지인(降魔觸地印)과 유사한데, 왼손에 작은 약호(藥葫)를 든 것으로 미루어 약사여래상(藥師如來像)으로 추정된다. 근엄한 얼굴 거대한 체구에 밀착되어 흐르는 통견(通肩)의 유려한 옷 주름선이 선각화(線刻化)되어 상현좌(裳懸座)를 이루었으나 긴장감과 탄력성이 다소 배재된 점에서 9세기의 거대한 불상군을 대표하는 걸작품의 하나로 생각되며 보물로 지정되어 있다.“지성으로 기도하면 한가지 소원을 이루어 준다”는 전설이 있어 이른 새벽부터 치성객들이 줄을 잇고 특히 입시철과 1월 1일에는 기도 및 해돋이 인파로 붐비는 곳이다.",,053-982-0005,,,,,,,,주차 가능,불가,없음,,"입산통제 기간:산불예방, 자연경관유지, 자연환경보전 및 그 밖에 산림보호를 위하여 입산통제 지정<br />
봄철 : 02.15 ∼ 05.15. <br />
가을철 : 11.01 ∼ 12.15<br />
※ 사정에 따라 연장될 수도 있음 
등산로:<strong>갓바위 코스 ① </strong>: 갓바위 집단시설지구 - 관암사 - 갓바위<br />
<strong>갓바위 코스 ② </strong>: 갓바위 집단시설지구 - 갓바위 - 인봉 - 동봉 - 동화사<br>
화장실:있음
이용가능시설:갓바위집단시설지구 
"
대구 스파밸리,42938,,,대구광역시 달성군 가창면 가창로 891,35.7881605357,128.6353392148,"스파밸리는 달성군 냉천리에 위치한 온천시설 및 사우나 시설로 2003년에 오픈했다. 스파밸리 1층에는 헬스클럽, 기념품, 판매점 등이 있고 2층 바데풀, 키즈풀, 삼합체험실, UK-Ball찜질방, 패스트푸드, 굴찜질방, 수면실 등이 있다. 4층에는 대온천탕(음양오행탕, UK-Ball사우나, 황토수면실, 노천탕, 야외워터파크 파도풀, 유수풀, 워터슬라이드(바디슬라이드, 튜브슬라이드), 수구풀, 다이빙풀, 노천탕 등이 있다.<br /><br />대구 스파밸리 온천사우나는 음양오행탕과 UK-ball 사우나가 있다. 음양오행탕은 건강에 이롭고 신체리듬을 향상시키는 여러 종류탕으로 조성되어 있다. 동양의학의 방법과 선인들의 오랜 생활속 경험에서 우러난 민간요법의 방법, 그리고 자연계에 충만해 있는 자연에너지를 이용하는 방법이 조합된 건강온천욕 시스템으로 종류로는 대나무탕, 천초탕, 향나무탕, 뽕나무탕 등이 있다. UK-ball 사우나는 기(氣)를 방출하는 초자연 신물질인 UK-ball은 음양오행의 조화롤 바탕으로 노폐물 및 독소를 제거하고 피부미용과 체형관리에 큰 효과를 주며, 또한, 혈액순환 및 신진대사 촉진에 효과적이라 상쾌한 기분으로 사우나를 즐길 수 있다.<br>",,1688-8511,,,,,,,"(시즌별 이용시간 상이, 홈페이지 참조)",있음,없음,불가,,"입 장 료:(시즌별 가격 상이, 홈페이지 참조)
화장실:있음
내국인 예약안내:온라인예매
"
용연사(대구),42977,,,대구광역시 달성군 옥포읍 용연사길 260,35.7482796084,128.5209476069,"* 적멸보궁으로 유명한 사찰, 용연사 *<br>적멸보궁으로 유명한 용연사는 비슬산의 북쪽 기슭에 자리 잡고 있다. 역사적으로는 912년(신라 신덕왕 1년)에 보양선사가 창건하였고, 임진왜란 때 소실되었다가 1603년(선조 36년)에 사명대사가 다시 재건하였다고 한다. 그 후 다시 한번 소실되어 현재는 1728년에 세운 극락전과 적멸석궁 석조계단, 안양루 등의 전각만 남아 있다. 용연사로 진입하는 진입로 양쪽에는 벚꽃길이 조성되어 있고 근처에 낚시꾼들이 많이 찾는 옥연지가 시원스럽게 펼쳐져 있다. 자운문이라는 용연사의 일주문을 지나면 바로 안양루가 나오는데 안양루의 원래 이름은 보광루라고 하나 근래에 이름이 바뀌었다고 한다. 이 안양루를 지나면 바로 극락전이다. 용연사에는 부처님의 진신사리를 모신 적멸보궁이 있어 이 극락전을 본당으로 모시고 있다. 극락전 안의 석가 삼존불은 조선후기 영조 4년 경에 조성된 것으로 추정되고 있다. 이외에 용연사에는 명부전, 사명당, 용연사 삼층석탑, 석조계단, 12기의 부도들을 찾아 볼 수 있다.<br><br>* 용연사의 역사 및 유래 *<br>914년(신라 신덕왕 3) 보양(寶壤)이 창건하였으며 그 뒤 고려시대까지의 연혁은 전해지지 않는다. 1419년(조선 세종 1) 천일(天日)이 중건하였으나 임진왜란이 일어나자 불탔고, 1603년(선조 36) 탄옥(坦玉)·경천(敬天) 등이 사명대사 유정(惟政)의 명으로 중창하였다.1621년(광해군 13) 범종각을 지었으나 1650년(효종 1) 다시 법당과 요사채 등이 모두 불에 탔다. 1653년에는 홍묵(弘默)이 대웅전을 지었고 승안(勝安)이 명부전을 건립하였다. 1655년 희감(熙鑑)과 홍묵이 함허당(含虛堂)과 관정료(灌頂寮)를 세웠고 이듬해에는 청진(淸振)이 관음전을 지었다. 1658년에는 도행(道行)이 명월당(明月堂)을, 이듬해에는 학신이 향로전(香爐殿)을, 1660년(현종 1)에는 일순(一淳)이 약사전을 차례로 건립하였다.",,053-616-8846,,연중무휴,,,,,,가능,불가,없음,,
도동서원 [유네스코 세계문화유산],43006,,,대구광역시 달성군 구지면 구지서로 726(구지면),35.7009044663,128.3719620246,"도동서원은 조선 5현(五賢)으로 문묘에 종사된 한훤당(寒暄堂) 김굉필(金宏弼)을 향사한 서원으로 1568년(원조원년) 지방유림에서 현풍 비슬산 동쪽 기슭에 세워 쌍계서원(雙溪書院)이라 불렀는데 창건 5년 뒤인 1573년(선조6)에 같은 이름으로 사액되었으며 임진왜란 때 소실되었다. 그 후 1604년(선조37)에 지방의 사림들이 지금의 자리에 사우를 중건하여 보로동 서원(甫老洞書院)이라 불렀다. 이황은 김굉필을 두고 ‘동방도학지종(東方道學之宗)’이라고 칭송했다. 1607년(선조40) 도동서원(道東書院)이라 사액하였으며, 마을 이름도 도동리라 고쳐 불렀다. 도동서원은 대원군의 서원철폐 때에도 전국 서원 중 철폐 되지 않은 전국 47개 중요서원의 하나로 사림과 후손들의 두터운 보호 하에 지금에 이르고 있다.<br>",세계 문화 유산,053-616-6407,,,,,,,,,없음,불가,,
묘골마을,42900,,,대구광역시 달성군 하빈면 육신사길 39-4,35.9091122520,128.4157940963,"묘리에는 등실등실한 골기와집이 처마를 맞대고 있다. 이곳은 사육신 박팽년의 후손인 순천박씨들의 세거지이다. 1972년 기초공사를 시작해 1981년 완공한 건물로 외삼문, 삼충각, 숭절당 등이 들어서 있다. 사육신의 행적을 기록한 육각기념비와 박일산이 창건한 태고정(보물)이 눈길을 끌고있다. 이외에도 7대손 숭고(崇古)가 1644년에 세웠다는 충효당, 8대손 중휘(重휘)가 1664년에 세웠다는 금서헌, 14대 후손 문현(文鉉)이 1778년에 세웠다는 도곡재(무형문화재) 등이 있고, 묘골입구로 나와서 오른쪽 지름길로 작은 고개를 넘으면 박팽년의 자손들이 살았던 곳이며 박경리의 소설 “토지”의 배경이 되기도 했다는 묘동 박황(妙洞 朴湟)가옥, “삼가헌”(三可軒)이 오랜 역사와 전통을 이어가고 있다. 이 집은 박팽년의 11대손 성수(聖洙)가 지은 것으로 삼가헌이란 당호는 박성수의 호를 딴 것이라 한다. 그 집에 딸린 하엽정(유형문화재)에는 여름이면 연꽃이 만발한다.",,053-668-2482,,,,,,,,,없음,없음,,
구암서원,41533,,,대구광역시 북구 연암공원로17길 20,35.8987973485,128.5991476568,"구암서원은 서 침(徐沈), 서 거정(徐居正), 서 해(徐懈), 서 성(徐성)등 달성서씨의 선조를 모시는 곳이다. 1665년 창건한 건물로 처음에는 연구산에 있었다. 1675년(숙종 1) 귀계 서 침 선생의 위패를 봉안하고 해마다 제사를 지내다가 1718년(숙종44) 동산동으로 이전하면서 사가 서 거정 선생을 합향하고 그 후 약봉 서 성 선생과 함께 서해 선생을 합향하고 그후 약봉 서 성 선생과 함제서해 선생을 추향하였다. 경내에는 강당, 숭현사, 비각, 제수청 등이 있고 강당은 정면 3칸, 측면 2칸의 팔작지붕으로 되어 있고 숭현사는 정면 3칸, 측면 2칸의 주심 포집의 맞배지붕이다. 세월이 흐르고 도시가 발전함에 따라 동산동 일대의 주변환경이 서원입지로 부적합하여 산격동 연암공원으로 이전하여 새로운 모습으로 단장하였다.",,053-959-7202,,,,,,,,,없음,없음,,
선교사챔니스주택,41931,,,대구광역시 중구 달구벌대로 2029(동산동),35.8666090647,128.5849525818,"이 집은 미국 선교사들의 건축 및 주거양식과 그들의 생활양식을 엿볼 수 있는 주택이며 대구 개신교 선교사와 당시의 건축상황을 살펴볼 수 있는 중요한 건축 유적물이다. 또한, 같은시기 미국의 방가로 풍에 준하는 비교적 순수한 양식의 주택으로서 흔치 않은 중요 문화재로 당시의 모습을 그대로 지니고 있다.<br>",,053-661-2193,,,,,,,,,없음,없음,,
독무재,42063,,,대구광역시 수성구 화랑로42길 31(만촌동),35.8775173365,128.6485411211,"독무재(獨茂齋)는 벼슬도 마다하고 향리(鄕里)에 은거하며 후진 양성에 전념한 하시찬(夏時贊, 1750~1828)을 추모하기 위해 그의 문인(門人)과 유림(儒林)들이 힘을 모아 19세기 중엽 건립한 건물이다. 하시찬 선생은 조선 영조 26년(1750)에 대구시 수성구에서 태어났으며 예학에 밝아 책을 저술하기도 하였다. 그는 지금의 독무재가 있는 곳에서 서쪽으로 50m 떨어진 독무암루에서 살았으며, 순조 28년(1828)에 돌아가셨는데 명성이 높아 제자들이 끊이지 않았다고 한다. 독무재 안은 재실인 독무재가 있고 그 왼쪽 뒤로는 별도의 담장을 두고 사당인 경덕사가 자리잡고 있다. 원래 동구 효목동 경북주유소 부근 경부선 철로 변에 있었으나 대구시 3차 우회도로가 개설되면서 1968년 4월에 지금의 자리로 이건(移建)되었다. 이건 시 독무재 서쪽에 경덕사(景德祠)와 장판각을 새로 지었다. 장판각에는 『팔례절요(八禮節要)』와 『열암문집(悅菴文集)』 판각을 보관하고 있고, 경덕사에서는 매년 3월 상정일(上丁日 : 매월 첫째 丁日)에 각지의 유림들이 모여 춘향(春享)을 지내고 있다.
<br>",,053-666-4927,,,춘계향사,,,,,,없음,없음,,
들안길먹거리타운,42162,,,대구광역시 수성구 들안로 109-1(상동) 일대,35.8397099110,128.6163950052,"90년대에 자동차의 갑작스런 증가로 주차 난에 부딪힌 대구의 식당업체들이 넓고 땅값이 싼 들안길 일대로 자리를 옮겨온 것이 시초가 되었다. 수준 높은 요리와 독특한 인테리어, 넓은 주차장을 갖춘 식당 150여개가 들안길을 중심으로 대로변에 즐비하게 늘어서 있다. 한식, 양식, 일식 등 다양한 메뉴와 쾌적한 시설로 손님을 끌어들이고 있다.",,대구관광정보센터 053-627-1337,,,,,,,,,없음,없음,,
달성(현풍)사직단,42988,,,대구광역시 달성군 현풍면 상리,35.6979145842,128.4513134543,"사직제는 「삼국사기, 고려사, 신동국여지승람」등의 문헌에서 고증된 것으로 민족과 종파를 초월한 총화 국난극복의 의지를 표현한다. 자연신에 대한 국가적 제의의 유일한 원본으로 조상의 민족고유 전통 제례의식을 전승 보전하는데 매우 중요한 정신문화유산이다. 군민의 안녕과 풍년을 위해 토신과 곡신에게 제사를 올리는 사직단은 민선자치 시대를 맞이하여 95년 7월부터 96년 9월말까지 사직단 2기, 홍삼문, 담장 등을 복원하였다.<br>",,053-611-0010,,,,,,,,,없음,없음,,
환성정,41477,,,대구광역시 북구 호국로51길 45-17,35.9250303832,128.5934474273,"1582년에 지어진 환성정은 임진왜란때 대구지방에서 의병장으로 활약한 태암(苔岩) 이주선생의 충절을 기리기 위해 건립됐다. 환성정은 정면 3간, 측면 2간, 홑처마 굽도리집으로 건축 양식도 독특하다. 태암선생은 인천 이씨로 이문화 선생의 8대손이다. 태암선생은 과거와 벼슬에 뜻을 두지않고 일찍이 학문에만 전념하였다. 그러던중 임진왜란이 일어났다. 태암선생은 서낙재등과 대구 지방에서 의병으로 활약하며 나라에 큰 공을 세웠다. 전쟁이 끝나자 태암선생은 또다시 산림에 자취를 감추고 북구 서변동 지금의 자리에 환성정을 짓고 도(道)를 강론하며 후학을 양성했다. 환성정이라는 현판은 대원군(大院君)이 친필로 하사한 것으로 유명하다. 태암선생은 호연지기가 커 후학들의 추앙을 받았다. 그가 남긴 시에서 이런 그런 호연지기를 느낄 수 있다. 지인흉해무번랑(至人胸海無飜浪), 달사영대불기진(達士靈臺不起塵)-지인의 바다같이 넓은 도량에는 풍랑이 일지 아니하고 달사의 영옥같이 맑은 정신에는 잡념이 일지 아니한다.<br>",,053-665-4326,,,,,,,,,없음,없음,,
문창공영당,41017,,,대구광역시 동구 도평로38길 51(도동),35.9152522270,128.6633109876,"불로동에서 동쪽으로 난 길을 따라 1km정도 가게 되면 경부고속도로를 만나게 된다. 이 고속도로의 밑을 지나 우측으로 약 500m정도 가면 천연기념물인 달성의 측백수림이 울창한 숲을 이룬 향산의 남쪽 사면에 문창공영당이 남향으로 자리하고 있다. 이 건물은 최치원 선생의 영정을 모시기 위하여 1912년에 그의 후손들이 세웠으나 그들의 시조가 남긴 위업을 후손에 전하는 목적외에도 이름난 선현의 영정을 모심으로써 국권침탈 등으로 인하여 망국의 한을 씹고 있던 백성들에게 민족정기를 되살리기 위해 세웠다 한다. 건물은 장방형으로 둘러쌓인 담장안에 있다.<br /><br />정면 3칸, 측면 1칸의 규모로 겹처마에 맞배지붕으로 중앙칸의 박공이 좌우 양쪽보다 한단 높게 되어 있다. 구조는 3량가로 낮은 기단위에 원주형 높은 초석을 놓고 원기둥을 세운 익공계이며, 건물 전면에는 각 칸마다 두짝의 여닫이 골판문이 달려 있다. 영당앞에는 출입을 위한 정면 3칸의 솟을외삼문이 있다. 삼문의 각칸에는 두짝의 대문을 달고 거기에 태극모양을 그려 놓고 있어 건물을 짓게 된 경위를 잘 보여준다 하겠다. <br>",,053-662-2362,,,,,,,,,없음,없음,,
충효당,42900,,,대구광역시 달성군 하빈면 육신사길 42,35.9090900422,128.4163329382,"이 충효당은 조선 인조 22년(1644) 박 숭고가 별당으로 건립한 것이다. 그 후 충효당으로 고쳐서 청년에게는 충과 효를 지도하고 예와 악, 활쏘기, 말몰기 등을 실습시키며, 부녀자에는 가정 법도를 가르쳤다고 한다. 전면에는 많은 현액들이 걸려 있어 서쪽으로부터「육경근저」「금초우」「소요각」「백여일루」등을 각 방의 명칭으로 삼았다.<br>",,053-668-3162,,,,,,,,,없음,없음,,
군위 불로리 마애보살입상,39028,,,대구광역시 군위군 효령면,36.1659667174,128.5816667050,"이 마애보살상은 지면에서 약 7km높이의 암벽에 조각된 높이 2.4km의 입상으로 고려말에서 조선 초기에  조성된 것으로 추정된다. 보살상의 형식은 머리에는  나발을 쓰고 형상은 턱을 넓게한 방형이고 보주를 박기 위한 운공을 뚫었고 목에는 삼도를 새겼다. 법의는 통견으로 하였고 발끝은 팔자 모양으로 좌우로 향하도록 하였다. 조각양식은 정면관으로 위아래의 조각기법이 같지 않으며 흉부 위쪽은 반입체적으로 반원각하고, 아래쪽은 얕게 부각하거나 선각함으로 회화적 표현을 가미하였으며 전체적으로 큰 편이다.<br /><br />이것은 전설에 얽힌 것으로 조선 선조때 홍판교의 손자  장사람 응경은 대대로 큰 부자라 하루 위천을 건너온 손님이 백명이 넘어 손님접대 하기에 여념이 없었다. 그러나 안여자는 너무 많은 손님 접대가 귀찮아 인각사의 시주하러 온 도승에게 시주는 원하는데로 줄테니 손님을 줄이는 방법을 알려달라고 했다. 그리하여 스님의 말대로 박타산 지류 절벽암반에 미륵불상을 조각했더니 그때부터  차차 가산이 기울더니 망했다고 한다. 이곳에 살던 남양홍씨는 한사람씩 이곳을 떠나 불상반대방향인 영천, 의성 등지로 이사했다고 한다. 현재도 이곳에 치성을 다하여 기도하면 영험이 있다하여 많은 사람이 이 불암을 보호하고 있다.<br>",,054-380-6916,,,,,,,,,없음,없음,,
이양서원,43006,,,대구광역시 달성군 현풍면 삼강3길 23,35.6657982324,128.4218947006,"1707년(숙종33)에 지방 유림의 공의로 곽안방(郭安邦), 곽지운(郭之雲), 곽규(郭赳), 곽황(郭趪)의 학문과 덕행을 추모하기 위하여 창건하여 위패를 모셨다. 선현 배향과 지방 교육의 일익을 담당하여 오던중 1868년(고종5) 대원군의 서원철폐령으로 훼철되었던 것을 1954년에는 사당을, 1982년에는 동·서재를 건립하였다. 이 서원에서는 해마다 음력 2월과 8월에 제사를 지내고 있다.<br>",,053-668-3162,,,춘계향사(제사 및 의식),,,,,,없음,없음,,
현풍곽씨십이정려각,43006,,,대구광역시 달성군 현풍면 지동길 3,35.6666982686,128.4294384571,"1995년 5월 12일 대구광역시문화재자료로 지정된 현풍곽씨십이정려각은 조선 중기 영조 때 세운 정려각이다. 선조 31년(1598년)부터 영조 때까지 곽씨 일문(郭氏一門)에 포상된 12정려(十二旌閭)를 한 곳에 모은 것으로, 건물은 앞면 12칸·옆면 2칸 규모로, 지붕은 옆면에서 볼 때 여덟 팔자 모양인 팔작지붕이며, 지붕 처마를 받치기 위해 장식하여 만든 공포는 기둥 위에만 있는 주심포 양식으로 꾸몄다. &nbsp;내부에는 2기의 비석과 12개의 현판이 있으며, 6·25전쟁으로 건물 일부와 비석 1구가 완전히 파괴되었으나, 1963년에 모두 중수하였으나, 건물과 현판은 최근 것이나, 12정려각은 한 마을에서 곽씨 일문에 12정려가 나온 그 유례가 흔치 않은 것으로 중요한 유산이라 할 수 있다.조선시대에는 임금과 신하, 아버지와 자식, 남편과 아내 사이에 마땅히 지켜야 할 도리를 잘 지키면 국가에서 포상하고 정려하였다.<br /><br />[중요 행적]<br />① 임진왜란 때 안음현감(安陰縣監) 곽준이 황석산성(黃石山城)에서 두 아들과 같이 전사하자 며느리와 출가한 딸이 남편을 따라 자결하였다. 이에 선조가 정려하였다.<br />② 곽재우의 사촌동생인 곽재훈(郭再勳)의 아들 4형제가 임진왜란 때 왜적으로부터 병환 중인 부친을 구하기 위하여 목숨을 내놓아 선조가 이를 정려하였다.<br />③ 곽재기(郭再祺)의 부인 광주이씨(廣州李氏)는 임진왜란 때 왜병을 만나자 순결을 지키기 위해 강으로 투신 자살하여 선조가 정려하였다.<br />④ 곽홍원(郭弘垣)의 부인 밀양박씨(密陽朴氏)는 강도가 들어와 남편을 해치려 하자 대신 죽음으로 현종(顯宗)이 정려하였다.<br>⑤ 곽수영의 부인 안동권씨(安東權氏)는 결혼 후 1년도 못되어 남편이 병으로 위독하게 되자 대신 죽기를 주야로 기원했으나 소원을 이루지 못하고 남편을 잃게 되자 식음을 전폐하여 따라 죽게 되니 현종의 정려 등이 있다.<br>",,053-668-2481,,,,,,,,,없음,없음,,
홍의장군 곽망우당 묘소,43011,,,대구광역시 달성군 구지면 대암리,35.6292714907,128.4046972118,"곽재우 장군(1552~1617)은 경남 의령군 유곡면에서 태어났으며, 자는 계수(季綬)이고, 호는 망우당(忘憂堂)이다. 장군은 1592년 임진왜란이 일어나서 관군(官軍)이 대패하자 의병을 일으켜 관군을 대신하여 싸웠다. 그는 스스로 천강홍의장군(天降紅衣將軍)이라 하여 붉은 비단으로 군복을 지어입고 백마에 높이 앉아, 아군과 적군에게 위엄을 보이고 위장전술로 적을 공격하여 크게 승리하였다. 장군이 이끄는 의병은 왜군의 진로를 차단하여 그들이 계획한 호남진출을 막는 등 많은 공을 세웠다. 장군은 그 후 성주목사, 경상좌도 방어사 등의 벼슬을 지냈으나, 더 이상 다른 벼슬은 나아가지 않았다. 그는 광해군 9년(1617년) 4월 10일에 창녕군 길곡면 창암리에서 66세로 생애를 마쳤고, 숙종 35년(1709년) 병조판서 겸 지의금부사에 추중되었다.<br>",,053-668-3162,,연중무휴,,,,,,주차 가능,없음,없음,,"입 장 료:없음
"
사효자굴,42990,,,대구광역시 달성군 유가읍 양리,35.7026369437,128.4880323157,"사효굴이라고도 불리는 사효자굴은 임진왜란 당시 의병장 곽재우의 4촌동생인 재훈(再勳)의 네 아들 결, 청, 형, 호는 왜병을 피해 병든 아버지를 모시고 비슬산 중턱(양리)에 있는 동굴에 숨었다. 왜병들이 굴 앞을 지날 때 아버지의 기침소리로 굴에 사람이 있음을 알고 해치려하자 효성이 지극한 아들들이 차례로 나아가 죽음을 당하였다. 마침내 왜병들도 그들의 효행에 감동하여 아버지를 풀어주면서 ‘4효자의 아버지(四孝子之父)’라고 칭송하며, 그 왜병들은 물론 다른 외병들도 그 아버지는 죽이지 않도록 하였다고 한다. 그 뒤 마을사람들이 굴 앞에 ‘사효자굴’이라고 쓴 비석을 세워 이들의 효성을 추모하였다. 사효자굴이 있는 양리 입구에 있는 천하대장군과 지하여장군은 다른 지역의 장승과는 달리 환하게 웃고 있다.<br>",,053-668-3162,,연중무휴,,,,,,,없음,없음,,
낙빈서원,42900,,,대구광역시 달성군 하빈면 묘동4길 21,35.9079762085,128.4124555331,"1679년(숙종 5)에 정구(鄭逑)와 장현광(張顯光) 등을 중심으로 한 지방유림의 공의로, 박팽년(朴彭年)·성삼문(成三問)·이개(李塏)·유성원(柳誠源)·하위지(河緯地)·유응부(兪應孚) 등 사육신의 절의를 추모하기 위해 사우를 창건하여 위패를 모셨다. 1694년(숙종 20)에 ‘낙빈’이라고 사액되어 사액서원으로 승격되었으며, 선현배향과 지방교육의 일익을 담당하였다. 흥선대원군의 서원철폐령으로 1869년(고종 6)에 훼철되었다가 1982년 지방유림에 의하여 복원되었다. 경내의 건물로는 5칸의 숭절당(崇節堂)과 태고정(太古亭) 등이 있다. 묘우(廟宇)인 숭절당에는 사육신의 위패가 봉안되어 있으며, 태고정은 강당 겸 재사(齋舍)로 사용하고 있다. 태고정은 중앙의 마루와 양쪽 협실로 되어 있는데, 원내의 여러 행사와 유림의 회합 및 학문의 토론 장소로 사용된다. 또한 사육신의 사적비가 그곳에 있으며, 별실에는 고자(庫子)가 기거하고 있다. 이 서원에서는 해마다 봄·가을에 향사를 지내왔으나 복원된 뒤부터는 8월 중정에만 향사를 지내고 있으며, 제품(祭品)은 4변(籩) 4두(豆)이다. 유물은 6·25사변 때 대부분 소실되었으며, 초서로 쓴 『천자문』과 서원기록문서가 남아 있을 뿐이다.",,053-668-3162,,,,,,,,,없음,없음,,
이강서원,42906,,,대구광역시 달성군 다사읍 이천리 277,35.8867017569,128.4623739404,"1639년(인조17)에 창건하였으며 19세기 중엽에 중건하였다. 산기슭 경사진 곳에 남향으로 세워져 있으며 경내에는 강당인 완락당(琓樂堂), 동경재, 서의재, 이락루(二樂樓) 등이 있다. 이 가운데 완락당은 전면 4칸, 측면 1칸 규모의 맞배지붕으로 되어 있고 그 앞에 있는 이락루는 3칸으로 이루어진 건물이다. 서사원은 본관 달성, 자는 행보이다. 대학자 정구(鄭逑) 문하에서 글을 배웠으며 여헌, 장현광, 정경세 등과 교류하였다. 감역(監役), 청안현감(淸安縣監)을 지냈으며 임진왜란 때는 의병을 일으켜 팔공산 전투에서 공을 세웠다.<br>",,053-668-3162,,,"향사례(享祀禮)(분정례(分定禮), 진설(陳設), 향사례(享祀禮)[초헌례(初獻禮), 아헌례(亞獻禮), 종헌례(終獻禮), 음복례(飮福禮), 망예(望瘞)], 음복개좌(飮福開座) 등)",,,,,,없음,없음,,
용호서원,42923,,,대구광역시 달성군 다사읍 서재본4길 18-27,35.8746898020,128.4936159625,"1704년(숙종 30) 세덕사(世德祠)로 건립되었다가 1708년에 용호서원으로 승격되었다. 1868년(고종 5) 흥선대원군의 서원철폐령 이후에는 용호서당(龍湖書堂)으로 이름을 바꾸어 사용되었다. 건물은 전면 5칸, 측면 1칸 반 규모의 팔작지붕이다. 서원 입구에는 용호서원 유적비(遺蹟碑)가 있는데, 이 비에는 서원에 대한 내력과 도성유, 도여유, 도신수의 행적이 기록되어 있다.<br>",,053-668-3162,,,"향사례(享祀禮)(분정례(分定禮), 진설(陳設), 향사례(享祀禮)[초헌례(初獻禮), 아헌례(亞獻禮), 종헌례(終獻禮), 음복례(飮福禮), 망예(望瘞)], 음복개좌(飮福開座) 등)",,,,,,없음,없음,,
옹기종기행복마을,41142,,,대구광역시 동구 입석동,35.8910435489,128.6466797967,"대구 동구 동촌로 3길 일원에 회색빛이던 마을 집들이 다양한 벽화를 조성해 기존의 어두운 분위기에서 새롭게 변화되었다. 1970년대 새마을사업으로 형성된 이곳은 주변에 대구선 철길이 마을 중간을 가로지르고, K2비행장이 바로 옆에 있어 소음피해가 극심한 곳으로 점점 슬럼화 돼 가고 있었다. 이에 동구청에서는 2008년 대구선이 폐쇄되자 철길을 걷어내고 마을 구석구석에 기찻길 산책로와 텃밭, 작은 쉼터를 조성하였다. 거리마다 다양한 색상으로 칠해져 있으며, 벽 앞과 골목길마다 많은 화분이 놓여 있는 게 특징이다. 착시효과를 주는 그림들을 많이 그려 놓아 사진 찍는 재미를 주었다. 실제로 철길이 있던 자리에 철길 그림을 그려놓아 실제인 듯한 착각을 일으키기도 한다.",,대구관광정보센터 053-627-1337,,연중무휴,,,,,,,불가,가능,,"화장실:없음
"
남산동 가톨릭타운(대구),41969,,,대구광역시 중구 남산로4길 112(남산동),35.8598737703,128.5878969540,"100여 년 역사를 간직한 대구 남산동 가톨릭타운은 대구 천주교의 발상지로 대구가톨릭대학교 유스티노캠퍼스, 천주교대구대교구청, 성직자묘역, 성모당(유형문화재 제29호), 계산동성당(사적 제290호), 샬트르 성 바오로 수녀회 등이 모여 있다. 울창한 숲 사이사이로 보이는 프랑스풍의 붉은 벽돌 건축물들이 이국적인 정취를 자아내는 가톨릭타운엔 순례자를 비롯하여 관광객들의 발길이 끊이지 않는다. 특히 1918년 프랑스 루르드 성모동굴을 본뜬 성모당 앞엔 기도를 드리는 사람들로 늘 북적인다.<br>",,053-250-3000,,,,,,,,,없음,없음,,
의흥향교,39049,,,대구광역시 군위군 의흥면 읍내길 89-5,36.1735767607,128.7199542656,"조선 인종 때에 현유(賢儒)의 위패를 봉안, 배향하고 지방민의 교육과 교화를 위하여 창건되었다. 임진왜란 때 건물은 모두 소실되었으나 이곳 유림 손돈암(孫遯巖)이 위패를 선암산(船巖山)으로 피난시켜 병화를 면하였으며, 이로써 경상도에서 오직 이 향교만이 당초 그대로의 위패를 보존하고 있다. 1601년(선조 34)에 중건하고 1614년(광해군 6)에 읍 서편으로 이건하였다가 1641년(인조 19)에 현재의 위치로 이건하였다. 1950년 6·25사변으로 삼성재(三省齋)·노사(奴舍) 등이 소실되었으며, 1968년에 광풍루(光風樓)를 중수하였다. 현존하는 건물로는 정면 3칸, 측면 3칸의 대성전, 정면 4칸, 측면 2칸의 광풍루, 4칸의 사물재(四勿齋), 신문(神門) 등이 있다. 대성전에는 5성(五聖), 송조4현(宋朝四賢), 우리나라 18현(十八賢)의 위패를 봉안하고 있다. 조선시대에는 국가로부터 토지와 전적·노비 등을 지급받아 교관 1명이 정원 30명의 교생을 가르쳤으나, 갑오개혁 이후 신학제 실시에 따라 교육적 기능은 없어지고 봄·가을에 석전(釋奠)을 봉행(奉行)하며 초하루·보름에 분향을 하고 있다. 이 향교의 대성전은 경상북도 유형문화재로 지정되어 있으며, 운영은 전교(典校) 1명과 장의(掌議) 수명이 담당하고 있다.<br>",,054-380-6063,,,"충효교실(인성예절교육)<br />
기로연(유림 원로 잔치)<br />
견학(문화체험)",,,,,,없음,없음,,
고산서당,42264,,,대구광역시 수성구 성동로37길 39-3,35.8526436717,128.7186911959,"고산서당(孤山書堂)은 조선 명종 때에 지방 유생들과 윤희렴(尹希廉)이 재실을 짓고 이황에게 재호(齋號)를 청하여 재(齋)는 고산(孤山)으로, 문(門)은 구도(求道)라고 한 친필을 받았다. 당시 구도라고 쓴 편액은 지금도 남아 있다. 사당은 임진왜란 때 소실되어 1605년(선조 38)에 중건하였다. 1607년(선조 40) 정경세가 대구부사로 있을 때 강회를 열었는데, 이때 당(唐)의 도독(都督) 이성삼(李省三)도 수강하였다고 한다. 1690년(숙종 16)에 서원을 창건하여 고산(孤山)이라는 원호(院號)를 사용하고, 이황과 정경세를 배향하였다. 1734년(영조 10)에 강당과 동재 및 서재를 건축하였다. 1789년(정조 13)에는 문루를 세우고 연안인(延安人) 김재구(金載久)가 기문(記文)을 택하였다. 1822년(순조 22)에는 위패를 잃어버려 개조하여 봉안하였다. 1868년(고종 5) 흥선대원군의 서원철폐령으로 훼철된 이후 1879년(고종 16)에 지방 유림들을 중심으로 강학계를 조직하여 옛터에 강당만 다시 중건하여 고산서당이라 편액하였으며 1964년에 중수하였다.<br>",,053-666-2171,,,,,,,,,없음,없음,,
구천서원(대구),41438,,,대구광역시 북구 구암로21길 41,35.9361894770,128.5526340486,"1701년(숙종 27) 지방유림의 공의로 박맹지(朴孟智)·양관(梁灌)·표연말(表沿沫)·강한(姜漢)·양희(梁喜)·하맹보(河孟寶)의 학문과 덕행을 추모하기 위해 창건하여 위패를 모셨다. 선현배향과 지방교육의 일익을 담당하여오던 중, 대원군의 서원철폐령으로 1869년(고종 6) 훼철되었다. 그뒤 후손들이 불망계(不忘契)를 조직, 구천재와 유허비를 세워 헌례(獻禮)를 올려오다가, 1983년 복원하고 양홍주(梁弘澍)를 추가 배향하여 지금에 이르고 있다.<br>",,053-665-4326,,,,,,,,,없음,없음,,
낙동서원,42804,,,대구광역시 달서구 송현로7길 32,35.8200052792,128.5454684646,"낙동서원 (洛東書院)은 본래 이 인근에는 우배선(禹拜善)을 제향하기 위하여 1708년(숙종34)에 건립되었던 덕동서원이 있었는데 대원군의 서원 철폐령으로 훼철된 후 건물도 없어졌다. 현재 낙동서원은 최근 1965년 단양우씨 판서공과 종인의 협조와 17대손인 종식, 종묵 형제가 상인동 885번지에 사비로 건립하여 향내 유림에 헌납한 것이다. 이 서원에는 임진왜란 당시 의병장으로 크게 활약하였던 우배선과 우탁(禹倬), 신현(申賢), 우길생(禹吉生), 우현보(禹玄寶) 5분을 모시고 향사를 매년 음력 3월에 봉행하고 있다.",,053-668-2000,,,,,,,,,없음,없음,,
덕산서원(대구),42181,,,대구광역시 수성구 청호로46길 5-3,35.8390493209,128.6405817836,"조선 초기의 문신으로 절개를 지켰던 남은(南隱) 서섭(徐涉)을 추모하기 위해 건립된 서원이다. 서섭은 달성서씨 판서공파(判書公派)의 파조(派組)로 세종때 대과에 급제, 문종을 거쳐 단종 때에 이르러 자헌대부(資憲大夫) 이조판서(吏曹判書)까지 지낸 인물이다. 서섭의 충절을 알게된 손자들과 유림에서 1926년 3월 그의 묘소가 있는 황금동에 첨모재를 건립하게 되었다. 1994년에 경모사를 존공하고 1954년 8월 중수하였으며 위패를 봉안하고 제향을 올리고있다. 최근 대대적으로 경역을 확장하고 당우(堂宇)를 신축하여 덕산서원(德山書院)이라 편액하였다. <br>",,053-666-4927,,,"유림행사(봉 행위, 재향봉행)<br />
봄 묘향(모향봉행)",,,,,,없음,없음,,
매양서원,41485,,,대구광역시 북구 매천로37길 48,35.9153054604,128.5379220386,"매양서원(梅陽書院)은 광해군 때 아헌 송원기(宋遠器)가 사간원으로 있으면서 광해군의 폭정을 간하였으나 이를 듣지 않자 자신의 호를 벙어리라는 뜻에서 아헌으로 고치고 지금의 매남동 지역으로 내려와 후진을 양성 하였다는 데서 매남이라는 이름이 유래되었고, 매양서원이 창건된 것은 1692년(숙종18)이다. 이 서원은 아헌(啞軒)송원기(宋遠器)를 기리고 선비가 모여 학문을 강론하기 위해 지어졌다. 1783년(정조7)에는 사람들의 합의로 매헌(梅軒) 송명기(宋命基)와 남촌(南村) 송이석(宋履錫)을 배향하게 되었다. 1871년(고종8) 흥선대원군의 서원훼철령으로 두 차례 훼철된 후 1886년 재차 복원했지만 다시 소실됐고 2004년 제 모습을 찾게 됐다. 매양서원의 복원은 문중의 영광으로 그치기보다 지역 문화유산으로 등재돼 강학의 장으로 삼아야 한다는 유림과 지역민들의 권유에 따라 2009년 4월 26일 기적비(紀積碑) 제막식과 함께 세상에 알려지게 됐다.<br>",,053-665-4326,,,,,,,,,없음,없음,,
백원서원,41017,,,대구광역시 동구 도평로51길 18(도동),35.9207043807,128.6629747538,"1597년(선조 30)에 창건되었으며, 이종학·김덕영·이여·이부의 위패를 모셨다. 1669년(현종 10)에 사액을 받았다. 1871년(고종 8) 흥선대원군의 서원 철폐령으로 없어졌다.<br>",,042-662-2363,,,,,,,,,없음,없음,,
봉산서원(대구),42164,,,대구광역시 수성구 수성로12길 70(상동),35.8330189252,128.6122872193,"봉산서원(鳳山書院)은 문탄 손린(聞灘 孫遴)선생을 모셔둔 서원이다. 선생이 돌아가신 뒤 1735년(을묘 영조 11년에 도내의 유생들이 선생의 뜻을 기리었는데, 당시 방백이었던 김재증(金在曾)이 영문(營門)에 쓰기를 ""선생의 지극한 효성과 뛰어난 절개는 밝기와 해와 별과 같으며, 바람소리를 듣는 것과 같으니 누구라도 우러르지 않으리오.""라고 하였다. 이후 1766년(영조42)에 수성 옛 터에 사우(祠宇)를 건립하였고, 1799년(정조23)에 금봉산(金鳳山)아래에 사우를 이건하였다. 이 후 1803년(순조3) 2월에 봉암사(鳳巖祠)에 위판을 봉안하고 1844년(헌종10)에 서원으로 높여 부르고 이름도 ‘봉산서원’이라 하였다. 이 후 1864년 서원철폐령으로 훼철되었다가, 1967년 강당을 지어 경모재(敬募齋)라 칭하고, 1996년 후손들과 유림에서 지행당 등 수성구 상동의 현 위치에 복원하였다.<br>",,053-666-4927,,,향사,,,,,,없음,없음,,
오천서원,42238,,,대구광역시 수성구 파동로2안길 20(파동),35.9819418183,129.3976973279,"오천서원은 조선 성종 때 대사헌(大司憲)을 지낸 대봉(大峰)양희지(楊熙止)를 추모하기 위해 1744년(영조20)에 건립된 것으로 대구지역의 23개 서원 가운데 4번째로 건립되었다. 원래는 지금 위치에서 북쪽으로 2km 떨어진 지점인 파령골에 있었다. 1868년(고종5) 서원철폐령에 의해 훼철되었고, 1905년 현재의 위치로 이건하면서 당호를 무릉재라고 하였다. 1971년 유림총회의 의결로 사당을 신축하여 오천사라 하고 오천서원으로 바꾸었다.<br>",,053-666-4927,,,,,,,,,없음,없음,,
용강서원,42605,,,대구광역시 달서구 선원로33길 101,35.8613833603,128.5145533749,"용강서원(龍岡書院)은 허득량(許得良)과 허복량(許復良)을 모신 재실로 1639년 용강서원으로 건립하였으나 1868년(고종5) 흥선대원군의 서원철폐령으로 훼철되었다. 1920년 중창하여 용강사(龍岡祠)라 부르고 1986년에 복원하여 위 허득량(許得良)과 허복량(許復良) 양위(兩位)를 배향하고, 9대조인 고려문하시중(高麗門下侍中) 시충목(諡忠穆) 허유전(許有全)을 정위(正位)에 추배하였다.",,053-581-0144,,,,,,,,,없음,없음,,
청호서원,42181,,,대구광역시 수성구 청호로 250-11,35.8394715028,128.6409928466,"1694년(숙종 20)에 지방 유림의 공의로 손처눌(孫處訥)과 손조서(孫肇瑞)의 학문과 덕행을 추모하기 위해 창건하여 위패를 모셨다. 1755년(영조 31)에 유시번(柳時藩), 1764년에 정호인(鄭好仁)을 추가 배향하여 선현배향과 교육의 일익을 담당하여왔다. 그 뒤 1868년(고종 5)에 대원군의 서원철폐령으로 훼철되었으며, 1972년 유림의 공의로 복원되었다. 경내의 건물로는 3칸의 묘우(廟宇), 삼문(三門), 4칸의 부교당(敷敎堂), 각 5칸의 산택재(山澤齋)와 풍뢰헌(風雷軒), 고사(雇舍), 집의문(集義門), 유허비(遺墟碑), 비각(碑閣) 등이 있다. 사우에는 손처눌을 주벽(主壁)으로 하여 좌우에 유시번과 정호인의 위패가 봉안되어 있다. 부교당은 서원의 강당으로 유생들이 각종 행사 때 강론하는 곳으로 사용하였다. 산택재와 풍뢰헌은 각각 동재(東齋)와 서재(西齋)로, 유생들이 기거하면서 공부하는 곳으로 사용되었다. 이 서원에서는 매년 8월 하정(下丁 : 세 번째 丁日)에 향사를 지내고 있으며, 제품(祭品)은 4변(籩) 4두(豆)이다. 유물로는 임진왜란·병자호란·정유재란 때의 일기 등 많은 서적이 있으며, 재산으로는 밭 900평, 임야 15정보 등이 있다.<br>",,053-666-4927,,,,,,,,,없음,없음,,
화암서원,41481,,,대구광역시 북구 노곡로5길 7-18(노곡동),35.9057208742,128.5617257624,화암서원(華巖書院)은 정조 을유년(乙酉年)에 영남의 많은 사림들이 백인관(白仁寬) 선생의 충효정신을 추모하고 교육의 목적으로 성서(城西) 장기동(퇴락(頹落)함에 사람 및 후손들은 우구(憂懼)함을 이기지 못하여 경선재지(景長基洞)에 청원하여 봉사(奉祀)하여 오던 중 백문연·백용채(白文連·白龍采) 두 분을 추향하게 되었다. 82년간 지속하다 훼철당한 후 공께서 노후에 노곡동에 두어간 집을 세워 경선정(景禪亭)이라 편액하여 후학강론(後學講論)하시든 정(亭)을 사림 및 후손들이 경선재(景禪齋)로 중창(重刱)하였으나 또한 재(齋)가 禪齋址)에 중건을 합의하여 경오년(庚午年)에 기공(起工)하여 정축년(丁丑年 1997) 중춘(仲春)에 낙성(落成)하여 지금에 이르고 있다.<br>,,053-665-4326,,,,,,,,,없음,없음,,
송담서원(대구),43006,,,대구광역시 달성군 구지면 구지서로 530-47,35.6964852976,128.3596548955,"구지면 도동리 소재의 이곳은 임진왜란때 종군하여 큰 공을 세웠으며, 정유 재란때 의병대장으로 활약한 대암 박성을 배향하는 곳으로 그의 유덕을 기리기 위해 영남유림에서 서당을 건립했다. 그러나, 한일합방시 친일파의 방화로 서원과 비각이 소실되었던 것을 후손들이 송담서원 삼문제각과 비각을 복원하였다. 이 건물은 정면5간, 측면 2간의 팔작지붕이다.<br /><br /><출처 : 달성군 문화관광><br>",,053-668-3162,,,"시제(時祭)(분향강신(焚香降神), 참신(參神), 초헌(初獻), 아헌(亞獻), 종헌(종獻), 유식(侑食), 복반(復飯), 사신(辭神), 철상(撤床), 음복(飮福))",,,,,,없음,없음,,
남계서원,39006,,,대구광역시 군위군 군위읍 대북길 9,36.2537618464,128.5576941217,"유성룡이 1583년(선조 16) 경상도관찰사로 있을 때 남계서당을 건립하였는데, 1621년(광해군 13) 후학들이 중수하고 서애의 위패를 모셨으며, 남계서원으로 승격시켰다. 1787년(정조 11)에 이호민(李好閔)을 추가 배향하였다. 1868년(고종 5)에 전국의 서원을 일제히 정리하고 철폐함에 위패는 하회로 옮겨 모시고 서당으로 격하되었으며 6.25 사변으로 소실되었다. 1990년에 유림의 의해 복원하기로 결의하여 1991년에 복원되었다.<br>",,054-380-6878,,,,,,,,,없음,없음,,
남곡서원,39045,,,대구광역시 군위군 우보면 미성3길 66-7,36.1700817230,128.6668423916,"고려 보문각 대제학과 판도판서의 관직에 오른 영천이씨 영양군 6세 남곡공 휘 석지와 그의 자제인 집현전 제학과 한성부윤이셨던 장자 휘 안우, 직제학 겸 병조판서이신 차자 휘 안직, 이조 정랑이 신 삼자 휘 안유, 군기사부정 휘 현실, 휘 안실 등 6위를 배향하고 있으며, 매년 음력 3월 첫 일요일 영천이씨 남곡공파 후손들이 참 석하여 제사를 올린다. 대강당은 남곡공과 다섯아드님을 경모하고 학업을 연수하는 곳으로 『남곡서원』이라는 현판을 달았으며 서원으로 들어가는 문은 협문과 대문이 있으며 이름을 『歸堂門(귀당문)』이라하였다. 경내에는 남곡공의 사적비와 비각, 제학공의 유적비와 비각, 두문동 72현의 행적을 새긴 와비와 창건기문, 남곡서원 표지석 등이 세워져 있다. 사당인 효충사는 5위의 위패를 종향하였고 신삼문(神三門)을 지어 『향례문(享禮門)』이라 하였으며 평소 출입하는 『숭의문(숭의문)』과 협문을 세웠다.<br /><br />[출처 : 군위문화관광]<br>",,054-380-6063,,,향사,,,,,,없음,없음,,
문양서원,39062,,,대구광역시 군위군 부계면 남방길 37,36.0956820145,128.6763575443,"1793년(정조 17) 이언을 모시기 위하여 건립되었으며, 1868년(고종 5) 흥선대원군의 서원철폐령으로 훼철되었다가 1972년에 복원되었다. 오랫동안 이 지역에서 세력을 형성해 온 흥양 이씨(興陽李氏) 문중에서 소유와 관리를 맡고 있다. 현재 건물2동으로 구성되어 있다.<br>",,054-380-6063,,,,,,,,,없음,없음,,
봉강서원,39044,,,대구광역시 군위군 우보면 화계봉산길 795,36.1692952260,128.6412863399,"문익점(文益漸)과 문래(文萊), 문영(文英)을 기리기 위하여 1609년(광해군 1) 건립된 뒤에 두 차례나 소실되었던 것을 1861년(철종 12) 현재 위치로 이건하여 사액까지 받았으나 1868년(고종 5) 흥선대원군의 서원철폐령으로 훼철된 것을 1958년 현재의 서원 터에 문중의 후손들이 신실인 경현사, 삼문, 강당, 외삼문인 상의문, 충선공 유허비각 등을 복원하였다. 남평문씨(南平文氏) 종중에서 소유와 관리를 맡고 있으며, 해마다 3월 중정(中丁) 에 제사를 지낸다.<br>",,054-380-6063,,,,,,,,,없음,없음,,
북산서원,39006,,,대구광역시 군위군 군위읍 대북길 207-3,36.2693768864,128.5657235235,"1684년 창건하였으며 건물은 총 6동으로 구성되어 있다. 군위에 정착하여 세거해 온 절강 장씨 문중에서 소유와 관리를 맡고 있다. 장해빈은 중국 항주(抗州) 조강현(鳥江懸) 출신으로 조선 선조 정유재란 때 장수로 와서 귀화한 뒤 군위에 정착, 세거(世居)하였다. 1868년(고종 5)에 흥선대원군의 서원 훼철령으로 훼철되었으며 1959년 사람의 중의로 북산서원으로 승격되었다. 건물은 총 6동으로 구성되어 있으며, 군위에 정착하여 세거해 온 절강 장씨 문중에서 소유와 관리를 맡고 있다.<br>",,군위군청 문화관광과 054-380-6076/6066,,,,,,,,,없음,없음,,
양산서원,39066,,,대구광역시 군위군 부계면 남산4길 32,36.0473312758,128.6403648620,"이 고을은 부림홍씨(缶林洪氏)의 세거지로 1710년(숙종 36) 고려말의 충신 홍노(洪魯)와 조선조 좌참찬 겸 양관 대제학(朝鮮朝 左參贊 兼 兩館 大提學) 홍귀달(洪貴達), 이좌좌랑(吏曹佐郞)을 역임한 대학자 홍언충(洪彦忠)의 충절과 학덕을 기리기위해 세분 선생의 영위(靈位)를 봉안하였다. 묘우(廟宇)를 비롯하여 유생 강학을 위한 흥교당(興敎堂)을 중심으로 입나재(立懦齋), 구인재(求仁齋), 읍청루(挹淸樓), 반무당(半畝塘) 등의 부속 건축물로 그 규모가 방대하였으나, 1868년(고종 5) 조정의 서원 철폐령으로 묘우를 비롯한 전 건물이 훼철(毁撤)되는 비운을 겪었다.<br>",,054-380-6063,,,,,,,,,없음,없음,,
양천서원,39008,,,대구광역시 군위군 군위읍 내외량길 243-55,36.2477927125,128.5378654907,"고려시대의 문신이자 서예가인 홍관 (洪灌, ?~1126년)과 홍언박 (洪彦博, 1309~1363년), 조선 중기의 문신 홍위 (洪瑋, 1559~?)를 배향하고 있으며, 남양 홍씨 문중에서 소유와 관리를 맡고 있다. 1786년(정조 10)에 창건하여 남양 홍씨 후손들이 제사를 담당하여 오다가1868 년( 고종 5) 흥선대원군의 서원철폐령으로 훼철되었다. 이후 1926년 이지역에 오랫동안 세거해 온 남양 홍씨후손들에 의하여 복설되었다.<br>",,054-380-6063,,,,,,,,,없음,없음,,
제동서원,39033,,,대구광역시 군위군 효령면 장군당1길 35,36.1232963959,128.5725326047,"고려 말에 김유신 장군의 위패를 모신 사당인 장군당을 건립하고 단오날마다 제사를 올렸는데, 1850년 무렵 화재가 일어나 모두 소실되었다. 그 뒤 김해 김씨 후손들이 다시 사당을 지어 보존해 왔으나, 건물이 너무 낡아 1946년 옛 사당터에 새로운 서원을 창건하였다.   건물은 사당 숭무전(崇武殿)을 비롯하여 총 3동이 있으며, 해마다 단오절(음력 5월 5일)에 제사를 올린다. 서원 뒤쪽으로 계단을 따라 100m 정도 올라가면 1칸 정도의 작은 규모인 장군당이 있으며, 안에는 장군당 유허비가 남아 있다.<br>",,054-380-6063,,,,,,,,,없음,없음,,
화계서원,39051,,,대구광역시 군위군 의흥면 금양3길 16-3,36.1380701413,128.7445892089,돈암공(遯巖公) 휘(諱) 손 기남(孫 起南)을 모시기 위하여 1726년 (영조2)에 창건되었다가 1868년(고종 5)에 흥선대원군의 서원 철폐령으로 훼철되었다가 1897년(광무1년 丁酉)에 당시 의흥군수(義興郡守) 신 태철(申 泰哲)에 의해 복원되었으며 현재 생존해있는 밀양손씨 후손들의 구전에 의하면 대원군의 서원 철폐당시 선조들 집집마다 화계서원의 주요목재(기둥과 대들보 및 석가래 등)를 감추어 두었다가 새로 복원하여 숭덕사(崇德祠) 모성당(慕聖堂)으로 개칭하여 현재 보존하고 있으며 밀양 손씨 (密陽孫氏) 돈암공파(遯巖公派) 종중에서 소유와 관리를 맡고 있으며 매년 음력 3월 첫째 일요일에 향사를 지낸다.<br>,,군위군청 문화관광과 054-380-6076/6066,,,향사,,,,,,없음,없음,,
군위 인각사지,39057,,,대구광역시 군위군 고로면 삼국유사로 250,36.1280941271,128.7783948409,"군위군 화산의 북쪽 기슭 강가 퇴적지대에 지리잡은 절터이다. 인각사는 선덕여왕 시절 원효가 세운 절이라 한다. 그 뒤 고려 때에 크게 고쳐 지었고, 일연이 충렬왕 10년(1284)부터 5년간 이 절에서 머물며 『삼국유사』를 지은 장소로 널리 알려져 있다. 인각사는 언제 세워졌는지 문헌으로는 확인할 수 없다. 그러나 발굴조사 때 대웅전터로 생각되는 건물이 있던 곳에서 통일신라시대의 건물터를 확인하여, 신라 후기에 이미 있었던 것으로 짐작하고 있다.지금의 인각사에는 법당과 두 채의 건물이 남아 있으며, 중요문화재로 인각사 보각국사탑과 비(보물)가 있다.<br /><br />* 소유자 - 인각사<br />* 면적 - 13,302㎡ <br />* 시대 - 통일신라<br>",,군위군 문화관광과 054-380-6066,,,,,,,,,없음,없음,,
달성 태고정,42900,,,대구광역시 달성군 하빈면 육신사길 64,35.9113509020,128.4166106288,"* 박팽년을 기리는 건물, 태고정 *<br /><br />이 건물은 조선 성종 10년(1479) 박팽년의 손자인 박일산이 세운 별당건축이다. 지금 있는 건물은 선조 25년(1592) 임진왜란 때 불타서 일부만 남았던 것을 광해군 6년(1614)에 다시 지은 것이다. 일명 ‘일시루 (一是樓)’라고도 한다.현재 대청에는 임진왜란 후 치찰사로 온 윤두수의 한시를 새긴 현판과, 정유재란 후 명군 선무관이 남긴 액자들이 있다. 네모난 모양의 단 위에 서 있으며 앞면 4칸 ·옆면 2칸 크기로, 동쪽 2칸은 대청마루이고, 서쪽 2칸은 방으로 꾸몄다. 대청 앞면은 개방되어 있는데 옆면과 뒷면에는 문을 달았을 것으로 추정한다.대청 앞 기둥 사이에는 2층으로 된 난간을 설치하였다. 서쪽에는 온돌방과 부엌을 마련해 놓았는데 단순한 아궁이가 아닌 부엌을 한쪽 구석에 둔 것은 흔치 않은 것이다. 규모는 그리 크지 않은 건물이지만 가구나 세부가공이 정교한 편이다.<br /><br />* 박팽년에 대하여 *<br /><br />조선 전기의 문신. 사육신의 한 사람이다. 집현전 학사로 여러 가지 편찬사업에 종사했고 단종복위를 도모하다 김질의 밀고로 탄로되어 체포되어 고문으로 옥중에서 죽었다. 문장과 글씨에 뛰어났으며, 글씨에 《취금헌천자문(醉琴軒千字文)》이 있다. 묘는 서울 노량진 사육신묘역에 있다.<br>",,053-668-3162,,,,,,,,,없음,없음,,
아양기찻길,41051,,,대구광역시 동구 해동로 82(지저동),35.8903490289,128.6383388839,"78년이란 긴세월동안 금호강을 가로지르는 아양철교로 운영하던 역사성과 산업문화유산의 가치를 고려해 폐철교를 도심 속 시민문화 여가공간으로 아양기찻길이라는 새로운 관광지로 새롭게 태어났다. 아양기찻길은 길이 277m, 높이 14.2m, 연면적 427.75㎡ 로 전망대와 갤러리 전시장, 디지털 다리 박물관, 카페등을 갖추고 있으며, 폐철교를 공공디자인과 접목해 복원한 점을 높이 평가받고 독일의 레드닷 디자인 어워드 상을 받고, 현재는 드라마 촬영지로 각광을 받고 있다. 주변에 십리 벚꽃길, 노래비, 동촌유원지, 옹기종기 행복마을을 관광할 수 있다.<br>",,동대구역 관광안내소 053-939-0080,,연중무휴,,전연령,,,00:00~24:00,주차가능,없음,없음,,"화장실:있음
"
대구 녹색에너지체험관,42716,,,대구광역시 달서구 성서공단로 52(대천동),35.8346303496,128.4881842177,"이곳에선 따스한 햇빛도 졸졸 시냇물도 시원한 바람도 모두 에너지가 된다. 에너지를 만들고, 똑똑하게 쓰는 법을 배우는 곳, 에너지를 아껴 쓸 때마다 우리 지구는 깨끗해지고 더 살만한 곳이 된다니 더욱 차근차근 살펴볼 만하다.<br>",,053-580-7939,,토~일요일 및 공휴일,"* 프로그램 : 전시관 및 체험관(화석에너지와 기후변화, 에너지교실, 녹색도시 대구 등)<br />
* 신청방법 : http://www.energy.or.kr > 홍보교육마당 > 녹색에너지체험관 (대구)",6세 이상,오전/오후 각 70명,,월~금 09:00~18:00,있음,없음,없음,,"입 장 료:무료
이용가능시설:4D영상관, 전시관, 에너지교실, 야외전시관 등
내국인 예약안내:단체(인터넷), 개인(유선) 예약 / 사이트 예약사항 확인 필요
"
한국뇌연구원,41062,,,대구광역시 동구 첨단로 611142-1(신서동),35.8829515586,128.7297727064,"<br><strong>쭈글쭈글 주름 안에 무엇이 있을까?</strong><br /><br />신이 만든 가장 좋은 성능의 컴퓨터는 뇌이다. 인간을 만물의 영장이 되게 하는 뇌에는 우주보다 신비하고 넓고 깊은 세계가 있다. 알면 알수록 빠져드는 뇌, 한국뇌연구원에서는 끝없는 머리 속 탐험이 시작된다. 뇌를 연구하는 방법이 궁금하다면 견학 신청으로 둘러 볼 수 있다.<br>",,053-980-8114,,목요일 제외,"* 프로그램 : 영상 관람, 뇌신경이미징센터, 실험실 견학, 뇌과학자와 토크, 기념촬영<br>
* 신청방법 : http://www.kbri.re.kr > 홍보 > 견학안내",단체 (학생/유관업계),15~25명,,월~금 14:00~17:00,있음,없음,없음,,"입 장 료:무료
내국인 예약안내:견학일 1달 전까지 이메일 송부
(홈페이지에서 견학신청서 다운로드)
"
대구경북디자인센터,41260,,,대구광역시 동구 동대구로 461(신천동),35.8714286996,128.6248600431,"미래산업에서 중요성이 부각되고 있는 디자인에 관한 경북지역의 거점이다. 대구경북디자인센터는 디자이너, 디자인 학계, 디자인 회사를 모두 아우르는 협업을 지향한다. 포럼, 전시, 지원, 교육 등을 진행하며 관련 단체를 대상으로 견학 프로그램을 진행한다.",,053-740-0077,,주말 및 공휴일,"전반적인 사업추진내용 브리핑, 센터 소개, 사회적 프로그램 소개 및 견학 (단체 성격 및 요청에 따라 협의 가능)",국내·외 단체,10~20명 이내,,평일 근무시간 내 협의 가능 / 수용인원 : 10~20명 이내,있음,없음,없음,,"입 장 료:무료
내국인 예약안내:유선 전화로 일정 협의 필요 
"
한국패션산업연구원,41028,,,대구광역시 동구 팔공로45길 26(봉무동),35.9189680008,128.6378353513,"<strong>스타일리쉬한 꿈, 내일은 패션왕</strong> <br /><br />한국패션산업연구원은 한국패션센터와 한국봉제기술연구소를 통합하여 출범한 연구기관이다. 의류산업 관계자와 학생들에게 패션정보지원, 기업육성지원, 교육지원 등으로 섬유산업의 메카 대구의 명맥을 이어가고 있다. 견학 프로그램은 패션 관련 학과 학생 위주로 하며, 연구원 소개와 전시관, 입주 업체 견학 등을 진행한다. <br>",,053-721-7400,,주말 및 공휴일,"* 프로그램 : 연구원 현황 소개 → 층별 연구소 소개 → 홍보전시관, 입주업체 견학",단체 (학생/유관업계),20~30명 이내,,평일 근무시간 내 협의,있음,없음,없음,,"입 장 료:무료
내국인 예약안내:유선 전화로 일정 협의 필요 (상설 견학 프로그램 없음)  
"
한국섬유개발연구원 (텍스토피아관),41842,,,대구광역시 서구 국채보상로 136,35.8684442422,128.5455337821,"<strong>섬유를 업그레이드 하는 똑똑한 방법</strong><br /><br />섬유관련 연구소 중 가장 긴 역사를 가졌으며 섬유산업의 고부가가치화를 지향한다. 이에 따라 신소재, 신기술개발과 기업 지원에 노력을 기울이고 있다. 2017년 8월부터 견학 프로그램 진행 중이며, 섬유에 관한 기술 정보를 얻고, 섬유 제직공정 견학과 제품 특성을 체험해 볼 수 있다.<br>",,053-560-6670,,,"프로그램 : 홍보 동영상 시청, 섬유 견본 비교 체험, 섬유 제직공정 견학<br />
교육 : 진로체험",단체 (학생/일반),,,월~금 10:00~18:00 (일정 협의 후 결정),없음,없음,없음,,"이용가능시설:의류 소재관, 산업 소재관, 신제품개발센터
입 장 료:무료
외국어 안내서비스:홍보 동영상(영어, 일어, 중국어) 제공
외국인 예약안내:대구광역시 서구청 문화관광 > 섬유스트림산업관광 코스 신청
내국인 예약안내:대구 서구청 문화홍보과 053-663-2163 문의</br>
대구광역시 서구청 문화관광 > 섬유스트림산업관광 코스 신청
한국어 안내서비스:있음
"
진영P&T,41702,,,대구광역시 서구 염색공단천로 31,35.8899085771,128.5509215992,"<strong>무채색 섬유에 색을 그리다 </strong><br /><br />진영P&T는 퀼트용 나염 원단의 생산, 수출 회사이다. 2002년 친환경 에코라벨 인증을 시작으로 매년 각종 수상을 놓치지 않은 우수기업으로써 대구의 ‘섬유스트림산업관광 코스’에 포함되어 있다. 날염 및 후가공 생산공정을 견학하고, 생산 완제품을 관람 한다.",,053-350-3114,,"토 · 일요일, 법정 공휴일","생산공정 체험 - 전처리된 원단에 날염 및 후가공하는 생산공정  견학<br />
완제품 관람 - 이불, 방석, 쿠션 등",,10명 이상~40명 이내,,"하절기(4월~10월) 10:00~19:00 <br />
동절기(11월~3월) 10:00~18:00<br />
※ 전화문의 요망",주차 가능,없음,없음,,"이용가능시설:날엽제조공장, 전시홍보관
입 장 료:무료
내국인 예약안내:대구광역시 서구청 문화관광 > 섬유스트림산업관광 코스 신청
한국어 안내서비스:있음
외국인 예약안내:대구광역시 서구청 문화관광 > 섬유스트림산업관광 코스 신청
외국어 안내서비스:영어, 중국어
"
디아크문화관,42917,,,대구광역시 달성군 다사읍 강정본길 57디아크문화관,35.8411652970,128.4650638527,"낙동강과 금호강이 만나는 합수지점에 설치된 디아크는 이색적인 건축양식만으로도 대구의 명물로서의 역할을 충분히 하고 있다. 자전거를 즐기는 레저 이용객에서부터 연인, 가족동반 관광객들에게 사랑받고 있는 디아크는 저녁 무렵 더 아름다운 모습을 드러내고 있으니, 해가 질 무렵 전망대에 올라 차한잔 마시는 것만으로도 특별한 하루를 만들 수 있다.",,053-585-0916~7,,매주 월요일 / 1월 1일,,누구나,1회 관람 약 500명 수용 가능,,10:00~18:00,가능,없음,없음,,"입 장 료:무료
화장실:있음
내국인 예약안내:단체 전화 예약 / [체험] 디아크 사이트 선착순 접수
"
대구 약령시 한의약박물관,41934,,,대구광역시 중구 달구벌대로415길 49(남성로),35.8685339382,128.5899076470,"350여 년의 전통인 약령시의 역사와 약전골목의 유래를 한눈에 볼 수 있고 체험할 수 있는 전시문화 공간이다. 박물관은 약령시의 유래와 발전과정 등을 그래픽과 애니메이션으로 4개 국어로 소개하고 각종 희귀 한약재를 비롯해 동의보감 등 한의서, 약작두 등의 한방관련 용품 300여 점을 전시하고 있다. 또한 다양한 체험 프로그램을 운영한다. 문화관 입구에 대형 약탕기가 눈길을 끌고 1층에는 전국 유일의 (주) 한약재 도매시장이 있다.",,053-253-4729,,"매주 월요일(공휴일인 경우 정상근무), 1월 1일, 설/추석 당일","체험프로그램 : 한방족욕체험, 한방비누만들기, 한방향첩만들기, 한방미스트만들기, 한방 립밤 만들기 등<br />
시설 : 박물관 전시관람(대구 약령시 역사 및 문화 전시, 한의약 관련 유물, 희귀 한약재 전시)",누구나,최대 150명,,09:00~18:00 (입장마감 17:30),"있음(약령시한의약박물관 뒤편 공영유료주차장, 약령시 서문 공영주차장 등)",없음,없음,,"이용가능시설:한방역사실, 한방체험실, 한방족탕체험실, 한방체험공간
주차요금:* 약령시 서문 주차장<br />
- 운영시간 : 08:00 ~ 18:00<br />
- 이용요금 : 최초 30분 500원, 60분 1,250원<br />
- 무료개방 : 주말 및 공휴일 무료개방<br />
- 기타사항 : 운영시간 이후 무료주차 가능

입 장 료:무료 (일부 체험프로그램의 경우 유료)
화장실:있음(3층 남/여 화장실 2개소, 2층 남/여 화장실 2개소)
외국어 안내서비스:음성 안내기(영어, 일어, 중국어) 3층 안내데스크 대여<br />
외국인 체험프로그램 가능 (통역 가이드는 문의)
외국인 예약안내:전화예약 후 가능
한국어 안내서비스:음성안내기 대여(3층 안내데스크)
"
대구 하중도 (금호꽃섬),41482,,,대구광역시 북구 노곡동 665,35.9007936200,128.5598788398,"대구 북구 8경 중 1경인 금호꽃섬은 2021년 9월 시민공모전을 통해 하중도에서 금호꽃섬으로 명칭이 변경된 곳이다. 팔달교와 노곡교 사이에 위치한 섬으로 유채꽃, 청보리, 코스모스를 볼 수 있고 사계절 모두 방문하기 좋은 명소이다. 연인들의 데이트 장소, 가족 단위의 관광객이 많이 찾는 대구 대표 관광지이다.",,대구 북구청 관광과 053-665-2342~4,,,,,,,"00:00~24:00<br />
※ 단, 폭우 등으로 안전 문제가 제기될 시 이용이 통제될 수 있음",주차 가능,없음,없음,,"입 장 료:무료
"
수성구 관광정보체험센터,42250,,,대구광역시 수성구 유니버시아드로 140대구스타디움몰 1층(히어로 옆),35.8315371496,128.6875778564,"수성구 관광정보체험센터는 대구광역시, 수성구, 경상북도, 경산시에서 공동으로 조성하여 대구한의대학교에서 운영하고 있다. 관광정보안내관, 글로벌교육장, 통역지원실, 체험실, 특산품 판매장 등 7개의 공간으로 이루어져 관광객들이 필요로 하는 지역 명소, 교통․음식․숙박 등 정보를 즉시 전달하고 있다. Ex-body 건강운동, LED패치 스킨케어, 천연 한방화장품 만들기, 한지 공예품 제작, 고유의 전통음악 풍물놀이 등의 특화된 웰니스 체험 프로그램을 운영하고 있다. 야외광장에는 지역에서 최초로 조성한 한국전통문화공연장이 눈길을 사로잡고 매주 토․일요일 4개의 농악단이 풍물 상설공연, 전통놀이 체험을 개최하고 있으며 센터가 위치한 대구스타디움몰은 멀티플랙스 영화관, 동물테마파크, 키즈파크, 대형 할인마트, 의류·음식매장 등 다채로운 시설을 한 번에 이용할 수 있다.<br>",,053-666-4881~4,,"매주 월요일, 공휴일",,,,,평일 10:00 ~ 18:00 / 주말 11:00 ~ 19:00,"컬러스퀘어, 대구스타디움 등 3천여대",없음,없음,,"관 람 료:※ 체험프로그램 별로 상이
주차요금:1시간 무료(이용금액별 5시간 무료)

"
치킨체험 테마파크 땅땅치킨랜드,41027,,,대구광역시 동구 팔공로 220-2,35.9175265690,128.6416906077,"2018년 9월 1일 땅땅랜드가 매년 여름 치맥축제가 열리고 있는 치맥의 성지인 대구에서 오픈 하였다. 대한민국 최초이자 최대의 치킨체험 테마파크인 땅땅랜드는 보고 만들고 먹고 즐기는 공간으로 한 곳에서 4가지의 맛을 동시에 즐길 수 있는 복합문화의 장입니다.365일 공연과 치맥이 함께하는 땅땅랜드 주변에는 삼국시대의  210여기의 불로고분군(사적제262호)이 자리하고 있으며, 수려한 경관의 단산지를 끼고 있는 봉무레포츠공원, 섬유박물관, 방짜유기박물관, 동화사, 시민안전테마파크, 팔공산 케이블카 등 함께 둘러 볼 곳이 많아 관광객들이 많이 찾고 있다.<br>",,053-721-7599,2018년 09월 01일,"매주 월요일, 1월1일, 설날, 추석 당일",치킨 또는 치킨&치킨버거 만들기 체험,만 2세 이상,200명 수용가능,,"평일 - 10:00, 10:40, 11:20, 12:00, 13:00, 14:00, 15:00, 16:00, 17:00<br/>주말 - 10:00, 11:00, 12:00, 13:00, 14:00, 15:00, 16:00, 17:00",있음(소형 24대 / 대형 5대 주차 가능),불가,불가,,"촬영장소:드라맥스TV 드라마 '최고의 치킨'촬영(2019.1.2일 첫방송 예정)

관광코스안내:[불로고분군 가는 길]<br />
동대구역출발 -  아양기찻길 - 불로전통시장 - 불로고분군 - 땅땅랜드(치킨체험) - 봉무레포츠공원(단산지) - 롯데아울렛이시아폴리스점 - 동대구역도착<br />  
<br />
[팔공산 가는 길]<br />
동대구역(지하철 1호선 아양교역)출발 -  땅땅랜드(치킨체험) -  방짜유기박물관  - 동화사 - 팔공산케이블카 - 시민안전테마파크 - 동대구역도착<br />
<br />
[옻골 평광 가는 길]<br /> 
동대구역출발 -  옻골마을 - 평광마을 - 도동측백나무숲 - 불로고분군 - 땅땅랜드(치킨체험) - 봉무레포츠공원 - 섬유박물관 - 동대구역도착
상점정보:[기념품 판매점]<br />
땅땅치킨과 땅땅랜드의 로고로 만들어진 티셔츠, 인형, 머그컵,열쇠고리 등 각종 기념품 판매 닭 관련 조형물, 밥치킨 등 제품 판매<br />
<br />
[쇼핑점]<br />
롯데아울렛이시아폴리스점이 인접해 있어 각종 쇼핑점에서 다양한 제품 판매<br />
<br />
[푸드코트]<br />
200m 거리에 형성된 푸드코트가 있어 다양하게 즐길 수 있는 음식들 선택 가능                                  ""
이용가능시설:[체험시설]<br />
영상관, 전시관, 보물상자 만들기, 치킨체험관, 조리시설,치킨버거체험관<br />
<br />
[기타시설]<br />
편의시설 - 시식코너, 휴게실, 음료대, 커피코너, 대기실<br />
위생시설 - 화장실, 음수대 등
입 장 료:치킨체험 18,500원, 치킨&버거 24,000원
주차요금:무료

화장실:있음

한국어 안내서비스:전문 MC에 의해 진행됨

외국인 예약안내:전화/홈페이지/'이지오더'앱(당일 예약 가능) 

내국인 예약안내:전화/홈페이지/'이지오더'앱(당일 예약 가능) 

"
앞산카페거리,42488,,,대구광역시 남구 대명남로 191,35.8358179977,128.5791122854,"대구시 남구 앞산 부근, 대명 9동 일대에 카페들이 밀집한 골목을 '앞산커페거리'라 부른다. 주택을 개조한 카페, 레스토랑, 갤러리 카페 40여 개가 줄지어 있는 활기찬 거리이다. 이곳에는 커피, 샌드위치, 디저트 등을 취급하는 카페가 가장 많고, 피자, 파스타, 스테이크를 판매하는 레스토랑, 일식당, 맥주 전문점, 파이 전문점 등이 있다. 데이트를 즐기는 연인, 휴일 나들이를 나온 가족들이 달콤한 먹거리와 향기로운 커피를 즐기기 좋은 곳이다.인근에 앞산공원, 안지랑곱창거리 등이 있어, 먹고, 마시고, 휴식하기에 좋다. 대구지하철 1호선 안지랑역에서 걸어서 5~10분 거리이다.",,대구관광정보센터 053-627-1337,,,,,,,,,없음,없음,,
물레책방,42087,,,대구광역시 수성구 달구벌대로492길 15,35.8574443078,128.6322570037,"지난 2010년 4월 23일 ‘세계 책의 날’ 문을 연, 대구 최초의 ‘헌책방을 기반으로 한 문화공간’. 《녹색평론》 편집실이 2008년 서울로 이전하기 전까지 있던 수성구 범어동의 3층 건물 지하에 위치해 있다. 기존 헌책방들의 ‘주 수입원’인 참고서와 이월잡지를 배제하고, 문사철(文史哲) 중심의 단행본들과 대구 지역에서 활동하는 작가들이 펴낸 출판물들을 위주로 운영하고 있다. 매달 책방 내에서 정기적으로 단편영화, 다큐멘터리 상영회와 토크 콘서트, 인디밴드 공연, 감상회 등을 가지는 한편, 비정기적으로 다양한 인문학 강좌들을 함께 열고 있다.<br /><br /><출처 : 물레책방><br>",,053-753-0423,,"매주 화요일, 목요일, 일요일",,,,,12:00 ~ 21:00,,없음,없음,,
리조트 스파밸리,42938,,,대구광역시 달성군 가창면 가창로 891,35.7881605357,128.6353392148,"대구 달성군 주암산 자락에 위치한 Resort 스파밸리의 물은 무척 특별하다. 모든 시설에 공급하는 물은 음용 가능한 육각 온천수. 육각 온천수는 화학적 구조가 육각형 고리 구조를 이루는 온천수로 지속적으로 섭취하면 아토피 개선과 당뇨, 고혈압 등 각종 성인병 예방에 도움이 된다고 알려졌다. 실제 물놀이를 즐기며 자연스레 증상 호전 효과를 얻은 사례가 많아 수시로 방문하는 가족 단위 방문객이 많다.<br>",,1688-8511,,,,,,,,,없음,없음,,"입 장 료:(시즌별 가격 상이, 홈페이지 참조)
"
내곡 모감주나무군락,,,,"대구광역시 동구 내곡동 221, 산91",35.8839963437,128.7544705034,"모감주나무는 중국·대만·일본 등지에 분포하며 우리나라에서는 황해도와 강원도 이남에서 자라고 있다. 여름에 노란 꽃이 피고 열매는 콩알보다 약간 큰데 열매가 둥글고 검으며 윤기가 있어 염주를 만드는데 쓰인다. 스님들은 이 열매로 염주를 만들기 때문에 염주나무 또는 보리수라 부른다.
내곡 모감주나무군락은 1990년 5월 15일 대구광역시기념물로 지정되었다. 다른 지역의 모감주나무보다 둘레나 나이면에서 훨씬 크고 오래되었으며 나무의 보호측면이나 희귀수종보호 및 생물학적인 측면에서 중요한 가치를 지니고 있다.",,대구광역시 동구 관광과 053-662-4103,,연중무휴,,전연령,,,,,없음,없음,,"입 장 료:무료
"
나불지 생태공원,,,,대구광역시 동구 각산동 134,35.8797600682,128.7197653430,"대구 팔공산 초레봉 등산길 끝자락에 자리잡은 이 곳은 나무테크가 잘되어 있고 물레방아, 전통담장이 있고 밤에 거닐 수 있도록 조명시설도 좋다. 둘레를 걷고 쉬고 정자에 앉아 초레봉을 바라볼 수 있는 휴식공간이다.
여름엔 연꽃들이 피어나고 주변에는 과수원이 있어 시골 흥취를 느낄 수 있다.",,대구 동구청 관광과 053-662-4077,,연중무휴,,전연령,,,,가능,없음,없음,,
엄마아빠어렸을적에,39058,,,대구광역시 군위군 산성면 산성가음로 722,36.1278370758,128.6966742860,"‘엄마, 아빠 어렸을 적에’는 화본역 인근에는 폐교된 옛 산성중학교를 리모델링하여 1960, 70년대의 생활상 등을 체험할 수 있도록 한 추억의 학교 테마 박물관이다.<br>추억의 학교에는 40~50여 년 전의 시골학교 교실을 비롯해 이발소, 사진관, 소리사, 만화방, 문방구, 구멍가게, 연탄가게 등이 그대로 재현되어있다. 옛날교복, 옛날오락, 승마 등 여러 체험요소가 많아 추억여행이나 승마체험, 촬영지 등으로 관광객들이 많이 찾는 군위의 관광지이다.",,053-382-3361,,연중무휴,"유료체험, 무료체험, 꽃마을 체험장",전연령,,,"* 하절기(3월~10월) 09:00 ~18:00<br/>
* 동절기(11월~2월) 09:00~17:00<br/>
※ 관람종료 30분 전까지만 입장가능",가능,없음,불가,,"입 장 료:* 중학생~성인 2,000원<br/>
* 만3세~초등학생 1,500원<br/>
* 단체(20명)이상 1,000원<br/>
※ 유료체험요금 별도 부과(평일에는 일부 유료체험 불가능)
"
구암동 고분군,41472,,,대구광역시 북구 구암동(구암동),35.9294127350,128.5671801767,"* 삼국시대 대규모 고분군, 구암동 고분군 *
구암동 고분군은 함지산의 서쪽 산록에 입지하여 금호강의 갈래인 팔거천이 흐르는 팔거평야를 바라보는 곳에 위치한다. 고분군이 분포하는 능선은 여러 갈래로 나뉘어져 있고 경사가 심한 편이며 구릉의 능선 위에는 대형분이, 경사면 일대에는 소형분이 입지하여 총 379기가 분포하고 있는 대규모 고분군으로 국가지정문화재로 지정되었다.

* 신라·가야 고분에서 무덤 구조가 특이한 구암동 고분군의 특징 *
첫째, 봉분을 적석으로 만들고 매장주체부는 석곽으로 축조한 적석석곽분이라는 특이한 구조가 확인된다. 
둘째, 한 봉분 내에 여러 매장주체부가 축조되는 연접방식의 축조가 확인된다.
셋째, 매장주체부는 수혈식 석곽으로 주곽과 부곽이 ‘11’자 형태를 이루는 양상이 확인된다.",,053-325-2344,,"매주월요일, 1월 1일, 설· 추석명절 탐방안내소 휴무",,,,,,운암지공영주차장 있음,없음,없음,,"입 장 료:무료		

주차요금:30분에 600원(이후 10분 당 300원), 하루 최대 6천원<br />
※ 주말, 공휴일 무료

한국어 안내서비스:사전예약 필수		

"
동호서당·동호유적공원,,,,대구광역시 동구 동내동 1112-2,35.8838794166,128.7397579123,"1. 동호서당

의병장 면와 황경림(勉窩 黃慶霖,1566~1629)을 위하여 하양현의 사림(士林)들이 1820년에 세운 동호사(東湖祠)에서 유래한다. 동호사는 1872년 조선 고종 때 서원철폐령으로인해 수년간 방치하였다가 1875년 본 건물을 중건하였다. 그 후 1921년 중수하면서 서당으로 명칭을 바꾸었으며, 2013년 12월에 다시 증수하였다.

황경림은 조선 세종때 정승이던 황희(黃喜)의 후손으로 이 곳 동내동의 입향조(入響祖)이다. 1592년 임진왜란이 일어나자 하양지역에서 의병을 일읔 의병장이 되어 권응수, 곽재우 등과 함께 여러 전투에 참가하여 큰 공적을 세웠다. 이러한 업적을 높게 평가한 조정에서 여러번 벼슬을 내렸으나 사양하고 후진양성에 힘쓰며 학문을 토론하였다. 사후 창의공신(倡義功臣)의 휘호를 받았다. 서당의 규모는 정면 4칸, 측면 1칸의 팔작지붕 건물이다. 좌측에 2칸 온돌방을 두고 우측에 2칸 마루를 두었는데 전반적으로 소박하게 건물을 꾸몄다.      

2. 대구 신서혁신도시 동호유적공원

대구 신서혁신도시택지개발지구내에서 발굴조사한 문화유적중 대표적인 청동기 시대 지석묘(고인돌)과 석관묘를 원형 그대로 이전·전시함으로써 이를 영구히 보존하면서 시민들에게 당시의 매장의례를 자연스럽게 접할 수 있도록 조성한 곳이다. 이곳 대구 신서혁신도시지구는 팔공산괴에서 남쪽(금호강)으로 뻗어 내리는 많은 구릉들의 끝단지이자 곡부에 의해 형성된 선상지형 충적평야지대에 자리를 잡아 입지적 환경이 좋은 곳이다. 이는 청동기시대 이래로 조선시대와 근대에 이르기까지 많은 삶의 흔적들이 남아서 조사되었음이 증명한다.",,053-627-8986,,연중무휴,,전연령,,,00:00~24:00,주차가능,없음,없음,,"입 장 료:무료
"
이천동고미술거리,42431,,,대구광역시 남구 명덕로 262,35.8553467018,128.5985933601,"1960년대부터 형성된 문화재매매업소가 모여있는 곳으로 과거 우리선인들이 사용한 민속품,도자기,고가구를 많이 보유하고 있고 현대인에게 생소한 조상들의 생필품들이 가득하여 구경하는 재미가 쏠쏠하다. 외국인에게 인기가 많으며 특히, 일본인은 지도와 정보를 입수하여 찾아온다고 한다. 외국인에게 많은 사랑을 받으며 경외감을 주는 우리 고미술품에 우리나라사람들의 관심과 사랑이 어느때보다 필요하다. 고미술품에 관심이 있다면 꼭 한번 방문할 만한 관광지로 추천한다.",,053-664-3252,,연중무휴,,전연령,,,,,없음,가능,,"입 장 료:무료
"
서리지 수변생태공원,41407,,,대구광역시 북구 동호길 96(동호동),35.9635059441,128.5590854951,"서리지 수변생태공원은 도심 친수공간이자 여가를 즐길 수 있는 힐링장소이다. 특색있는 식물을 식재한 암석원, 가드닝 체험장, 어린이들이 놀 수 있는 놀이터, 팔각정자 등이 조성되었고, 녹지공간에는 소나무 등 수목 52종 3만 5천 그루와 수변공간에 어울리는 물억새 등 초화류 31종 11만 포기를 식재해 경관이 훌륭하다. 2km의 서리지 둘레길을 한바퀴 돌아보면 생명력 가득한 생태안에서 하는 걷기 운동은 효과가 배가 될 것이다.",,053-665-2865,,연중무휴,,전연령,,,00:00~24:00,주차가능(도 주차구역은 없으나 주차가능한 공터가 약간 마련되어 있음),없음,가능,,"입 장 료:무료
"
혜원의 집,39045,,,대구광역시 군위군 우보면 미성5길 58-1,36.1797805789,128.6645450976,2018년에 개봉해 150만 관객을 모았던 영화 <리틀 포레스트>에서 주인공 혜원(배우 김태리)의 집이다. 리틀포레스트 마을 입구에 주차를 하고 시골의 정취를 느끼며 조금 걸으면 혜원의 집이 나온다. 시골 마을이지만 영화 촬영지라 잘 정돈되어있는 모습이다. 내부까지 구경할 수 있어 체험하고 볼 수 있는 것들이 많다. 영화 속 혜원이 타고 다녔던 자전거도 대여 가능하다.,,054-380-6230,,연중무휴,,전연령,,,,가능,없음,없음,,"입 장 료:무료
"
복현오거리 먹자골목,41562,,,대구광역시 북구 복현동,35.8969839584,128.6150240861,대구광역시 북구 복현오거리 일대의 골목으로 과거부터 막창골목으로 유명했으나 현재 먹자골목으로 명칭을 바꾸었다. 경북대 인근에 위치한 이 골목은 1990년대 말 '막창 붐'이 일면서 막창 관련 식당이 속속 들어서면서 성황을 이뤘다. 현재는 막창을 비롯한 여러 종류의 음식점들이 들어서면서 많은 사람들이 찾는 먹자골목이 형성되었다.,,대구 북구청 053-665-2000,,연중무휴,,전연령,,,00:00~24:00,가능,없음,없음,,
화원유원지,42941,,,대구광역시 달성군 화원읍 사문진로1길 40-14,35.8132882108,128.4821853365,"화원유원지는 대구 달성군 화원읍에 위치한 시민들의 휴식공원이다. 도심 속에 펼쳐진 자연을 느끼고 낙동강변 경관을 감상할 수 있는 곳이다. 동물원, 전망대, 잔디광장, 분수 등 다양한 볼거리와 편의 시설이 있어 아이가 있는 가족단위 관광객들에게 안성맞춤인 곳이다.<br>",,053-659-4465,,,,,,,,,없음,없음,,"이용가능시설:동물원, 잔디광장, 전망대, 수경시설, 주차장 등
"
화소정,41088,,010-8482-2098,대구광역시 동구 동호로9길 60(신서동),35.8696531003,128.7317201292,"'건강한 아름다움을 담다'는 슬로건을 가진 보자기카페 주식회사 화소정은 대구지역 관광두레 중 하나다. 화소정은 예단 답례품 기념일 선물 포장 등 보자기 선물 포장을 전문적으로 진행하고 있으며 예약제로 보자기아트 수업, 차 수업 등을 진행한다. 아울러 카페에서는 도라지를 엄선해 국산 쌀 조청, 배를 함께 넣어 정성껏 만든 수제 도라지정과와 함께 수제 꽃 양갱 등을 맛볼 수 있다. 2018년에 관광두레에 선정되면서 본격적으로 시작한 화소정은 코로나 19 상황에서 카페를 제대로 운영할 수 없어 2020년에는 온라인 펀딩에 도전했다. 다행히 온라인 펀딩은 100% 이상 성공을 거둬 대구 지역 엄마 5명으로 구성된 주식회사 화소정의 출발에 큰 힘이 됐다.",,010-8482-2098 /  kikiker@naver.com,,"주말, 공휴일 휴무",,,,,9:00 ~ 14:00 예약제,,없음,없음,,
엘리바덴 신월성점,42753,,,대구광역시 달서구 조암로 38(월성동),35.8250210143,128.5256756252,"도심 속 복합 휴양지라는 슬로건에 맞게 좋은 교통편 인삼과 홍삼을 사용한 특색 있는 스파, 직접 장작불로 불을 때는 한증막, 800평<br />대구 최대 규모 키즈파크 엘리몽,건강관리를 위한 현대인의 핫플레이스 피트니스까지 한 번에 즐길 수 있습니다.<br>",,053-288-5000,홈페이지 참고,홈페이지 참고,"스파,휘트니스,한증막,엘리몽(키즈파크),범퍼보트",,목욕장 : 329명<br />휘트니스 : 252명<br />찜질 : 329명<br />엘리몽 : 512명,,※ 요일 및 이용 시설에 따라 이용요금이 다르므로 홈페이지 참고 부탁드립니다.,260대 있음,없음,불가,,"촬영장소:20180718 라이브오늘 ""물과 함께라면 이곳이 휴양지""
주차요금:홈페이지 참고 부탁드립니다.
이용가능시설:스파,휘트니스,한증막,엘리몽(키즈파크), 3층 식당, 4층 식당
입 장 료:※ 요일 및 이용 시설에 따라 이용요금이 다르므로 홈페이지 참고 부탁드립니다. 
화장실:있음
시설이용료:※ 요일 및 이용 시설에 따라 이용요금이 다르므로 홈페이지 참고 부탁드립니다. ※
한국어 안내서비스:없음
내국인 예약안내:없음
외국어 안내서비스:없음
"
성당못,42672,,,대구광역시 달서구 공원순환로 216(성당동),35.8446222350,128.5616191375,"성당못 일대를 옛날에는 성댕이, 상댕이라고 불렀다. 그러다가 1910년대부터 성당동이라고 불렀는데, 이 시기부터 동네 이름을 따서 성당못이라고 불렀다.
성당못이 있던 자리는 조선 중엽 채 씨 성을 가진 판서가 살던 집터였는데, 장차 임금이 태어날 명당이라 하여 나라에서 집을 짓지 못하도록 연못을 만든 것이 오늘날의 성당못이 되었다. 성당못에는 인근 두류산의 정기를 받을 수 있다고 전해지는 두리길이 있다. 산책 삼아 걷기 좋아 많은 사람이 찾는다.<br>*사진 출처: 대구광역시청",,053-803-3881,,,,,,,,있음,없음,없음,,
오봉오감,41551,,,대구광역시 북구 침산남로서9길 24(침산동),0,0,"오봉오감은 조선 전기 향토 출신 유학자 서거정이 인정한 저녁노을 침산 만조를 품고 있는 침상정의 아름다운 야경을 알리고자 체험 투어상품을 기획하여 제공하고 있다. 또한, 침산정의 만조 사진과 미니태양광 모듈을 활용하여 ""침산정 청사초롱 태양광 모듈키트"" 상품을 제작한다. 침산정을 관광지로써 알림과 동시에 에코 에너지마을로써 신재생에너지의 가치를 알리는 활동을 통해 관광 활성화에 기여하고자 한다.<br>",,010-8865-1477,,,,,,,,불가능,없음,없음,,
향사례 대구시민단,41538,,,대구광역시 북구 연암공원로 89(산격동) 1층,0,0,"조선효종실록(1655.2.6.)에 따르면 “병마절도사가 대구 읍성의 무기고를 검열하니 대구부사 이정이 새로 만든 활(죽궁)이 있어 임금에게 받치니 크게 기뻐하였다.”라고 기록되어 전해지고 있다. 향사례 대구시민단 김병연 궁장은 “한국의 창조적인 장인”으로 선정되었으며 11개국 언어로 활의 우수성과 아름다움을 전 세계에 알렸고, 기억 속에 잊혔던 대구 전통 활의 위상을 높이고 있다. 특히 향사례라는 조선시대 활쏘기 국가의례를 세계인들이 참여하는 활쏘기 대회 및 체험으로 국내 최초로 발전시키며 학생 인성교육 및 관광객들에게 큰 인기를 얻고 있다.<br>",,010-6540-0430,,,,,,,,가능(4대),없음,없음,,
광덕사,42932,,,대구광역시 달성군 가창면 헐티로 1190,35.7978145763,128.6123965208,"광덕사는 대구시 달성군 가창면 용계리에 자리했다. 대한불교 조계종 소속의 사찰로 1967년에 지어졌다. 가창댐과 가까이 있으며 최정산과 연결된 등산로도 있다. 일주문을 지나면 범종각이 있고, 내부로 들어가면 대웅보전, 산신각, 독성각, 요사채 등의 가람이 갖춰져 있다. 특히 대구광역시 유형문화재 제92호로 지정된 대구 광덕사 신중도를 봉안하고 있다. 사찰은 파동 IC와 가까운 거리에 위치했다. 주변 관광지로는 가창호, 냉천 CC가 있다.",,053-768-2268,,없음,,,,,,있음,없음,없음,,"화장실:있음

입 장 료:없음		

주차요금:없음

"
사유원,39062,,,대구광역시 군위군 치산효령로 1150,36.0907188148,128.6831431965,"나를 마주하다, 내 안의 숲 사유원 
사유원은 오랜 풍상을 이겨낸 나무와 마음을 빚은 석상, 아름다운 건축물이 함께하는 고요한 사색의 공간이며 단순한 수목원 관람에서 한발 더 나아가 원내를 거닐며 자아를 돌아보고 깊이 생각하게 하는, 진정한 '사유'의 정원이다.  건축가 승효상, 알바로 시자, 최욱과 더불어 조경가 정영선과 서예가 웨이량 등 각 분야의 전문가들이 사유원 조성에 참여하였으며 대표 공간으로는 소요헌과 명정, 풍설기천년 등이 있다.
*사유원은 사전 예약제로 운영되고 있으며, 사유원 홈페이지를 통해 예약 가능",,054-383-1278,2021-11-02,매주 월요일 휴무,,,일 140명(추후 변경 가능),,09:00 - 17:00,주차가능,,불가,,"입 장 료:주중 - 대인 50,000원 / 소인(초,중,고) 45,000원<br/>
주말 - 대인 69,000원 / 소인(초,중,고) 62,000원<br/>
*미취학 아동 입장불가
이용가능시설:관람용 건축물 10여개, 관람용 정원 2개		

"
교항리 이팝나무 군락지,42969,,,대구광역시 달성군 옥포읍 교항리958,35.7906427336,128.4375232300,"옥포읍 교향리 마을에서 약 100m쯤 떨어져 있는 평탄한 구릉지대의 세청숲 속에 수령이 약 300여년 이상 된 이팝나무 45주가 자라고 있다. 이팝나무 외에 150여년이 된 상수리나무, 굴참나무, 느티나무, 말채나무등 거목들이 많이 군거하고 있어 이 숲은 학술연구상으로 풍치림으로서 보호할 가치가 있다. 이팝나무는 낙엽활엽교목으로 5월초에 흰색의 꽃이 피는데 흰꽃망울로 덮흰 숲을 멀리서 바라보면 흰구름이 떠나가는 형상이다. 이팝나무는 독립수로 자라는 곳이 있으나 이숲처럼 집단으로 군락을 이루고 있는 곳은 드물다. 또한 과거 마을에서 예림사상을 고취하기 위하여 숲에 위해를 가하는 자는 백미 1두씩 벌과금을 물려 나무를 보호해 왔다는 설이 있으며, 칠월 칠석에는 마을에서 당산제를 지내고 있다.",,달성군청 관광과 053-668-3913,,없음 (연중 상시 개방),,,,,,있음 (소형 10대 정도 주차가능),,,,
땅땅식물랜드,41027,,,대구광역시 동구 팔공로 220-2,35.9185070267,128.6424182937,"인간은 자연과 함께 할 때 가장 편안하고 안정감을 가지게 되며 건강해진다고 한다. 2021년 9월 오픈한 땅땅식물랜드는 100석 규모의 실내식물체험장과 식물카페, 김경애식물연구소로 운영되고 있다. 식물은 인간의 생명을 건강하게 유지하게 하며, 산소 공급은 물론 생명 연장에도 큰 역할을 한다. 건강한 흙을 만지고 그 흙으로 한 생명(식물)을 키워 인간을 이롭게 하는 반려자가 되도록 땅땅식물랜드에서만 할 수 있는 식물체험을 통해 일상에서 느낄 수 없는 새로운 경험을 즐겨 보자.",,053-719-4566,2021-09-01,"매주 월요일 / 지정공휴일(1월 1일, 설날, 추석 당일) 휴무","각종 화분만들기, 테라리움, 다육아트, 꽃꽂이, 식물키우기 등",,,,10:00 ~ 18:00 (사전예약제),"있음 (소형 24대, 대형5대 주차가능)",없음,불가,,"화장실:있음
시설이용료:체험에 따라 상이함.
주차요금:무료
한국어 안내서비스:가능
"
교남YMCA 회관,41933,,,대구광역시 중구 남성로 22,35.8680812005,128.5893132677,"대구 약령시에 위치하고 있는 국가등록문화재이다. 일제강점기 3.1 독립 운동 때 화합의 공간이자 물산장려운동, 기독교 농촌운동, 신간회 운동 등 기독교 민족운동의 거점이었던 건물이다. 대구 중구 근대역사의 중요한 시설물로 이만집 목사 3.8 만세 운동 기념지로 한국기독교 사적으로 지정됐다. 청년들을 중심으로 각종 사업을 활발하게 진행하였으며 특히 당시 산업의 대부분인 농촌사업을 체계화하고자 전국 각지에 농민학교를 세우고, 협동조합, 농민회, 야학 등을 조직하여 농천 청년들에게 새로운 지평을 열어주었다.",,053-255-1914,,,,,,,,,,,,
신흥사(군위),39044,,,대구광역시 군위군 고산길 262 신흥사,36.1500805032,128.6284519058,"신흥사은 경북 군위군 우보면 도봉산 중턱에 있으며 대한불교조계종 제16교구 본사 고운사의 말사이다. 오른쪽 달산마을 방면으로 접어들어 산길로 약 3km 정도 오르면 과수원을 지나 신흥사가 나온다.지금은 오랜 세월을 지나오면서 수많은 사찰이 역사의 뒤안길로 명멸해 갔고 일부만이 법등을 이어오면서 현존해 오고 있다. 차마 부처님의 오묘한 진리와 중생구제의 큰 뜻을 저버리지 못해 사바세계에 법신이 나투기를 소원하며 화려했던 영화를 뒤로 하고 그렇게 이어내려 오고 있는 것이다. 군위 신흥사는 어떻게 태어났고 어떻게 사라졌는지도 모를 만큼 산 속 깊은 곳에 퇴락한 채 은거하고 있는 작은 사찰이다. 이제는 그저 사하촌 촌부들의 입에서 입으로 전해오는 뒷산 절간에 대한 옛날이야기로 치부되는 절집일 수도 있겠지만, 신흥사는 여느 사찰이 그랬던 것처럼 영화로운 시절과 중창의 시기, 퇴락의 시기를 겪고 지금은 고요함 속에 선정에 들어 있다.<br /><br />자장율사가 창건한 신흥사느 매우 후미진 곳에 자리해 있다. 찾아가기도 용이롭지 못할 뿐더러 사세가 매우 기울어진 듯 보여 안타까운 마음이 들 수도 있다. 그러나 그것은 찾는 이의 시각일 뿐, 여기서 사는 이는 또다른 생각을 가질 수도 있는 양면성이 분명히 존재한다. 자장율사 여기를 택한 것도 분명 길지(吉地)였을 테고 앞뒤로 막힌 산이 수행도량으로 매우 적합했기 때문일 것이다. 실제로 군위에서도 오지에 속하는 도봉산(道峰山) 자락에 있는 신흥암은 스러져가는 수백년 된 향나무 한 그루와 협소한 전각 2채, 요사 1동이 전부이지만 속세를 떠난 공부인의 막힘없는 수행도량으로 제격이다. 사실 신흥암은 골짜기 깊숙이 들어가게 되어야 이르는 곳이지만 정말로 사방이 뻥 뚫린 시원함을 자랑하는 묘한 터를 가지고 있다. 그래서 더욱, 신흥사는 고즈넉한 산사의 솔바람을 만끽하기에 충분한, 막힌 듯 막히지 않은 고요함을 자랑한다.<br>",,문화관광과 054-380-6915,,연중무휴,,,,,,,불가,불가,,"화장실:있음
외국어 안내서비스:불가
"
압곡사(군위),39053,,,대구광역시 군위군 고로면 현리낙전길 836-144(고로면),36.1897405424,128.8123567556,"아름드리 소나무 숲으로 둘러싸인 압곡사는 선암산 품안에 안겨 있는 새집과 같은 사찰로 그윽한 솔향기와 함께 선암산의 겹겹이 포개진 골짜기가 일품이다. 군위군 고로면 소재지에서 조금 올라가면 마치 사천왕의 모습을 한 ‘가암’이 보이는 가암 삼거리를 만나게 된다. 여기에 압곡사 안내표지를 따라 의성 춘산방면으로 낙전리 마을을 따라 조금 올라간다. 산허리를 따라 나있는 산길에 압곡사(鴨谷寺)를 알리는 표지판이 우두커니 서 있다. 그 길은 차 한대가 겨우 다닐 정도로 비좁으나 포장이 되어 있어 오고가는데 별 어려움은 없다. 넘실거리는 산길 아래로 내려다보이는 낙전리 마을의 넉넉하고 평화로운 모습은 보는 이의 마음을 푸근하게 해준다. 압곡사(鴨谷寺) 좁은 계단을 올라가는 길에 빛 바랜 나무에 매달린 시 한 수가 목압(木鴨)이 골짜기에 떨어져 생긴 절을 찾은 이들을 먼저 반긴다. 북적이는 좁은 마당을 지나 작은 법당 앞 툇마루에 앉아 산 아래를 바라보면 겹겹이 펼쳐지는 골짜기에서 발산하는 기운에 절로 감탄사가 흘러나온다. <br /><br />압곡사가 자리한 선암산(船巖山)은 군위의 명산 가운데 하나로, 태백산정상에서 뻗어 나온 지맥이다. 선암산 골짜기 깊은 곳에 나무오리도 그 기운을 느끼고 내려 앉은 것을 보면 분면 선암산 압곡사가 자리한 곳이 범상치 않음이 분명하다. 비록 절간에 잘 갖추어진 법당 하나가 없지만, 세상의 온갖 번뇌망상(煩惱妄想)을 떨쳐버리고 파도치듯 펼쳐져 있는 골짜기에서 불어오는 솔바람 소리를 도반(道伴)으로 삼아 조용히 참선과 기도의 힘으로 진리에 눈 뜰 수 있는 도량으로 손색이 없다.<br /> <br />창건 이후 53지식인이 낳음이 이를 증명하고 있다. 예로부터 압곡사에는 세가지 보물이 있었는데, 물맛이 뛰어난 샘(泉)과 보물급 탱화, 아홉 분의 선사영정(禪師影幀)이 바로 그것이다. 그중 탱화는 세속의 욕망으로부터 자유롭지 못해 도난당했으며, 우리가 익히 들어 알고 있는 수월당대선사(水月堂大禪師), 의상조사(義湘祖師), 사명당대선사(四溟堂大禪師) 등 9분의 선지식(善知識) 영정이 모셔져 압곡사의 기운을 더하고 있다.<br>",,054-383-4495,,연중무휴,,,,,,,불가,불가,,"화장실:있음
외국어 안내서비스:불가
"
군위대율리대청,39065,,,대구광역시 군위군 부계면 한밤5길 23-3,36.0587080069,128.6534939387,"대율리는 부림 홍씨의 집성촌으로 대청은 이 마을에서 돌담에 둘러 쌓인 전통가옥들이 산재한 중심부에 있다. 일설에 율리라는 전부락이 사찰지였고, 이 대청은 대종각 자리였다고 한다. 원래 이 대청은 조선전기에 건립되었으나 임진왜란때 소실되었다. 그 후 효종과 숙종 때 각각 다시 수리되어 현재에 이르고 있으며 마을의 경로당으로 사용되고 있다. 현재의 건물은 1632년에 다시 창건된 것으로 학사(學舍)로 사용되던 곳이다. 건물구조는 정면 5칸, 측면 2칸 크기의 건물로 서측퇴간(西側退間)에만 간주(間柱)가 서 있는 누각형 집으로 보존상태가 양호한 건물이다.<br>",,054-380-6063,,,,,,,,,없음,없음,,
군위 대율리 석조여래입상,39065,,,대구광역시 군위군 부계면 한밤8길 21-1,36.0610994116,128.6539854948,"대율리 석불입상은 대율리 전통마을(한밤 마을)의 외진 곳인 미륵댕이에 허리 이하가 파묻혀 있던 것을 1972년 대율사를 지으면서 발굴해낸 보물이다.자연석의 윗면만을 편평하게 한 대좌위에 서 있는 이 불상의 높이는 265cm, 두상의 길이는 60cm, 어깨 폭 84cm의 5등신상으로 광배는 없지만 불신은 완전하다. 얇은 입술과 작은 입, 낮은 코 등은 얼굴을 다소 비만으로 보이게 하지만 통통한 볼 등은 원만함을 느끼게 한다.귀는 길어서 어깨에 닿고 목에는 삼도가 뚜렷하다. 전체적인 면에서는 큰 얼굴, 벌어진 어깨, 유난히 큰 손, 긴 하체 등이 균형을 깨뜨리고 있으나 당당하고 세련된 면모를 보이고 있는 9세기 통일신라불상의 특징을 잘 나타내고 있는 귀중한 석불입상이다.1979년에 경상북도 유형문화재로 지정 받았고, 1989년에는 보물로 지정되었다.<br>",,054-380-6063,,,,,,,,,없음,없음,,
임휴사,42841,,,대구광역시 달서구 앞산순환로 12-25(상인동),35.8101872168,128.5602229926,"* 태조 왕건이 머물던 곳, 임휴사 *<br /><br />대구 시민의 휴식처인 앞산에는 예로부터 고려 태조 왕건과 관련된 이야기와 사찰들이 전해오고 있다. 한창 후백제의 견훤과 접전을 벌일 무렵 수세에 몰린 왕건이 이 곳 앞산에 이르러 은적사, 안일사, 임휴사 등지에서 머물면서 마음을 다스리고는 훗날‘고려‘라는 새로운 시대를 열게 된다. 특히‘임시로 쉬어갔던 절’이란 뜻의 임휴사(臨休寺)는 태조 왕건이 계속적인 패배로 지친 심신을 부처님 전에 달래어 심기일전하고 다시 전장에서 승리를 하게된 계기를 마련한 유서 깊은 호국도량이다.<br /><br />이 후 임휴사는 불조의 혜명으로 법등이 전수되어 1천년 세월을 국가에는 국태 민안을, 민족에게는 자비 화합을 안겨준 지역민의 귀의처로 발돋움했다. 지금은 대구시민의 기도도량이자 휴식공간으로 그 역할을 수행하고 있다. 그러나 안타깝게도 지난 2004년 7월12일 타종교의 광신도로 추정되는 정체불명 괴한이 저지른 계획적인 방화로 인해 요사를 제외한 전각이 모조리 전소되는 어처구니 없는 사건이 발생했다. 법당 내부에 모셔진 불상이나 탱화를 단 1점도 꺼내오지 못할 정도로 순식간에 벌어진 일이었다.<br /><br />임휴사는 아직 화재를 일으킨 범인을 잡아내지 못한 채 고통을 나날을 보내고 있었다. 그러나 천년을 넘도록 지켜온 법등을 한순간에 소멸시킬 수는 없는 일. 임휴사는 2007년 완공을 목적으로 다시 대웅전 불사를 진행하고 관음기도도량으로서 기도와 수행에 전념하고 있다. 거기다 지역민을 위한 ‘마야유치원’을 운영하며 어린이법회를 함께 이끌고 ‘불교전문교육원’을 개설해 교육과 포교에도 최선을 다하고 있다. 또 다음 해인 2005년 부처님오신날에는 경내에서 산사음악회를 개최해 지역주민의 많은 참여와 함께 임휴사가 다시 일어설 수 있는 계기를 마련하기도 했다. 이제 임휴사는 다시는 외부의 불순한 세력에 의해 삼보정재를 훼손하거나 손실을 입는 일이 발생하지 않아야 할 것이며, 그 옛날 태조 왕건의 통일에 대한 의지를 이 곳에서 가다듬었듯이 임휴사도 과거의 불행했던 일을 거울 삼아 불법 홍포의 의지를 다시 한번 드날리기를 염원해 본다.<br /><br /> * 임휴사의 창건배경 및 역사 *<br /><br />임휴사는 일찍이 신라 말엽인 921년(경명왕 5년)에 중국 당나라에서 불법을 수행하여 크게 선풍을 진작하고 귀국한 영조대사(靈照大師:870-947)가 창건한 이래 서기 1811년(순조 11년)에 무주선사(無住禪師)가 중창하였으며 1930년에 포산화상(苞山和尙)이 3창을 하여 오늘에 이르고 있다. 임휴사(臨休寺)라는 사명(寺名)은 후삼국시대에 백제와 고려의 각축장이 되었던 팔공산 지역에서 고려를 세운 왕건과 후백제의 견훤이 일대 격전을 치른 곳으로 동수대전(棟藪大戰)의 발생에서 찾을 수 있다.<br /><br /> 서기 927년 후백제의 견훤이 신라를 침범해 오자 이 소식을 들은 왕건이 신라를 돕고자 경주로 가던 중 동수(동화사 인근지역)에서 견훤을 만나 일대 격전을 벌이게 되었다. 이 싸움에서 왕건은 크게 패하여 생명 조차 위태로운 지경에 이르렀을 때 왕건의 심복인 김락의 호위를 받은 신숭겸이 왕건의 투구와 갑옷으로 위장하고 달아나자 견훤이 이를 진짜 왕건으로 보고 쫓아가 죽이는 바람에 왕건은 무사히 목숨을 부지할 수 있었다. 왕건은 그 뒤 자신을 대신하여 전사한 신숭겸과 김락을 위해 지묘사(智妙寺)를 지어 위로하였는데 이 지묘사는 후일 없어지고 말았다. 이 싸움으로 인하여 대구는 왕건에 관련된 지명이 남게되었는데 왕건의 군사가 크게 패하였다는 파군재(破軍齋), 왕건의 탈출을 비추어 주던 새벽달이 빛났다하여 반야월(半夜月), 왕건이 혼자 앉아 쉬었다는 독좌암(獨坐巖) 등을 비롯하여 앞산의 대덕산은 은적사, 안일사와 왕건이 탈출하다가 임시로 군막을 치고 피곤한 몸을 잠시 쉬어 갔다고 하여 임휴사(臨休寺)라는 사명이 만들어 졌다.<br /><br /왕건은 이곳에서 쉬면서 부처님 전에 기도를 드리고 전열을 가다듬어 비로소 마음의 평정을 되찾아 결과적으로 후삼국통일의 발판이 되었다. 창건 이후 조선 중기까지의 역사는 전해오는 자료가 없어 자세히 알 수 없으나 무주선사와 포산화상의 중창 이후 1996년 혜담(慧潭)스님이 법당과 요사를 중창했다. 그러나 2004년 7월12일 새벽 인화물질로 추정되는 통을 든 괴한의 방화로 1999년 완공한 대웅전 40평과 산신각 8평, 대웅전에 봉안된 삼존불과 탱화 2점 등이 전소됐으며 반야당 일부도 소실됐다. 이에 임휴사는 장기적인 복원불사 계획을 추진하고 있는데 먼저 소실되어버린 대웅전 불사를 오는 2007년까지 마무리할 예정이다. 그리하여 이 귀중한 역사의 현장을 오롯이 되살려 후대를 사는 이들에게 생생한 역사교육의 터전이 되도록 복원의 원력을 세우게 된 것이다.<br>",,053-632-4844,,연중무휴,,,,,,주차 가능,불가,불가,,
화장사(대구),42962,,,대구광역시 달성군 비슬로522길 41 화장사,35.8027425408,128.5017700139,"* 칠성바위라는 지석묘가 있는 사찰, 화장사 *<br /><br />대궁의 외곽지역이었던 달성군 화원읍은 원래 원예작물, 양돈, 양계 등 도시근교농업이 발달되었으나 도시확장과 공업지역에 밀려 제조업체의 진출과 위락시설의 확충 등 도시적 기능이 증대되고 구마고속도로, 88고속도로가 화원 중심가를 통과해 점차 농가의 수가 감소하면서 도시화의 길로 접어들고 있다. 화원읍의 가운데에 위치한 화장사는 그러한 도시화의 급변으로 인한 피해자가 될 뻔 했다. 그것은 바로 도시계획에 따라 바로 화장사 경내지 중심에 도로가 놓일 위기에 봉착했던 것이다. 그러나 이러한 화장사를 구해낸 것은 외부의 힘이 아닌 내부의 작은 바위 몇 개였다.<br /><br /> 오래 전부터 칠성바위라고 알려진 이 바위들이 선사시대 지석묘로 알려지고 경내지를 보호해야 한다는 여론이 비등해지자 결국 도로공사 계획을 변경하게 된 것이다. 지석묘로 인해 화장사가 살아난 은 다행스러운 일이지만 부처님의 가피가 아니고서는 일어날 수 없는 일이라며 화장사측은 밝히고 있다. 비록 화장사의 역사가 100년이 채 안되는 짧은 역사를 지니고 있지만 부처님의 위신력은 언제나 넘쳐나고 있다.화장사는 1925년 보원거사(普願居士)라는 신심 있는 한 불자의 발원으로 창건됐다. 그 역시 입적한 뒤 사리 7과가 나와 그의 불심은 짐작할 수 있겠지만, 지금의 자리에 절을 창건한 것은‘화장사’라는 사명처럼 이곳에 연화장세계를 꿈꾸었던 보원거사의 선견지명일 수도 있겠다는 결과론적인 감상이 든다. 현재는 극락보전을 위시해 원통전, 칠성각 등 어엿한 가람을 이루고 짜임새 있는 여러 신행 단체가 화장사를 외호하면서 포교에 앞장서고 있다.<br /><br />* 화장사의 창건배경 및 역사 *<br /><br />화장사는 1925년 보원거사(普願居士) 김영옥(金英玉)의 발원으로 비슬산 서쪽 넓은 터인 화원읍, 즉 현재의 자리에서 창건됐다. 주위 사람들에게 도인이라 일컬어질 정도로 신심이 컸던 보원거사가 입적하자 다비를 하니 사리 7과 나왔는데 이를 부도를 만들어 봉안해 놓으니 그때부터 화장사에 신도들이 구름처럼 모여들었다 한다. 화장사에는 예부터 칠성바위라 부르는 고인돌에 얽힌 전설이 남아 있는데 다음과 같다.달성군 화원읍에 김보원이라는 사람이 살고 있었는데 불경 뿐 만 아니라 한문과 지리에 능통했다고 한다. 그는 독실한 불자였으나 마을 주변에 절이 없어 안타깝게 여기던 중 부처님께 좋은 절터를 가르쳐 달라고 날마다 불공을 드렸지만, 3년 동안 불공을 드려도 허사였다. 그러던 중 어느날 꿈에 신령이 나타나서 돌 7개가 있는 곳을 가리키며 그 중 제일 끝에 있는 돌 주위에 절을 지으라고 일러주었다.<br /><br />다음날 김처사가 그 곳을 찾아가 보았더니 꿈 속에 말해준 7개의 바위가 모두 남쪽으로 향해 있었다. 그런데 그 7개의 바위 중 6개는 모두 거의 붙어 있고 남쪽 끝에 있는 돌만 홀로 떨어졌다. 그 돌은 다른 돌보다 유난히 커 보였으며 주변의 지리적 위치가 상당히 좋았다. 드디어 그는 이 자리에 절을 짓고 열심히 불공을 드리며 일생을 보냈다. 그가 숨을 거둘 때 유언하기를 “내가 죽거든 땅 속에 묻지 말고 화장한 뒤 몸을 살펴보라”고 했다. 그래서 가족들이 그렇게 했더니 오색 찬란한 7개의 사리가 나왔다. 우연인지 필연인지 사리의 수가 칠성바위의 수와 같아 사람들은 부처님의 절을 짓게 해주 주신 자비에 대해 열심히 노력한 기도의 결과라 생각하고 이름을 ‘화장사’라고 짓기에 이른다.그 뒤 1980년대 김지우(金知愚)스님이 주석하면서 화장사의 가람을 하나씩 이루어 나가기 시작해 지금에 이르고 있다.<br>",,053-632-5516,,,,,,,,주차 가능,불가,불가,,"화장실:있음
외국어 안내서비스:불가
"
대구 구 동촌역사,41143,,,대구광역시 동구 동촌역사로3길 35(입석동),35.8901603738,128.6498350987,"동촌역은 1917년 11월1일 보통역으로 영업개시하여, 1928년7월1일 국철로 편입되어 1938년 대구-영천간 광궤선으로 개량되었다. 현재 대구선에는 원형을 유지하고 있는 역사로는 반야월역, 동촌역, 금호역이 있지만 그 중에서 동촌역이 원래의 원형을 잘 유지하고 있으며 지붕형태의 디자인도 탁월하다. 특히, 철로변에서 보이는 박공지붕과 조정실의 작은 박공이 균형을 이루고 있다. 대합실의 천장은 ‘ㅅ’형태로 마감되어 있으며 창호, 목구조 등은 원형의 모습을 그대로 보여주고 있어 1930년대 가장 잘 남아있는 우리나라의 대표적인 간이역으로 건축사적 가치를 가지고 있다. 현재는 '동촌역사 작은도서관'으로 이용되고 있다. <br>",,053-662-2361,,,,,,,,,없음,없음,,