명칭,우편번호,관리자,전화번호,주소,위도,경도,개요,문의 및 안내,규모,수용인원,이용시간,쉬는날,이용요금,할인정보,관람소요시간,주차시설,주차요금,유모차 대여 여부,애완동물 동반 가능 여부,신용카드 가능 여부,상세정보
수성아트피아,42188,,,대구광역시 수성구 무학로 180(지산동),35.8294724001,128.6282831320,"2007년 5월 개관한 수성아트피아는 대구를 대표하는 명품아트센터로서 공연, 전시, 예술아카데미 세분야의 독자적 전문공간을 보유하고 있으며 타 공연장과 현경이 다른 외관과 내실로 공연장 운영에 차별화를 두고 있다.
수성아트피아는 회관이 위치한 무학산의 이미지를 살려 전면에서 보면 학이 날개를 펴고 비상하는 형상, 옆모습은 현 위치에 큰 연못이 있었다하여 배의 형상을 담고 있다. 또한, 야간 경관 조명을 설치하여 건축상부와 지붕라인, 수직라인을 부각한 학의 이미지와 바닥분수, 테마별 식재한 조경식수 등으로 대구의 새로운 관광명소로 자리잡고 있다. 객석 맨 뒷줄과 무대 맨 앞줄의 거리가 21m로서 초대형 공연장이며, 오페라, 뮤지컬, 발레, 연극, 무용, 음악회, 콘서트 등 여러 장르의 공연예술을 자유롭게 연출 가능한 아트센터이다. 또한 명품전시, 예술아카데미 등을 통하여 다양한 문화를 소개하고 체험하여 문화적 삶의 질을 더 높이고 상호간의 문화향유를 지향하는 IT예술 공간이다.",,"대지면적 : 18,035㎡ (지하2층, 지상3층)<br />
건축면적 : 3,658.21㎡","공연장 : 대공연장(용지홀) 1,159석 / 소공연장(무학홀) 301석<br> 전시실 : 대전시실(호반갤러리) 97평 / 소전시실(멀티아트홀) 35평 / 예술아카데미",,,공연에 따라 다름,"[장애인] 1급-3급 50%할인(동반 1인까지), 4급-6급 50%할인(본인에 한함)<br/>
[국가유공자] 본인에 한해 50%할인(동반 1인)",,주차 가능,무료,없음,불가,가능,"대관안내:대관시설 : 용지홀(대공연장), 무학홀(소공연장)<br />
※ 공연대관 문의 053-668-1568
"
행복북구문화재단 어울아트센터,41447,,,대구광역시 북구 구암로 47(관음동),35.9347756378,128.5466429499,"1999년 북구문화예술회관으로 시작한 어울아트센터는 북구의 발전 역사와 함께 해온 문화의 시작점이다. 리듬의 음율처럼 다채로운 높낮이를 가진 아트센터에는 425명을 수용할 수 있는 공연장과 60평의 전시장이 있다. 지난 2015년 생활문화센터를 개소하면서 작은 공연장과 야외공연장, 작은 전시장도 새롭게 마련되었다. 아트센터를 둘러싼 다양한 꽃과 나무들은 사계절 마다 다른 모습으로 맞이하며, 사이 사이 전시된 조각 작품과 어우러져 누구에게나 열려있는 조각공원이 된다. 이처럼 여러분의 어울아트센터는 전문적인 공연, 전시를 비롯해 생활문화예술을 경험할 수 있는 작지만 강한 복합문화공간으로 지역의 문화 지평을 넓혀가고 있다. 
(출처: 행복북구문화재단 어울아트센터)",,"공연장 2,107㎡ / 전시실 217,3㎡",,공연장 10:00~22:00<br>전시장 10:00~18:00<br>※ 자세한 사항은 홈페이지 참조,연중무휴,공연별 상이<br>전시별 상이<br>※ 자세한 사항은 홈페이지 참조,,,가능,무료,없음,불가,없음,"사업내용:공연, 전시, 문화강좌프로그램 운영
대관안내:공연장, 전시실, 야외공연장 대관 가능<br />
문의 : 행복북구문화재단 문화사업본부 053-320-5120
"
경북대학교박물관,41566,,,대구광역시 북구 대학로 80(산격동),35.8906568441,128.6121828463,"경북대학교 박물관은 1959년 개관이래 유물의 수집과 보존, 전시, 연구 등을 통하여 대구/경북지역의 중추적인 문화시설로서 최근에는 문화강좌, 문화유적답사, 특별전시회 등 사회교육과 전시 기능을 강화하여 지역사회 주민에게 우리문화에 대한 정보를 제공하며 각 시대의 삶과 경험을 이해하고 다른 문화와 관습에 대해 폭넓은 사고를 하는데 기여하고 있다.<br> 고고, 역사, 미술, 민속 등 소장품과 함께 학술조사연구 등의 자료와 기획전시 및 전시실의 관람이나 문화강좌와 문화유산답사 등 각종 행사에 직접 참여할 수 있도록 하고 있다.<br>",,"전체 부지면적 16,000㎡(4,840평)<br>건물면적 2,176㎡(1,660평)<br>지상 
3층, 반지하 1층의 철근콘크리트 건물과 야외전시장 13.824㎡(4,183평)",,10:00~17:00,일요일 및 공휴일,무료,,,주차 가능,,없음,불가,없음,"한국어 안내서비스:휴대용 음성전시안내기 대여<br />
- 대여일시 : 10:00~16:00<br />
- 대여장소 : 박물관 1층 안내실<br />
- 대여방법 : 안내실에서 신분증을 맡기고 대여<br />
- 대여료 : 무료<br />
- 음성안내시간 : 총 1시간 30분
"
군위문화원,39019,,,대구광역시 군위군 동서2길 35 군위생활문화센타,36.2330643841,128.5675660557,"군위문화원은 지역주민을 위한 군위음악회, 경상북도농악경연대회, 문화학교와 문화유적탐방 등의 문화원 행사를 진행하고 있다.",,,,"09:00~18:00<br />
※ 강좌시간에 따라 변동 가능","토요일, 일요일, 공휴일",,,,주차 가능,,없음,불가,없음,"사업내용:향토사위원 회의, 군위마을지 발간, 군위음악회, 문화유적탐방, 회원연수, 향우회교류, 출향작가초대전 및 향토작가 전시회, 경상북도농악경연대회, 가요교실, 청소년향토문화유적탐방, 문화학교, 문화교실, 주민문화강좌 및 예술단초청공연, 충효교실, 실버문화학교
"
대구서구문화회관,41759,,,대구광역시 서구 당산로 403(이현동),35.8728270789,128.5455336604,"대구광역시에 있는 서구 문화회관은 1998년 3월 5일 개관하였으며, 지역 문화 예술 진흥에 기여하고 향토예술의 향상발전과 구민들에게 공공집회의 편의를 도모하기 위해 설립되었다. 문화회관에서는 공연장, 전시실, 시청각실, 야외공연장을 대관하며, 공연기획 및 전시기획을 추진하고 있다. 서구여성합창단을 운영하고 있으며, 취미교실 및 스포츠교실도 운영하고 있다.",,"대지 : 8,538㎡ (2,582.7평)<br />
건물 : 5,834.35㎡(1,764.88평)<br />
지하 1층, 지상 3층","공연장 452석(1층 242석, 2층 210석), 야외공연장 370석",,,,,,주차 가능,,없음,불가,없음,"대관안내:* 신청방법 : 전화예약, 방문접수 <br />
* 사용장소 : 공연장,  전시실, 야외공연장 <br />
* 사용시간 : 09:00~12:00(오전), 13:00~17:00(오후), 18:00~22:00(야간) <br />
* 문의전화 : 공연장 053-663-3095, 전시실  053-663-3085
"
서구어린이도서관,41758,,,대구광역시 서구 문화로 123(이현동),35.8743074824,128.5463779885,"서구어린이도서관은 디지털도서실을 비롯해서 체험학습공간과 시청각실, 문화교실 그리고 엄마와 함께 할 수 있는 유아열람실이 갖춰져 있다.<br>",,"부지면적 : 700㎡ <br />
연면적 : 1,624㎡(지하 1층, 지상 3층)",,"평일(화~금) : 09:00~18:00<br />
주말(토~일) : 09:00~17:00","매주 월요일, 일요일을 제외한 법정공휴일, 임시공휴일, 도서관장이 필요하다고 인정한 경우",,,,주차 가능,,불가,불가,없음,
대구북구청소년회관 아트홀,41516,,,대구광역시 북구 검단로 71-17,35.9057718708,128.6160598608,"북구청소년회관은 청소년이 주체가 되는 청소년 문화의 요람을 조성하고 청소년 삶의 양식 및 문화가치를 고양시키며, 주민의 여가활용과 기회제공 및 삶의 질 향상에 도움을 주고 적극적인 생활체육활동을 통한 건강을 증진시키기 위해 설립되었다. 또한 청소년들의 놀이공간 및 문화공간을 마련하여 다양한 참여를 할 수 있도록 기회를 제공하고 있다.

[북구 청소년회관 건립 유래비]
『 대구의 영봉 팔공산의 웅자한 자태와 유구한 금호강을 인접한 이 곳 대불산 자락에 자리한 북구 청소년회관은 원래 대불산 옆 대불지(일명 배자못)가 오랜 세월동안 ""아래들""을 비롯한 산격.검단동 일대의 농토를 비옥하게 적셔주던 것을 이 일대가 유통단지 등으로 개발되면서 그 용도가 택지로 바뀌게 되어 이를 기념코자 당시 제2대 대구광역시 북구의회에서 ""대불지기념사업특별위원회""를 구성하여 문희갑 대구광역시장 면담 등의 노력을 통해 사업비를 확보하여 우리지역 청소년들이 장래 국가와 지역사회를 이끌어 갈 튼튼한 재목으로 성장할 수 있는 터전을 마련하고 지역주민의 여가선용 및 문화휴식공간을 제공하고자 1998년 5월 1일 기공식을 갖고 2000년 12월 28일 개관식을 갖기에 이르렀습니다.』",,,극장식 183석(장애인석 2석 별도),공연에 따라 다름,,공연에 따라 다름,,,주차 가능(65대),,없음,불가,없음,"대관안내:[대관접수] 1층 안내데스크 내방 접수<br />
문의 053-383-1300
"
자연염색박물관,41001,,,대구광역시 동구 파계로112길 17,35.9793444686,128.6364782252,"자연염색박물관은 섬유, 염색, 민속에 관련된 유물을 수집‧보존해 우리 전통색의 원류를 찾고 한국 자연염색의 우수성을 세계에 알리기 위해 문을 열었다.<br />박물관 견학은 세계공예예술실에서 시작한다. 아트샾으로 운영되는 이곳에서는 우리나라 뿐 아니라 아시아와 유럽 등 세계 각국에서 제작된 다양한 공예작품이 전시돼 있다.<br />1층 전시실의 중심 공간인 갤러리 아원은 자연염색, 전통공예, 섬유예술 등 다양한 장르의 작품을 만나볼 수 있는 공간이다. 2층 유물실은 자연염색으로 제작된 전통 유물을 만날 수 있다.<br />민속염직도구실은 자연염색과정에서 필요한 도구들을 모아 놓은 곳. 물독, 술독, 시루, 소쿠리 같은 전통도구와 함께 침염기와 발효기, 증열기 같은 현대적 도구들도 전시돼 있다. <br>",,2543㎡,,10:00~17:00,매주 월요일,"대학생 및 일반성인 - 5,000 / 단체 4,000<br> 
 중고등학생 - 4,000 / 단체 3,500<br> 
 초등학생 - 3,000 / 단체 2,500<br> 
 유아 - 2,000 / 1,500",,40분 내외,주차 가능,무료,없음,불가,없음,"체험프로그램:[자연염색체험]<br />
- 10명 이상 단체기준(관람료 포함) / 일주일전에 예약<br />
- 자연염색 손수건 10,000원<br />
- 명주 넥 머플러 23,000원<br />
- 명주 긴 머플러 30,000원<br />
- 특수 조형 머플러 40,000원<br />
※ 단체 30명 이상일 경우 문의<br /><br />
[한지 및 문양체험]<br />
- 한지식물염색 10,000원<br />
- 한지접시만들기 18,000원<br />
- 한지인형만들기 65,000원
한국어 안내서비스:가능
예약안내:전화로 예약 가능(053-981-4330, 010-3813-3040)
"
대구근대역사관,41918,,,대구광역시 중구 경상감영길 67(포정동),35.8717808158,128.5911630018,"대구광역시 중구 포정동에 위치한 역사관은 1932년 건립된 옛 조선식산은행 대구지점으로 설립한 서양풍의 건물로 일제강점기때 조선에 대한 금융지배와 식민지 수탈의 상징으로 악명이 높았던 건물이 좋은 일을 하는 곳으로 지난 1월 24일 개관했다. 지금은 시 유형문화재로 지정되어 있다. 역사관은 규모(연면적 1971㎡)이며 1층 상설전시실과 2층 기획전시실, 체험학습실, 문화강좌실 등을 갖추고 있다. 역사관은 19세기 후반~20세기초 대구의 생활, 풍습, 교육, 문화 등을 모형과 전시물, 영상 등으로 실감나게 전해준다.<br>",,1971㎡,50명,"매일 09:00 ~ 18:00 <br />
※ 관람종료시간 10분 전까지 입장 완료","1월 1일, 설·추석 당일, 매주 월요일(공휴일인 경우 그 다음날), 박물관 시설 안전점검이나 시설수리 시 필요한 기간, 그 외 박물관장이 필요하다고 인정하여 정하는 휴관일",무료,,,,,불가,불가,없음,"체험프로그램:동화구연 체험교실, 문화가있는날(바느질특강), 전통문화체험교실, 꿈나무체험교실 
대관안내:[대관시설] 문화강좌실 (문의 : 053-606=6431)
예약안내:전화로 가능(문의 053-606-6430)
"
대구콘서트하우스 (구.대구시민회관),41902,,,대구광역시 중구 태평로 141(태평로2가),35.8758692889,128.5937071082," 2011년 4월부터 2013년 8월까지 2년 6개월의 공사기간을 거쳐 대공연장은 처마 및 열주기둥을 살리는 리노베이션을, 공연지원관은 신축하여 국제적 수준의 음향시설을 갖춘 전문 콘서트홀로 재탄생하게 되었다. 콘서트홀(대공연장)은 1,284석, 챔버홀(소공연장)은 248석, 주차장 287대(지하주차장 215대, 주차타워 72대), 전시실, 연습실, 근린생활시설 등으로 조성되었다. 특히, 콘서트홀(대공연장)의 경우 최적의 소리를 찾아내는 변형 슈박스 형태의 홀로 조성되었으며, 관객과 연주자의 거리를 좁혀 시각적, 청각적 생동감을 제공할 수 있게 되어 최고의 음향시 설을 갖춘 국제적 수준의 전문 콘서트 홀로 탄생하게 되었다.<br>",,"부지면적 10,330.60㎡ / 연면적 26,793.75㎡<br />
대공연장 6,457.79㎡(1,953평) / 공연지원관 20,335.96㎡(6,152평)","콘서트홀(대공연장) 1,284석(2층 594석, 3층 212석, 합창석 192석, 발코니석 272석, 장애인석 14석) <br />
챔버홀(소공연장) 248석",09:00~18:00,"법정공휴일, 매주 월요일(공연장에 한함)",공연에 따라 다름,,공연에 따라 다름,"주차 가능(287대 - 장애인 9대, 경차 12대 포함)",대구콘서트하우스 문의 053-250-1400,없음,불가,없음,"사업내용:문화가 살아 숨쉬고 감동이 함께하는 공연문화예술의 메카
대관안내:대관시설 - 공연장, 전시실 <br />
※ 문의연락처 053-250-1400
"
계명대학교 행소박물관,42601,,,대구광역시 달서구 달구벌대로 1095,35.8557918555,128.4888835704,"* 지역사회의 역사와 문화를 위한, 계명대학교 행소박물관 *
계명대 행소박물관은 ""지역사회의 역사와 문화 및 민중생활의 연구""에 목표를 두고 1978년 5월 대명동캠퍼스 동서문화관에서 개관하였다. 그동안 경북 내륙지역에서 신석기 시대부터 조선시대에 이르는 다양한 유적을 발굴조사 및 연구를 수행하였으며, 특히 가야사 복원연구에 심혈을 기울여 왔다.

2004년 5월 20일 개교 50주년에 맞추어 성서캠퍼스에 6,611m² 규모의 신축박물관을 개관하여 재도약을 시작하였다. 이 신축박물관에는 한반도 역사를 한 눈에 볼 수 있는 상설전시실과 특별전시실 등 1,719m²의 전시 공간과 시청각실, 학예연구실, 보존과학실, 유물정리실, 유물수장고, 뮤지엄카페, 뮤지엄샵 등 다양한 부대시설을 갖추어 전시, 학술연구, 문화교육, 휴식처로 활용할 수 있는 문화종합공간으로 자리매김하고 있다. 특히, 조선시대 양반 가옥을 복원해 놓은 계명한학촌과 계명서당과 연계 한문화투어코스는 대구의 새로운 문화명소로 각광을 받고 있다.

* 행소박물관의 전시실 안내 *
행소박물관에는 계명역사자료실, 제1전시실, 제2전시실, 로비전시실 등의 전시실이 조성되어 있다. 계명역사전시실에서는 설립초기의 인가 협정서 등의 중요문서, 개교 당시의 각종 자료, 역대총장이사장의 초상화, 발전모습이 담긴 중요행사의 사진, 학보, 앨범, 기념품,신문기사, 학생활동, 국제협력 자료 등이 있다.

제1전시실은 시대별 전시실로 한반도의 구석기시대 문화와 대구 경북지역을 중심으로 한 신석기시대, 청동기시대, 초기철기시대, 원삼국시대의 문화상을 다루고 있다. 

제2전시실은 삼국시대에서 조선시대에 이르는 시대별 전시실로 꾸며져 있다. 

로비전시실은 국보인 울산 천전리 암각화와 1956년에 설치된 계명기독대학 최초의 종 및 계명 50년의 역사를 보여주는 사진들이 전시되어 있다.",,"연면적 6,611㎡ 의 독립건물(박물관) 중에 전시공간은 2,049㎡ <br />
 야외공간 7,603㎡",,"10:00~17:00<br />
※ 입장은 16:30까지 가능","일요일, 1월 1일, 설·추석 당일",무료(대관전시시 별도),,,주차 가능,,없음,불가,없음,"사업내용:매년 특별전 개최, 유적 발굴조사 및 문화재분포조사, 박물관대학
한국어 안내서비스:단체관람시 요청에 한하여 전시안내
예약안내:유치원(학원), 초. 중. 고등학교 단체 사전 예약(홈페이지 및 전화예약) <br />
※ 문의 : 학예연구실 053-580-6992~3
"
대구교육대학교 교육박물관,42411,,,대구광역시 남구 중앙대로 219(대명동),35.8530690041,128.5889414958,"* 한민족의 역사와 문화유산을 보존하고 계승하는 대구교육대학교 교육박물관 *
대구광역시 남구에 위치하고 있는 대구교육대학교 교육박물관은 교사양성대학 박물관의 특징을 살려, 민족의 역사와 문화유산에 관계되는 역사학·고고학·민속학에 관계되는 자료 및 교과서와 교육자료 그리고 우리 대학의 교사자료를 수집·보관·전시·교육 연구함으로써, 국민 기초교육을 담당할 예비교사들에게 문화재의 올바른 이해와 민족문화의 애호정신을 고취하고, 나아가서 모교에 대한 애교심과 국민의 사표로서 사도정신을 함양하여 유능한 교사교육에 이바지하는데 설치목적이 있다.

* 대구교육대학교 교육박물관의 역사 *
박물관은 일찍이 1975년 10월에 향토관으로 첫 출범하여 어언 한 세대가 흐르는 가운데 역대 총장님들과 박물관장님들 그리고 대학 구성원 여러분들의 적극적인 협조와 노력으로 장족의 발전을 거듭하여 이제, 각종 역사 고고, 민속자료, 교과서 교육자료, 그리고 우리 대학의 교사자료를 포함하여 총 6천여 점을 넘게 소장하는 교육대학 굴지의 박물관으로 발전하였다.
그러나 사반 세기동안 도서관 2층 좁은 공간에서 귀중한 소장자료를 다 전시하지 못하다가 지난 2001년 8월에는 본관 5층으로 확장 이전하고, 2002년 10월에는 종래의 고고역사실과 민속자료실에다가 추가로 교과서·교육자료실, 그리고 校史 전시실을 마련하여, 박물관의 모습을 일신하게 되었다.",,454.32㎡,,"10:00~17:00<br />
※ 폐관시간 30분전까지 입실","주말, 법정공휴일, 개교기념일(3.26)",무료,,,주차 가능,,없음,불가,없음,"사업내용:1) 문화재 전시 및 향토사 교육<br>
 2) 유치원생, 초등학생 및 본교 재학생을 대상으로 한 현장학습<br> 
 3) 매장문화재 발굴. 조사 및 연구, 정리
"
동원화랑,41959,,,대구광역시 중구 봉산문화길 42,35.8620126066,128.5981626570,"* 19년 전통의 화랑, 동원화랑 *<br>1982년 2월 개관한 동원화랑은 보다 편리하고 풍부한 작품들과 만날 수 있는 공간을 만들겠다는 일념으로 19년 동안 매진해왔다. 주된 사업으로는 신축건물 환경미술 컨설팅 업무를 들 수 있으며, 유수 작가들의 그림/ 미술품 대여 사업도 병행하고 있다.<br><br>* 대구의 예술 거리, 봉산동 *<br>대구광역시 중구 봉산동은 예술거리라고 칭할 수 있다. 주변에 다수의 화랑과 갤러리들리 들어서있어 대구의 문화예술 환경을 한눈에 볼 수 있기 때문이다. 봉산동에 있는 화랑으로는 예송갤러리, 신미화랑, MJ 갤러리, 중앙갤러리, 동원화랑 등이 있다.",,,,10:30~18:00,매주 일요일 (기획전시 중에는 무휴),,,,없음,,없음,불가,없음,"사업내용:1) 신축건물 환경미술 컨설팅 업무<br />
2) 유수 작가들의 그림/ 미술품 대여
"
중앙갤러리,41959,,,대구광역시 중구 봉산문화길 34(봉산동),35.8616320928,128.5981071169,"* 작가와 애호가 사이의 교량 역할을 수행하는, 중앙갤러리 *<br /><br />중앙갤러러는 대구 중구 봉산동에 있다. 1987년 개관하여 기획전이나 초대전을 열었으며, 미술에 대한 정보를 정확히 파악해 작가와 애호가 사이에 실리 있는 교량역할을 하고 있다. 한, 서양문화에 가려 가볍게 다루어지거나 잊혀져가는 근대 회화를 꾸준히 취급하고 있다.<br>",,,,10:00~19:00 (전화문의),"매주 일요일, 설날, 추석",무료,,,없음,,없음,불가,없음,"사업내용:상설전시, 기획전시
"
대구 중구문화원,41958,,,대구광역시 중구 봉산문화길 77(봉산동) 봉산문화회관 4층,35.8634068630,128.5965738691,"* 향토문화를 발전 계승하는 대구 중구문화원 *<br />
중구문화원은 향토문화의 보존, 전승, 발굴 및 계발을 통한 지역문화의 창달과 역사와 전통을 자랑하는 대구문화의 꽃을 피우기 위하여 노력하고 있다. 대구 문화원은 8개 구ㆍ군문화원이 연합하여 운영되고 있는데 이 연합회는 8개 구ㆍ군문화원의 다양하고 특색있는 창조적 지역문화 활동을 통해 지방화시대 대구문화의 위상을 세계에 널리 알리고 전승하는 것이 주된 사업 목적이다.<br>",,전용면적 161평,,09:30~17:30,"토요일, 일요일, 공휴일",,,,주차 가능,,없음,불가,없음,
달성문화원,42988,,,대구광역시 달성군 현풍면 현풍동로 92,35.6989033745,128.4520133654,"* 달성군의 문화 계승과 발전을 위해 노력하는 달성문화원 *<br /><br />달성문화원은 1985년 11월 향토문화예술 진흥을 목적으로 설립된 공익법인 단체이다. 대구, 달성은 같은 뿌리로 1914년 지역개편에 따라 중심부를 대구로 하고 외곽지와 현풍군을 합병하여 16개면으로 발족되었으며, 대구시세 확장에 따라 7개 읍, 면이 대구에 편입되어오다가 1995년 3월 경상북도에서 대구광역시로 달성군 9개 읍, 면이 편입되어 81년만에 옛 모습으로 다시 통합되었다.<br /><br />달성군에 위치하고 있는 비슬산에는 불교문화, 낙동강에는 유교문화가 발달하였다. 불교문화의 대표적인 것으로는 옥포 용연사의 석가 진사리를 모신 석조계단(보물)과 유가종의 고향땅인 유가사(유가란 인도 범어인 YOGA에서 비롯된 결합, 조화, 균형의 뜻)와 참선으로 유명한 도성암, 임진왜란때 사명대사가 승병훈련장으로 사용한 남지장사와 속암 청련암(유형문화재)등이 있다.<br /><br />유교문화로는 조선조 5현의 수현인 한훤당 김굉필 선생을 모신 도동서원(보물), 임진왜란때 의병대장 충익공 망우당 곽재우 선생의 위폐를 봉안한 예연서원(기념물)등 많은 문화재가 산재되어 있다. 이러한 지역 문화를 기반으로 다양한 향토문화를 발굴 계승하는 것이 달성문화원의 주된 사업의 목표이다.<br /><br />* 달성문화원의 주요사업에 대하여 *<br /><br />달성문화원은 지역 문화의 발굴과 계승을 위하여 다양한 문화 프로그램 및 지역 축제들의 사업을 개발 추진 중에 있다. 대표적인 것으로 달성충효문화학교와 청소년문화학교, 문화원 가족 수련대회, 비슬산 참꽃제 산신제 등의 문화 프로그램이 있다. 또한 축제로는 정월대보름 달맞이 기원제 및 축하공연과 미술실기대회, 서예실기대회, 사직제, 달성충효예술제(미술외 6종 전시), 군민의 날 기념 축하공연 등이 있다.<br>",,전용면적 613평,,09:00~18:00,"토요일, 일요일 공휴일",,,,주차 가능,무료,없음,불가,없음,"사업내용:지역사회 개발 및 문화진흥(고유문화 개발, 보존, 전승, 향토사 조사연구, 지역문화행사, 지역문화 사회교육)
"
예송갤러리,41959,,,대구광역시 중구 봉산문화길 56(봉산동),35.8625736428,128.5975960246,"* 미술인구 저변 확대를 꿈꾸는 화랑, 예송갤러리 *<br />
예송갤러리는 1992년에 개관하였으며, 대구의 중심지역인 중구 봉산동 문화거리의 중앙에 있다.<br />
내부 전시장 크기는 약 30여 평이며 바닥은 원목으로 되어있고 조명시설은 형광등, 쿨빔, 할로겐, 스포트 등 다양하게 갖춰져 있다. 또한, 완벽한 냉·난방 시설과 고급 음향시설, 고급 인테리어를 자랑한다.<br />
화랑 운영은 서양화를 주로 취급하고 있고 초대전 및 기획전 위주로 운영하되 약간의 대관전도 병행하고 있다. 또한, 유능한 작가의 창작지원과 미술인구의 저변확대, 투명한 미술품 거래, 미술문화 수준향상을 위해 노력하고 있는 화랑이다. <br />
<br />
* 대구의 예술 거리, 봉산동 *<br />
대구광역시 중구 봉산동은 예술거리라고 칭할 수 있다. 주변에 다수의 화랑과 갤러리들리 들어서있어 대구의 문화예술 환경을 한눈에 볼 수 있기 때문이다. 봉산동에 있는 화랑으로는 예송갤러리, 신미화랑, MJ 갤러리, 중앙갤러리, 동원화랑 등이 있다.<br>",,30여 평,,10:00~19:00,매주 일요일 (전시기간중 무휴),무료,,,없음,,없음,불가,없음,"사업내용:대관 및 전시, 전시품판매
"
국립대구박물관,42111,,,대구광역시 수성구 청호로 321,35.8455790962,128.6383484648,"국립대구박물관은 대구ㆍ경북지역의 특색 있는 문화유산을 보존, 연구 및 전시하는 한편, 각종 사회교육 프로그램 운영 등을 통한 지역 주민들의 문화향수권 신장을 위해 1994년 12월 7일 개관하였다. 대구광역시 수성구 황금동 범어공원 지구 안에 지상 2층, 지하 1층의 아담한 벽돌 건물로 지어진 박물관은 부지 101, 904m²에 건물 연면적 15,027.64m²이다. 국립대구박물관에서는 대구, 경북지역 출토유물의 집성 전시를 통해 영남 지방 선비, 민속문화의 재현 및 선양에 일조하고, 박물관의 사회교육 기능 강화를 꾀하는 것을 목적으로 삼고 있다. 

국립대구박물관의 시설은 전시된 내용에 따라 고고전시실ㆍ미술전시실ㆍ민속전시실 등 늘 열려 있는 세 개의 전시실과 한 개의 기획전시실, 그리고 유물을 보관하는 두 개의 수장고와 각종 문화강좌 및 문화 예술 공연행사가 열리는 강당(360석)이 있다. 또한, 토기 만들기ㆍ탁본 만들기 등 우리 옛 선조들의 생활 모습을 직접 체험할 수 있는 체험학습실, 고고학ㆍ미술사학ㆍ역사일반ㆍ아동도서ㆍ박물관 관련 도서류 등 역사ㆍ문화예술과 관련된 자료가 비치된 도서실(문화사랑방, 6000여 권) 등을 두루 갖추고 있다.",,"대지 101, 904㎡<br />
건물면적 15,027.64㎡","일일수용능력 1,000여명 / 강당 360석 / 시청각실 98석",09:00 ~ 18:00 (17:30 입장마감),"매주 월요일, 1월 1일, 설/추석","무료(상설전시 및 기획전시)<br />※ 단, 유료 특별·기획전시 제외",,약 1시간 내외,"가능(무료, 총 155대/대형 21대, 소형 134대)",,가능,불가,없음,"사업내용:상설전시, 특별전시, 청소년문화강좌, 문화영화 상영, 어린이문화재그리기대회, 박물관대학 운영, 야외체험학습장(염료/약초학습장, 우리곡식학습장, 들꽃산책길, 한자학습장, 고인돌공원) 등
외국어 안내서비스:영어, 일본어, 중국어 가능
예약안내:단체관람(20인 이상)의 경우는 사전에 관람예약
한국어 안내서비스:있음(10:00, 11:00, 13:00, 14:00, 15:00, 16:00)<br />
※ 전시 설명 시간에 맞추어 1층 안내데스크 앞에서 대기<br />
※ 전시내용 설명은 약 40분 정도 소요되며, 1회 약 30명 내외로 제한함
대관안내:기획전시실, 강당, 시청각실, 강의실 등 대관가능 <br />
문의 053-760-8507
"
대구어린이세상,42110,,,대구광역시 수성구 동대구로 176(황금동),35.8466898866,128.6277826972,"대구어린이세상은 백만인 모금걷기운동을 시작하여 200만 시민의 힘으로 1983년 개관 후 약 40년 정도 시민들 곁에서 어린이들을 위해 운영되어오다 3년간 리노베이션을 통해 2023년 대구어린이세상으로 재개관하였다. 대구어린이세상에서는 4가지 영역의 테마 체험존(아기꿈 탐험대, 자연 탐험대, 사회 탐험대, 시간 탐험대)을 통해 보고· 듣고·만지고·느끼고·활동하는 오감을 활용한 다양한 참여형 체험활동을 제공한다.
Hans On : 어린이들이 만지고 느끼는 체험활동
Mind On : 부모님과 아이들이 함께 공감할 수 있는 체험활동
어린이의 건강한 성장발달을 돕고 흥미유발과 꿈과 희망에 기반이 되는 공간으로 어린이의 희망, 꿈, 행복을 만들어 나가는 공간이다.",,"면적  147,558.3㎡(44,636평)<br>
문화관(본관) 5,628㎡<br>
꾀꼬리극장(별관) 2,952㎡<br>
희귀선인장, 기타 381㎡",,"09:00~18:00<br />
※ 자세한 사항은 홈페이지 참고","1월 1일, 설/추석<br>
매주 월요일(단, 월요일이 공휴일인 경우 정상운영)","꿈누리관 4,000원 (자세한 사항은 홈페이지 참고)",,,대구 시설관리공단운영 유료주차장 이용(문의 1577-6446),"16인승 미만(승용차 등) - 2시간까지 1,000원 / 2시간 초과 2,000원<br>
16인승 이상~45인승 이하 - 2시간까지 2,000원 / 2시간 초과 4,000원<br>
45인승 이상 (대형버스 등) - 2시간까지 3,000원 / 2시간 초과 6,000원",없음,불가,없음,"사업내용:1) 과학교육시설, 유희시설 및 문화전시실 운영<br>
 2) 꾀꼬리극장 대관 및 운영(음악회, 연주, 아동극, 웅변, 재롱잔치 등)<br>
 3) 어린이날 행사, 글짓기, 동요부르기, 독서감상문 모집, 아동극 공연 등 각종 어린이 문화예술행사 추진<br>
 4) 각종 편의시설과 조경수목 유지·관리
<br>
대관안내:대관문의 053-760-0613
"
신미화랑,41959,,,대구광역시 중구 봉산문화길 34(봉산동),35.8616320928,128.5981071169,"* 시민의 미술소양 향상을 꾀하는, 신미화랑 *<br /><br />대구 중구 봉산동에 위치하고 있는 신미화랑은 1984년 개관하였다. 30여 평의 규모로 기획초대 및 대관, 전시 및 문화 사업을 주된 사업으로 운영하고 있다.개관 이래 대관전과 다수의 초대전, 기획전을 병행함과 아울러 다양한 예술 활동을 폭넓게 수용하고 있다. 이러한 것을 기반으로 미술인의 창작활동 신장 및 시민들의 미술소양 향상과 즐거움을 더해줄 아늑한 미술전문 공간으로 이루어져 있다.<br /><br />* 대구의 예술 거리, 봉산동 *<br /><br />대구광역시 중구 봉산동은 예술거리라고 칭할 수 있다. 주변에 다수의 화랑과 갤러리들리 들어서있어 대구의 문화예술 환경을 한눈에 볼 수 있기 때문이다. 봉산동에 있는 화랑으로는 예송갤러리, 신미화랑, MJ 갤러리, 중앙갤러리, 동원화랑 등이 있다.<br>",,30여 평,,10:00~19:00,매주 일요일,무료,,,불가,,없음,불가,없음,"사업내용:기획초대, 대관, 전시 및 문화사업
"
가창창작스튜디오&스페이스 가창,42940,,,대구광역시 달성군 가창면 가창로57길 46,35.7377194385,128.6583163709,"가창창작스튜디오는 유망한 신진 예술가들에게 안정적인 창작공간을 제공하여 창작활성화 및 예술교류 활동을 증진하고, 지역주민연계프로그램을 통한 지역문화예술 향유권 신장 및 커뮤니티 활성화를 추진하고 있다. 가창창작스튜디오는 지역 유일의 현대미술 창작공간으로 2007년부터 우록분교 폐교를 대부하여 현대미술분야 젊은 작가들의 창작공간으로의 역할을 하였다.<br /><br />[출처] 가창창작스튜디오<br>",,40평,,,,무료,,,주차 가능,무료,없음,불가,없음,"사업내용:유망작가 발굴 및 한국 미술계 발전 도모
"
대구 남구문화원,42501,,,대구광역시 남구 앞산순환로 478(대명동),35.8313073556,128.5768876060,"* 남구 문화 도식의 핵심, 남구문화원 *
대구광역시 남구문화원은 1998년 5월 9일 지방문화원 설립법에 의해 설립되었다. 남구 지역민들의 지역 고유문화의 개발 보급, 보존 전승 및 선양 지역 문화행사의 개최 전통 문화 국내외 교류, 기타 지역 문화 발전에 기여할 수 있는 사업 등 지역 문화 개발과 진흥을 목적으로 개원한 남구문화원은 짧은 역사에도 불구하고 남구 주민에게 150여 회에 달하는 각종 문화 행사를 개최하여 건강한 남구 문화 도시를 만들어 가고 있다. 문화원 임원진 20명의 대학교수를 비롯하여 문화 예술 전문인 및 각 분야에서 활동하고 있는 전국의 200여 개 문화원 중 가장 활발한 문화활동을 하고 있는 단체로서 현재 200여 명의 문화원 회원이 등록되어 있다.

* 시민들의 진정한 문화공간으로서의 역할 수행 *
남구문화원은 시민들의 문화생활뿐만 아니라 다양한 생활을 영위할 수 있도록 도움을 주고 있다. 남구문화원은 지하 1층, 지상 3층으로 구성되어 있으며, 공연장과 야외 공연장, 전시실 등 다양한 문화 공간으로 구성되어 있다.",,,,09:00~17:00,"토요일, 일요일, 공휴일",,,,주차 가능,,없음,불가,없음,
대구 북구문화원,41447,,,대구광역시 북구 구암로 47어울아트센터 내 별관 2층 (관음동),35.9347756378,128.5466429499,"* 북구민을 위한 문화 전달자, 대구 북구문화원 *
북구문화원은 1999년 12월 31일 설립되었으며, 지역문화행사와 사회문화활동, 향토문화발굴 및 조사연구, 청소년문화의식 고취, 지역문화교류사업 등의 활동을 하고 있다. 

사업내용으로는 미술전시회, 연주회, 공연, 댄스페스티발, 미술치료, 명사초청강연 등 다양한 문화예술을 통한 문화생활의 질을 높이고, 예술인 및 주민문화활동의 장을 확대하여 찾아가는 문화, 참여하는 문화를 제공하며, 다양한 문화활동으로 지역민들의 문화욕구 충족에 도움주고자 설립되었다. 

* 북구문화원의 주요 활동 및 문화 축제 *
북구문화원에서는 주민문화생활의 질을 높이기 위해 다양한 문화 프로그램 개발 및 운영을 하고 있다. 대표적인 행사로는 새해맞이 북구민 안녕기원 한마당, 폭염댄스페스티발, 북구민을 위한 한 여름밤의 음악회 등을 들 수 있다. 또한, 문화 프로그램으로는 북구문화원 회원 문화탐방과 가족미술치료 등을 추진 운영하고 있다.",,,,09:00~18:00,"토요일, 일요일, 공휴일",,,,주차 가능,,없음,불가,없음,"사업내용:새해맞이 북구민 안녕기원 한마당<br />
북구문화원 회원 문화탐방<br />
가족미술치료<br />
폭염댄스페스티발<br />
북구민을 위한 한 여름밤의 음악회
"
대구 달서문화원,42699,,,대구광역시 달서구 문화회관길 160(장기동),35.8435133161,128.5229809055,"* 차별화된 문화복지사업을 추진하는 달서구문화원 *
2000년 개원한 달서구문화원은 지금까지 지역문화의 중심에서 달서구민을 위한 다양한 문화서비스 제공을 실천해 왔다. 또한, 여러분의 많은 지원과 관심으로 좀 더 차별화되고 실질적인 문화복지사업을 추진하기 위한 일환으로 다양한 문화사업을 추진 운영했다.<br />
* 달서구문화원의 문화 프로그램 *<br />연례사업인 사진공모전, 서예공모전, 달서가요제, 어린이동요대회, 달서문화탐방 등의 사업은 이제 역점 문화사업으로 자리매김을 하고 있으며, 아울러 개설중인 문화학교는 주민의 평생학습을 위한 전통문화강좌 등의 프로그램으로 타 문화시설과의 중복성을 배제하는 범위에서 지역민들이 쉽게 접근할 수 있는 방향으로 사업을 추진하고 있다. <br>",,대지 417.70㎡  연면적476.79㎡ 지하1층 지상3층,,09:00~18:00,"토요일, 일요일",,,,주차 가능,,없음,불가,없음,"사업내용:1) 지역 고유문화의 개발, 보급, 보존 및 선양<br />
2) 향토사의 조사, 연구 및 사료의 수집 보존<br />
3) 지역 문화행사의 개최<br />
4) 문화에 관한 자료의 수집 보존 및 보급<br />
5) 지역 전통 문화의 국내,외 교류<br />
6) 지역문화에 대한 사회교육 활동<br />
7) 지역 환경보존 등 지역사회 발전을 위한 문화활동<br />
8) 기타 지역 문화발전에 기여할수 있는 사업
"
대구 서구문화원,41759,,,대구광역시 서구 당산로 403(이현동),35.8728270789,128.5455336604,"* 서구 문화의 전도사, 대구 서구문화원 *<br /><br />서구문화원은 2000년 개원하여 지금까지 서구 문화의 전도자가 되기 위하여 많은 노력을 기울여 왔다. 지금의 시대는 인터넷 혁명을 통하여 우리의 생활을 근본적으로 바꾸어 나가고 있는 정보화의 물결과 함께, 지식과 정보 네트워크의 중요성을 강조하고 있다. 서구문화원은 우리의 삶, 우리 마을에 문화. 역사가 살아있어야 문화예술, 문화콘텐츠산업도 발전할 수 있고, 또한 우리의 삶이 더욱 인간답고 풍요로운 것이 될 것이라는 생각으로 주민 문화생활 발전을 위해 최선을 다하고 있다. 또한, 다양한 프로그램을 개발하여 문화시설을 찾는 주민들이 즐거움을 갖고 제반 문화공간들을 다시 찾을 수 있도록 최선의 노력을 다하고 있다.<br>",,,,"공연, 전시, 프로그램에 따라 상이",,,,,문화회관 주차장 이용,,없음,불가,없음,
팔공문화원,41009,,,대구광역시 동구 팔공로197길 25(백안동),35.9559730939,128.6891964556,"* 시민의 곁으로 찾아가는 문화, 대구 동구 팔공문화원 * <br />
2000년 3월 20일 설립된 팔공문화원은 지역문화의 거점으로서의 전통문화의 계승과 발전이라는 대전제 아래 지역민들의 문화복지 향상을 위해 노력하고 있다. 동구는 지역은 조상의 숨결이 살아 움직이는 팔공산의 문화유산과 금호강을 중심으로 하는 천혜의 자연환경을 지니고 있다. <br />문화유산과 자연환경의 혜택은 지역민들로 하여금 풍요로운 삶을 영위 하게끔 하였고, 동구지역민의 문화적 토양 제공자로서의 문화원의 역할은 한층 더 중요시 되어 왔다. 이러한 문화원의 역할을 최선의 방법으로 행하고자 하는 것이 팔공문화원의 사업 추진 목적이라 할 수 있다. 

* 지역 주민을 위한 문화 프로그램 * 
지역문화 향상의 구심점으로 자리매김을 하고 있는 동구팔공문화원은 ‘찾아가는 문화복지’, ‘초대하는 문화향유’, ‘참여하는 문화민주 실현’을 위해 다음과 같은 일들을 추진 운영하고 있다. <br />

* 지역의 문화예술 소외주민들을 찾아가는 문화향유 프로그램의 개발과 확대 시행 <br />* 문화복지 실천을 통한 문화민주주의 기반조성 <br />* 참여하는 문화예술 활동을 통한 지역주민들의 문화민주화 의식 고양 <br />* 문화 소외 주민 대상 평생교육 프로그램의 다양한 개발과 운영 <br />* 문화 소외 주민들을 위한 초대하는 문화 프로그램의 확대로 더불어 누리는 문화사회 실현",,611.94m²,,09:00~18:00,"토요일, 일요일, 공휴일",,,,주차 가능,,없음,불가,없음,"사업내용:1) 지역의 문화예술 소외주민들을 찾아가는 문화향유 프로그램의 개발과 확대 시행<br />2) 문화복지 실천을 통한 문화민주주의 기반조성 <br />3) 참여하는 문화예술 활동을 통한 지역주민들의 문화민주화 의식 고양 <br />4) 문화 소외 주민 대상 평생교육 프로그램의 다양한 개발과 운영 <br />5) 문화 소외 주민들을 위한 초대하는 문화 프로그램의 확대로 더불어 누리는 문화사회 실현
"
대구문화예술회관,42672,,,대구광역시 달서구 공원순환로 201(성당동),35.8451165839,128.5594887553,"대구문화예술회관은 장르에 구분 없이 대형작품 공연이 가능한 '팔공홀', 연극공연과 독주회에 강점을 가진 '비슬홀', 그리고 13개의 전시실이 가동 중인 '전시관'을 비롯하여 '야외공연장'과 '코오롱야외음악당'을 보유하고 있는 대구의 대표적인 문화공간이다. 이외에 '향토역사박물관', '방짜유기박물관', '근대역사박물관'을 운영하고 있을 뿐 아니라 '교향악단, 합창단, 국악단, 무용단, 극단, 소년소녀합창단' 등 6개 시립예술단체를 보유하고 있어 어떠한 장르의 작품이라도 자체 생산이 가능하다.<br /><br />* 개관일 : 1990년 05월 21일<br>",,"부지면적 : 66,100㎡ (공연관 5,929㎡, 전시관 13,636㎡)",,"공연, 전시마다 다름",,"공연, 전시마다 다름",,,주차 가능,무료,없음,불가,가능,"체험프로그램:DAC예술아카데미, DAC인문학극장, DAC글로벌인턴쉽, DAC창의체험학습
사업내용:자체 기획공연 및 시립예술단체 공연 및 대관공연
소장품현황:문화유산으로의 가치를 지닌 1,100여점의 소장품 보유
대관안내:공연관 대관문의 : 053-606-6147<br>
미술관(전시실) 대관문의 : 053-606-6137<br>
코오롱 야외음악당 대관문의 : 053-606-6453<br>
달구벌홀 대관문의 : 053-606-6116<br> 
"
대구 코오롱 야외음악당,42672,,,대구광역시 달서구 야외음악당로 180(두류동),35.8510547396,128.5561555513,"시민을 위한 문화의 장, 대구 코오롱 야외음악당

2000년 9월 29일에 개관한 대구 코오롱야외음악당은 단일공연장으로서는 국내 최대의 규모로 두류공원 내에 위치하고 있으며, 지리적 여건으로 인하여 시민들의 사랑을 받고 있는 명소로 부각되고 있다. 

또한, 대구 코오롱 야외음악당은 1만 여평의 넓은 잔디광장에 2만 7천명을 수용할 수 있으며, 음악회를 비롯하여 연극, 뮤지컬, 오페라 등 어떠한 장르의 무대 공연일지라 도 가능하며, 이용자격에 제한을 두지 않는 개방적인 공간이다.


탁 트인 야외에서 휴식을 겸하여 공연을 감상할 수 있으며, 많은 사람들에게 또 다른 문화적 경험을 제공할 대구야외음악당은 지방문화 창달에 크게 기여할 것으로 기대하며, 시민의 곁으로 한 걸음 다가서는 열린 문화공간으로서의 
역할을 다 할 것이다.",,"대지면적 32,330㎡ (9,780평)","고정객석 1,080석(최대 수용인원 27,000명)",오전 09:00~12:00 / 오후 13:00~17:00 / 야간 18:00~22:00,,,,,주차 가능,,없음,불가,없음,"대관안내:신청접수 - 대관심의(수시) - 사용료 납부 - 사용<br>
문의 053-606-6453
"
대백프라자갤러리,41953,,,대구광역시 중구 명덕로 333(대봉동),35.8558412344,128.6063954369,"* 대구 최초의 상업 화랑, 대백프라자갤러리
1971년 5월 대구백화점 본점 4층에 대구에서는 최초의 상업화랑으로 개관한 '대백갤러리' 는 70년대 한국미술과 대구미술사에 있어 중요한 미술전람회를 유치 개최하고 대구미술문화의 중추적 역할을 수행해 왔다.
1993년 대백프라자점 개점과 함께 단일 전시공간으로는 대구 최대규모를 자랑하며 1993년 9월 15일에 개관했으며, 2004년 1월 새롭게 단장하여 재개관을 한 '대백프라자갤러리'는 지역내 수준급 전문갤러리서, 기업이윤을 사회환원 취지로 백화점 고객 및 지역 주민들의 문화생활의 질을 높이고 예술과 근접할 수 있는 기회를 제공하는 고품격 문화공간이다. <br>",,,,"월-목 10:30 ~ 20:00<br>
금-일 10:30 ~ 20:30","매주 월요일, 명절 연휴",무료,,,대구백화점 주차장 이용 (관람시 2시간 무료 이후는 유료),,가능,불가,없음,"대관안내:전시장 대관 가능
"
낙동강승전기념관,42502,,,대구광역시 남구 앞산순환로 574-110,35.8271386024,128.5887866745,"낙동강에는 겨레를 지키는 거룩한 힘이 굽이치고 나라를 통일한 높은 뜻과 슬기가 서려있다. 6.25 동란때 동족을 배반한 붉은 무리들의 총부리도 이 강줄기에 이르러 여지없이 꺽이고 말았다.<br>낙동강 승전기념관은 6.25 한국전쟁 당시 조국수호의 마지막 보루였던 낙동강 방어선에서 침략군들을 물리친 역사적 승리를 기리고 당시 조국에 바친 충성스러운 선열들의 얼을 받들며, 국민들의 호국안보 의식을 드높이고자 1979년 6월 25일 개관하였다. 이 기념관은 다시 대구, 경북 시, 도민의 정성어린 성금으로 세워진 것이다. 특히, 6.25를 겪어보지 못한 전후세대들에게는 전쟁의 참상을 올바로 일깨워 주고 호국안보의식을 고취시켜줄 정신무장의 수련도장으로 활용되고 있다.

* 개관일 : 1979년 6월 25일",,"부지 10,990㎡ (3,294평) / 연건평 2,050㎡ (620평)",1일 평균 800명 내외,10:00~17:00,연중무휴,무료,,,주차가능,,없음,불가,없음,"소장품현황:* 실내 - 총기류 85점, 실탄 391점, 사진 555점, 책자 219점, 병참류 58점<br>
* 실외 - 전투기 2대, 포탄 3점, 장갑차 2대, 탱크 1대
"
대구오페라하우스,41585,,,대구광역시 북구 호암로 15(칠성동2가),35.8834739558,128.5922514697,"문화의 도시 대구광역시는 전국에서 처음으로 시정 산하에 대구오페라하우스를 개관함으로 아름답고도 웅장한 음악예술의 결정체를 집합시키는 전용공간을 마련했다. 음향시스템과 조명 등 최첨단 시설과 450여 평의 이동식 변환무대는 말발굽 모양의 1,508석의 객석과 조화를 이루어 쾌적한 감상 여건을 조성하였고, 외관 또한 화려하고 경쾌한 유리재질로 곡선처리를 하여 그랜드 피아노 형상의 지붕과 함께 예술적인 아름다움을 한껏 연출하고 있다.<br /><br />

대구오페라하우스에서는 '대구국제오페라축제'를 비롯하여 음악회, 뮤지컬, 발레 공연 등 다양한 장르의 공연이 이어져서 시민들에게 오페라 예술에 한 걸음 다가가는 계기를 마련하고 있다. <br /><br />

* 대구오페라 하우스의 주요시설 *<br />
대구오페라하우스는 지하2층, 지상 4층의 건물로 구성되어 있다. 지하1층에는 분장실, 연습실, 관혁악단실, 무대계원실, 휴게실 등으로 구성되어 있다. 지상1층은 무대, 객석, 로비, 카페, 분장실, 조정실 등이 있으며, 지상2층에는 객석홀, 판매시설, 사무실, 영사실, 오페라단실 등이 조성되어 있다. 지상3층과 4층은 각각 객석홀, 연습실, 공조실, 방송실과 객석홀, 공조실, 음향기기실로 구성된다.<br /><br />

* 개관일 : 2003년 8월 07일",,"대지면적 8,659,42㎡ (2,619,47평) / 건축면적 4,705,96㎡ (1,423,55평) / 연면적 17,189,28㎡ (5,199,76평) / 지하 2층, 지상4층 (건물높이 - 34.1m)","1,508석(장애인석 16석 포함)",공연에 따라 다름,연중무휴,공연에 따라 다름,,,주차 가능 (대구삼성창조캠퍼스 유료주차장 이용),"공연관람객 2시간 무료주차 (공연당일 대구오페라하우스 홍보관 안내데스크에서 등록요청)<br />
2시간 초과 시, 15분당 500원의 추가요금 부과",없음,불가,가능,"사업내용:기획공연 '아하!오페라', '우리오페라 우리아리아' 및 대구국제오페라페스티벌 공연 등
대관안내:대관문의 053-666-6060
예약안내:홈페이지 또는 전화예약 (053-666-6000)
"
국채보상운동기념도서관,41939,,,대구광역시 중구 공평로10길 25 대구광역시립중앙도서관,35.8684841619,128.6017371619,"* 21세기정보화시대의 선봉자, 국채보상운동기념도서관 *
21세기는 초고속 정보화 시대로 정보의 중요성은 더욱 강조되는 반면 폭증하는 정보원으로부터 적합한 정보를 찾는 일은 더욱 힘들어지고 있다. 국채보상운동기념도서관은 지역의 대표적인 지식 정보 제공 기관으로서 지역 주민들이 원하는 정보와 자료를 신속하고 정확하게 접할 수 있도록 노력하고 있다. 

국채보상운동기념도서관에서는 미소와 작은 기쁨이 있는 생활문화기관으로서, 나아가 지역주민과 함께 성장 발전할 수 있는 지역 사회의 평생교육기관으로 자리매김하고 있다. 또한, 지역주민을 위한 다양한 문화 프로그램을 운영 중이다. 관외대출회원가입, 관내열람 및 관외대출, 관내.외 자료검색, 참고질의 및 자료복사 안내, 독서회 운영, 문화강좌 등의 사업을 진행하고 있다.",,"부지 10,260㎡, 건물연면적 10,396㎡",,[임시자료실]<br>평일 09:00~22:00 / 주말 09:00~17:00,"매월 첫째, 셋째 월요일 및 관공서 공휴일 (일요일과 겹칠 경우 휴관), 관장이 필요하다고 인정하는 날",,,,주차 가능,,없음,불가,없음,"사업내용:관외대출회원가입, 관내열람 및 관외대출, 관내.외 자료검색, 참고질의 및 자료복사 안내, 독서회 운영, 문화강좌 등
"
대구광역시립남부도서관,42501,,,대구광역시 남구 앞산순환로 512(대명동),35.8320462318,128.5807428018,"*문화와 지식의 공유를 꾀하는 대구광역시립남부도서관 *
1995년 12월 개관한 대구광역시립 남부도서관은 대구 남구에 위치해 있다. 시민들의 독서와 문화교육을 담당할 뿐만 아니라 생활정보, 취업정보, 교과관련 정보 등 모든 정보의 집산지로서 지역사회의 큰 일익을 담당하고 있다. 다문화가정, 저소득층, 어린이, 장애인, 50세 이상 일반시민 등 소외계층을 대상으로 특색사업을 운영하여 지식정보와 문화의 격차를 해소하기 위해 지속적으로 노력하고 있다. 
<br /><br />
지상 4층 건물로, 대지 18,082㎡, 건물 연면적 7,533㎡이며, 장서는 304,047권이다. 시설현황을 살펴보면 종합자료실에는 총류, 철학, 종교, 사회과학, 순수과학, 기술과학, 예술, 문학, 역사, 참고도서, 지도자료, 전자정보 자료 등을 구비하고 있다. 어린이열람실에는 아동도서, 아동잡지, 신문 등을 보관하고 있으며, 정기간행물실에는 각종 잡지, 신문, 비도서, 논문 등의 정기간행물 등을 비치하고 있다. 일반열람실은 5개가 있으며, 이밖에 시청각실, 노인실, 교양강좌실, 장애인실 등이 마련되어 있다. 

* 지역 주민을 위해 다양한 문화사업을 추진 *
지역 주민의 교양증진과 각종 취미생활을 통하여 건전한 사회풍토 조성과 독서인구 저변확대를 위해 교양강좌 개설, 독서토론회 및 이동도서관 운영, 어린이 및 청소년 문화 극장 운영, 서예·영어회화·일본어회화·단전호흡·다도· 꽃꽂이·컴퓨터강좌 등 여러 문화사업을 활발히 전개하고 있다.

* 대출정보 : 대출권수 1인 10권, 15일",,"부지 18,082㎡, 건물 7,533.05㎡",,"[일반열람실] 07:00~22:00<br />
[종합자료실/연속간행물실/디지털자료실]<br />
평일 09:00~19:00 / 주말 09:00~17:00<br />
[어린이자료실/장애인실,어르신방/중국문화정보실]<br>
평일 09:00~18:00 / 주말 09:00~17:00","매월 둘째, 넷째 월요일/ 국정공휴일 / 관장이 필요하다고 인정하는 날",무료,,,주차 가능,,없음,불가,없음,
작은 중앙가족박물관(한방개인박물관),41934,,,대구광역시 중구 중앙대로77길 50-5(장관동),35.8686617201,128.5909297757,"350년 대구 약령시에서 3대, 90여년에 걸쳐 한약 외길을 걸어오고 있는 한약집안으로 조부때부터 사용해 오던 저울, 사발, 필사본의서, 처방전 등을 전시하고 있으며, 방문하시는 분들께 중앙한약방에서 직접 제조한 건강한방약차를 제공해드리고 있다. 국내외 방문객들에게 단순한 역사의 나열을 넘어  현재도 이어지고 있는 살아 숨쉬는 한약의 역사, 집안내력, 정신 등을 엿볼 수 있는 장소이다. 또한 방문객들은 본인의 건강상담을 받아볼 수 있다.<br />
* 개관일 2011년 4월 25일
<br>",,15평 규모,60명/일,10:00~18:00,"일요일, 공휴일",무료,,15분 내외,인근 공영주차장 이용,유료,없음,불가,가능,"체험프로그램:한약금구슬만들기 체험 등
외국인 예약안내:사전 연락통해 예약 가능
예약안내:가능
외국어 안내서비스:일본어, 영어, 중국어 가능
예약안내:사전 연락통해 예약 가능
"
관덕정 순교기념관,41967,,,대구광역시 중구 관덕정길 11(남산동),35.8651399000,128.5911187461,"대구 교구는 일찍이 관덕정 형장에서 순교하신 분들과 대구 감영에서 옥사하신 분들의 정신을 기리기 위해 순교자 현양성당을 건립하려 하였으나 재정이 여의치 않아 미뤄오다가 1966년 병인박해 100주년을 기하여 대구시 동구 신천3동 850-3번지에 1970년 복자 성당을 준공하고, 1973년 울산의 병인박해 순교자 허인백 야교보, 김종륜 루가, 이양등 베드로의 유해를 감천리 묘지에서 신천(복자) 성당으로 옮겨 모시고, 특히, 복자성월에 전 교구 신자들이 순교자의 정신을 기려 왔었다.",,,,09:30~17:00,"매주 월요일, 부활절 당일, 성탄절 당일, 설/추석 연휴",,,,주차 가능(대형관광버스 주차 불가),,없음,불가,없음,"예약안내:단체 관람시 순례신청 후 방문(2주 전 예약 권장)<br />
※ 홈페이지 및 전화(053-254-0151)
"
향토역사관,41924,,,대구광역시 중구 달성공원로 35(달성동),35.8734025733,128.5759198549,"향토역사관은 우리고장의 역사, 민속, 생업과 관련된 유물자료와 선현, 선열의 유품자료를 수집, 상설전시를 통하여 향토의 문화유산을 알고 이해하여 문화시민의 자긍심을 고취함과 동시에 향토애를 배양하고 자라나는 세대들에게 역사교육장의 역할을 하기 위하여 설치되었다.",,269평,,09:00 ~ 18:00,"매주 월요일, 1월 1일, 설/추석 당일",무료,,,인근 공영주차장 이용,,없음,불가,없음,
경북대학교자연사박물관,39033,,,대구광역시 군위군 효령면 경북대로 2228,36.1214827951,128.5769683751,"경북대자연사박물관은 2004년 5월 6일, 경상북도 군위군에 개관하여 자연계를 이루고 있는 동․식물, 광물뿐만 아니라 지학과 인류의 역사 등 이와 관련된 자료를 수집, 연구, 전시하고 있다. 이를 통해 대중에게 자연에 대한 지식과 정보를 제공함으로써 자연에 대한 올바른 이해를 돕는 공간이 되고자 한다. 또한 경북대자연사박물관은 지역 국립대학의 부속기관으로서 사회 환원을 위한 역할을 보다 충실하게 수행하기 위하여 노력하고 있다.<br>",,"임야 1,304.72727㎡<br>
대지 6.330579㎡<br>
연건평 998.347107㎡<br>
전시실 661.157025㎡",약 200명 수용 가능,화요일~일요일 10:00~17:00,"매주 월요일, 법정공휴일, 설, 추석연휴 휴관",무료,,,주차 가능,무료,없음,불가,없음,"소장품현황:지질 및 암석표본 10,100점, 어류 액침 및 건조표본, 1,520점, 포유류 및 조류 박제표본 200점, 갑각류 액침표본 30점, 곤충 건조표본 47,000점, 식물 건조표본 4,200점 및 기타 액침표본 310여 점 등 총 63,360여 점
예약안내:전화 예약 가능 054-383-7026<br />
※ 단체(10인 이상)의 경우 쾌적한 관람 환경을 위해 방문 전 전화 예약 필수
외국인 예약안내:전화 예약 가능 054-383-7026<br />
※ 예약기간 - 예약일 한달전부터 예약 접수 가능
한국어 안내서비스:요청시 가능<br />
※ 학예사 근무 상황에 따라 변동(전화 확인 필수)
"
삼국유사교육문화회관,39013,,,대구광역시 군위군 군위읍 군청로 158,36.2374751131,128.5739986953,"삼국유사교육문화회관은 다목적극장(457석)과 청소년의 다양한 놀이 및 취미생활공간인 청소년 문화의 집(음악연습실, 문학창작실, 문화사랑방, 소강당, 광장, 인터넷 샵)이 있다.  그리고 조상유품 전시관인 숭덕관과 여성교양강좌 및 취미생활을 위한 여성회관이 있으며 그 외에도 야외공연장, 유아놀이방, 어르신 사랑방, 음악 분수대 등 다양한 계층의 문화생활을 위한 공간이 마련되어 있으며 바로 옆에는 체육 활동을 위한 국민체육센터(수영장, 헬스장, 조깅장, 탁구장, 실내골프장, 테니스장, 배드민턴장 등)가 있는 문화, 예술, 체육 활동의 중심지이다.<br /><br />* 개관일 : 2007년 9월 5일<br>",,"부지면적 : 19,904㎡, 건축연면적 : 7,306㎡(지상5, 지하1층)<br />
전시면적 : 530㎡(5층 530㎡)",다목적극장(대공연장) 457석,공연에 따라 다름,,공연에 따라 다름,,공연에 따라 다름,주차 가능(170대),무료,불가,가능,가능,"예약안내:홈페이지를 통하여 예약 가능
대관안내:공연장, 야외공연장, 전시실 대관 가능<br />
문의 054-380-7212
"
"아양아트센터(구, 동구문화체육회관)",41179,,,대구광역시 동구 효동로2길 24(효목동),35.8793255226,128.6516463528,"아양아트센터(구, 동구문화체육회관)는 문화, 교육 그리고 체육을 통해 동구민들이 풍요로운 삶을 살도록 하기 위해 공연, 전시, 문화강좌, 체육센터 등 다양한 시설을 갖추고 있다. 대공연장(1,165석), 가변형 블랙박스 극장(200석), 야외공연장(400석), 놀이마당 등의 공연장과 전시실, 문화예술 강의 시설과 웨딩홀 그리고 수영, 헬스클럽 등 건강증진을 위한 체육센터가 있다. 2013년 3월 1일 동구문화체육회관에서 아양아트센터로 명칭이 변경되었다.<br /><br />* 개관일 2004년 5월 4일<br>",,"부지면적 : 25,057㎡ (7,579평)<br />
연면적 : 11,680㎡ (3,533평)<br />
건물면적 : 4,989㎡ (지하2층/지상3층)","대공연장 1,100석, 가변형 블랙박스 극장 200석, 야외공연장 400석, 놀이마당 400석","평일 06:00 ~ 22:00<br />
주말 06:00 ~ 18:00",연중무휴,,,,주차 가능(173면),"제1주차장 - 회원전용<br />
제2주차장 - 회관 이용객에 한해 무료 개방",불가,불가,가능,"사업내용:공연, 전시, 문화강좌, 스포츠 시설
대관안내:[대관문의]<br />
- 아양홀, 야외공연장 : 문의 053-230-3352<br />
- 아양갤러리, 아양뷰갤러리 : 문의 053-230-3312<br />
- 예식홀 : 문의 053-944-5400<br />
- 체육관 : 문의 053-230-3334
"
달서아트센터,42699,,,대구광역시 달서구 문화회관길 160(장기동),35.8435133161,128.5229809055,"지역민의 문화예술향유 기회확대와 건강하고 여유로운 삶을 위해 문화예술복합시설로 2004년 4월 최초 개관하였으며, 2014년 4월 (재)달서문화재단으로 새롭게 출범하였다. 주요시설로는 공연장인 청룡홀 455석, 와룡홀 212석, 야외공연장(1,200㎡)과 두류갤러리(335㎡),  작은도서실, 컴퓨터실(35대), 예술아카데미 10개 강의실,수영장(25M, 6레인) 등을 갖추고 있어 다양한 문화예술 활동을 지원하고 있다.
기존 웃는얼굴아트센터에서 달서아트센터로 명칭이 변경되었다 (2021.12.21)",,"부지면적 18,815㎡, 건축연면적 9,230㎡ (본관 6,248㎡, 별관 2,982㎡) <br />
규모 - 본관: 지하1층 지상3층, 별관: 지하1층 지상2층","청룡홀 455석, 와룡홀 212석",09:00~22:00,설/추석 당일,,,,주차 가능,무료,없음,불가,가능,"사업내용:특별기획공연, 가족뮤지컬 정기공연, 기획전시, 열린미술체험마당, 문화강좌 등
예약안내:전화/홈페이지 예약 가능
한국어 안내서비스:가능
대관안내:공연장 및 전시장 대관 가능 <br />
* 문의 : 공연장 053)584-8719 전시장 053)584-8720
"
계명아트센터,42601,,,대구광역시 달서구 달구벌대로 1095,35.8557918555,128.4888835704,"계명아트센터는 총면적 1만㎡에 지상3층, 지하2층 규모로 객석 1,954석을 갖춘 최첨단 테크놀러지의 결정체로서 오페라, 뮤지컬, 같은 대규모 종합공연은 물론, 각종 콘서트와 연극, 무용 등 다양한 공연을 소화해 낼 수 있다. 2008년 10월 개관하여 다양한 계층의 관객들과 소통하고 대구시민의 문화 향수권을 신장하는데 이바지하고 있으며 희망나눔시리즈, 오페라, 드라마 등과 같은 사회환원 프로그램과 교육프로그램도 기획하고 있다.<br /><br />* 개관일 : 2008년 10월 9일<br>",,"건축면적 4,389㎡ / 바닥면적 9,816㎡","1,954석",공연에 따라 다름,,공연에 따라 다름,공연에 따라 다름,공연에 따라 다름,"주차 가능(지하 316대, 옥외 116대)","2,000원",없음,불가,가능,"사업내용:오페라, 희망나눔시리즈, 오페라는 드라마 등 사회환원 프로그램과 교육프로그램 기획
체험프로그램:Back Stage Tour / 무료 / 공연장이 지정하는 날짜에 체험 가능
예약안내:공연에 따라 안내되는 예매사이트를 통하여 예매가능
한국어 안내서비스:가능
외국어 안내서비스:가능
대관안내:대관문의 053-580-6611
외국인 예약안내:공연에 따라 안내되는 주관사로 전화예매가능
"
달성 한일우호관,42940,,,대구광역시 달성군 가창면 우록길 206,35.7233680767,128.6471510842,"달성 한일우호관은 김충선 장군(일본 명 沙也可(사야가), 1571~1642)의 ‘박애사상’을 기리고 한국과 일본 양국의 우호증진을 위해 2012년 5월 3일 개관을 하였다.김충선은 임진왜란 당시 좌선봉장으로 참전하였다가 조선의 문화에 감동하여 자신의 부하들과 함께 조선에 귀순하여 조총제작 기술을 전수하고 경주, 울산 전투에서 큰 공을 세운 인물이다. 현재 달성 한일우호관에는 김충선 장군의 정신을 기리기 위해 많은 일본인들이 방문하고 있으며, 우리나라 학생들과 역사를 바르게 알리고자하는 학부모 중심으로 많은 관광객이 방문하고 있다. 전시관, 3D상영관, 다도실, 유물전시, 한일 양국 전통놀이 시현장, 일본 와카야마현 자료실, 국궁 체험장 등 다양한 시설을 무료로 이용할 수 있다.<br>",,부지 4198㎡(지상 2층),,"하절기(3~10월) 09:00~18:00<br />
동절기(11~2월) 09:00~17:00","매주 월요일, 신정, 설/추석 당일",무료,,,주차 가능,무료,없음,없음,없음,"체험프로그램:3D 동영상, 전자방명록, 전통 다도, 전통 의복 체험 등
예약안내:예약문의 053-659-4490<br />
※ 단체예약은 반드시 전화문의
"
대구미술관,42250,,,대구광역시 수성구 미술관로 40 대구미술관,35.8270707445,128.6743652541,"대구미술관은 대구광역시가 지원하는 시립미술관이다. 대구근현대미술의 역사적 가치를 연구하고 이를 재조명하여 대구미술의 전위성을 알릴 수 있는 전시뿐만 아니라 국내,외 교류를 통해 동시대의 사회적 예술적 이슈와 세계 미술의 선도적 흐름을 소개하는 전시들을 기획해 선보이고 있다. 또한, 우수한 명사 초청 강연은 물론 어린이, 청소년 등 다양한 연령대의 시민들이 참여할 수 있는 아카데미프로그램을 비롯해 미술관 공간과 어우러지는 다채로운 공연들과 각종 이벤트 행사도 진행하고 있다. 미술관 3층에는 예술관련 서적들을 접할 수 있는 미술정보센터와 휴식을 취할 수 있는 라운지가 마련되어 있다.<br /><br />* 개관일 : 2011년 5월 26일<br>",,"대지면적 71,202㎡<br />
건축면적 8,807.27㎡<br />
연면적 21,701.44㎡<br />
전시면적 5,168.12㎡","5,000명 수용 가능",10:00 ~ 19:00,매주 월요일(월요일이 공휴일인 경우 그 다음 평일 휴관),"※ 전시에 따라 변동될 수 있음<br />
개인 - 성인(20세~65세) 1,000원 / 청소년(14세~19세), 하사 이하의 군인 700원 / 초등학생(8세~13세) 700원
단체 - 성인(20세~65세) 700원 / 청소년(14세~19세), 하사 이하의 군인 500원 / 초등학생(8세~13세) 500원",,약 1시간,주차 가능(약 200대 이상),,없음,불가,가능,"체험프로그램:전시에 따라 다름
한국어 안내서비스:* 평일 : 14:00, 16:00<br />
* 주말 : 11:00, 14:00, 16:00

예약안내:홈페이지 참조
"
패션디자인개발지원센터,41515,,,대구광역시 북구 유통단지로14길 17,35.9061689681,128.6117268984,"패션디자인개발지원센터는 대구 북구 산격동에 위치한 패션센터로 지역 패션산업 활성화를 위하여 설립되었다. 이곳은 신진패션디자이너 양성과 지원을 위한 Creative Design Studio와 Work space, 패션쇼 및 문화행사의 대중화를 위한 다목적 공연시설, 전시공간 등의 시설을 갖추고 있다. 공연시설은 최대 인원 1,000명을 수용하는 공간과 최신의 조명, 음향 장비를 갖추고 분장실을 따로 이용할 수 있다. 공연장 바로 옆 전시공간은 공연 행사와 연계하여 리셉션, 다과, 안내데스크 등의 장소로 활용할 수 있다.
(출처: 패션디자인개발지원센터)",,"대지면적 4,114.80㎡ / 건축면적 2,573.53㎡ / 연면적 8,672.03㎡<br />
규모 : 지상 3층, 지하 1층",,,,,,,가능,,없음,불가,없음,
대구예술발전소,41920,,,대구광역시 중구 달성로22길 31-12,35.8754886074,128.5845523698,대구예술발전소는 2008년 10월 '지역근대산업유산을 활용한 문화예술 창작벨트조성' 계획의 정부시범사업으로 선정되어 추친되었다. 담배공장 부지였던 곳을 리모델링하여 낙후된 구도심지역에 예술창조 공간을 조성함으로써 현재 국내외 현대미술 전시회 등 다양한 전시 공연 행사를 즐길 수 있는 공간으로 활용되고 있다.<br>,,,,"4월~10월(하절기) 10:00~19:00<br>
11월~3월(동절기) 10:00~18:00","매주 월요일, 1월 1일(신정), 설날·추석 당일",무료(기획전시의 경우 유료 가능),,,주차 가능(주차공간이 협소하므로 가급적 대중교통 이용),,가능,불가,없음,"대관안내:[대관시설] 수창홀, 제1전시실, 제2전시실, 세미나실, 회의실, 교육실<br>
[신청시기] 사용예정일 30일 전<br />
[접수방법] 유선 신청가능 확인 후 이메일 접수<br />
※ 대관문의 053-430-1228
예약안내:단체 방문시 사전예약(전화 혹은 단체관람 신청서 제출)<br>
※ 단체 문의 053-430-1226
"
향촌문화관,41918,,,대구광역시 중구 중앙대로 449(향촌동),35.8733612482,128.5941849140,향촌문화관은 침체된 도심을 되살리고 지역경제에 활력을 불어넣기 위해 옛 한국상업은행 대구지점을 개보수하여 2014년 10월 30일 개관하였다. 1950년대 피란시절 문화예술인들의 정신적 고향이었던 향촌동 일원의 모습을 재현해 놓은 특별한 문화 공간이다. 더욱이 이 건물의 지하에는 1946년 문을 연 전국에서 가장 오래된 클래식 음악감상실 ‘녹향’이 자리하고 있어 당대 대구 문화의 수준을 증언하고 있다.,,지상 4층/지하 1층,동시수용가능 인원 500명,"하절기(4~10월) 09:00~19:00<br />
동절기(11~3월) 09:00~18:00<br />
※ 30분 전까지 입장 가능","매주 월요일(월요일이 공휴일이면 익일휴무), 1월 1일","- 성인(20~64세) : 1,000원<br />
- 경로(65세이상)/청소년(8~19세) : 500원<br />
- 유아(7세이하) : 무료<br/>
- 단체(20인이상) : 500원",,약 2시간,,,없음,불가,가능,"예약안내:단체관람(20인 이상)은 일주일전 인터넷 예약(향촌문화관 홈페이지)
한국어 안내서비스:정기해설 11:00, 14:00, 16:00 진행
"
봉산문화회관,41958,,,대구광역시 중구 봉산문화길 77(봉산동),35.8631263392,128.5965516572,"대구광역시 중구 봉산문화회관은 주민들의 문화욕구 충족 및 정서를 함양하고 향토문화 창달과 지역예술을 발전시키며, 시ㆍ구민에게 건전한 여가선용 기회의 제공과 문화예술과 관련된 평생교육의 목적을 가짐과 동시에 봉산문화거리와 연계된 종합문화예술회관으로의 기능을 지향한다. 시내중심가인 반월당 지하철 역세권과 봉산문화내 거리에 위치하고 현대적인 5개의 전시실(제1~4전시실, 아트스페이스), 가온홀(442석)과 스페이스라온(90석)은 공연장 이용객들이 선호하는 적정 규모의 회관이다. 문화거리내에 위치하여 관객의 접근성이 용이하며, 대중교통 이용이 편리하다.<br /><br />* 개관일 2004년 10월 05일<br>",,"대지면적 : 3,273.40㎡ (990.2)<br />
연면적 : 6,390.39㎡ (1,933)<br>건축면적 : 2,017㎡<br />
지하 1층 : 지하주차장(34대), 제3강의실(225.67㎡)<br />
1층 : 가온홀(661.34㎡), 스페이스라온(122.4㎡)<br />
2층 :&nbsp;가온홀(118.84㎡), 제3전시실(119.64㎡), 아트스페이스(36.58㎡), 
제4전시실(68.40㎡), 야외공연장(116.36㎡)<br />
3층 : 제1전시실(364㎡), 제2전시실(105㎡)<br />
4층 : 제1강의실(91.8㎡), 제2강의실(80.52㎡)","가온홀 423석, 스페이스라온 90석, 야외공연장 150명 정도",10:00~19:00,매주 월요일,프로그램에 따라 다름,프로그램에 따라 다름,프로그램에 따라 다름,주차 가능(소형34대 주차 가능),무료,없음,불가,없음,"대관안내:[대관시설] 가온홀, 스페이스라온, 제1~4전시실<br />
[대관문의]<br />
- 공연(대관)문의 : 053-661-3524<br /> 
- 전시(대관)문의 : 053-661-3523
"
국립대구과학관,43023,,,대구광역시 달성군 테크노대로6길 20 국립대구과학관,35.6862439572,128.4664457762,국립대구과학관은 놀이를 통해 쉽게 과학을 배우고 체험하는 과학놀이터이다. 직접 보고 만지고 체험할 수 있는 다양한 과학체험프로그램이 마련되어 있다. 또한 국립대구과학관은 다양한 과학프로그램이 있어서 프로그램을 참여할 수 있으며 또래와 함께 무한한 상상력을 펼칠 수 있다.,,,,"09:30~17:30<br />
※ 입장종료시간 : 16:30","매주 월요일(월요일이 공휴일인 경우 다음날 휴관), 법정공휴일 다음날, 1월 1일, 공휴일의 다음날이 토요일인 경우 개관, 명절(설,추석)","[상설전시관 입장권]<br />
개인 - 대인 3,000원 / 소인 2,000원<br />
단체 - 대인 2,000원 / 소인 1,000원<br />
※ 무료 : 유아, 경로, 장애인, 국가유공자, 기초생활수급자 및 차상위 계층(중복할인 불가)<br />
※ 지역주민 : 대인 2,000원 / 소인 1,000원<br /><br />
[4D영상관/천체투영관]<br />
개인 - 대인 2,000원 / 소인, 유아, 경로, 장애인, 국가유공자, 기초생활수급자 및 차상위 계층 1,000원 <br />
단체 - 대인 1,000원 / 소인, 유아, 경로, 장애인, 국가유공자, 기초생활수급자 및 차상위 계층 500원 <br />
※ 지역주민 : 대인 1,000원 / 소인 500원<br />
※ 대인(20세 이상), 소인(7~19세), 유아(6세 이하), 경로(만 65세 이상), 지역주민(달성군민)<br /><br />
※ 이용요금은 변동될 수 있으며, 기타 자세한 사항은 홈페이지 참고",,,"있음<br />
※ 입차 09:00~16:30 / 출차 09:00~18:00","일반차량(25인승 미만) 2,000원<br />
대형(25인승 이상) 5,000원<br />
※ 경차(1000cc 미만) 50% 할인<br />
※ 주차요금 면제<br />
- 장애인(장애인등록증(복지카드) 제시)<br />
- 국가유공자(국가유공자증 제시)<br />
- 공무 및 협력업체(관련 증명서 제시)<br />
- 자원봉사자(관련 증명서 제시)",없음,불가,가능,"예약안내:개인 / 단체 온라인 예약 가능 <br />
<a href=""http://www.dnsm.or.kr/"" target=""_blank"" title=""새창 : 국립대구과학관 홈페이지로 이동"">http://www.dnsm.or.kr</a>
한국어 안내서비스:[전시해설] 순회해설(개인), 기획해설(개인, 단체), 주제별해설(개인, 단체), 심층해설(단체), 어린이관 단체 해설 등 다양한 해설프로그램 진행
<br />
[휴대용 관람도우미] NFC 전시물 정보 안내 서비스 제공
"
근대문화체험관 계산예가,41933,,,대구광역시 중구 서성로 6-1(계산동2가),35.8671840532,128.5878634206,"근대문화체험관 계산예가는 도심골목투어의 핵심거점인 이상화·서상돈 고택 방문객을 위한 편의시설과 다양한 정보를 제공하기 위해 2012년 개관하였으며, 계산동을 포함한 도심일원에 대해 안내하는 영상관, 대형 입체페널에서 텍스트와 영상을 통해 대구 근대역사에 대한 정보를 제공하는 전시실, 근대기 이 지역의 활발했던 문화예술활동에 대한 정보를 전시물과 E-BOOK등으로 접할 수 있는 한옥전시관으로 구성되어 있다.",,,,09:00~18:00 (11월~2월 17:30),설날/추석 연휴 당일,무료,,1시간,없음(인근 유료주차장),,없음,불가,가능,
에코한방웰빙체험관,41933,,,대구광역시 중구 남성로 24(남성로),35.8680145402,128.5892743843,약전골목 인근의 역사적인 보전가치가 있는 건물들이 소멸되어 가고 약업사 등 관련 업종이 급속히 감소하는 등 대구약령시의 위기감이 팽배해짐에 따라 중구청에서 옛 이해영 정형외과와 인근 부지를 매입하여 조성한 친환경 체험시설이다. 1966년에 건축된 대구의 현대적인 병원 건축의 전형인 이해영 정형외과의 옛 모습을 최대한 살려 리모델링하면서 동선을 고려한 증축으로 근대건축물을 활용한 도심재생 모델이다. 대구 근대골목투어의 중간 거점지로서 약령시를 방문하는 관광객과 시민들을 위한 도심 속 힐링 체험장이다.,,"대지면적 660.6㎡, 건축연면적 756.44㎡(시상2층, 지하1층)",,09:00~19:00 (11월~3월 18:00),"매주 월요일(월요일이 공휴일 경우는 그 다음날), 1월 1일, 설날 및 추석날",무료,,약 1시간,없음(인근 유료주차장),,없음,없음,없음,
패션주얼리전문타운,41913,,,대구광역시 중구 경상감영길 176(동문동),35.8717531431,128.5966958490,"전국 유일의 귀금속, 주얼리 복합센터로서 귀금속, 주얼리 산업클러스터를 통하여 디자인개발 및 세련된 주얼리제품화를 지원하는 등 체계적인 지원시스템 구축으로 귀금속업계의 경쟁력 강화를 도모하기 위하여 건립되었다. 전문타운의 명품 주얼리, 귀금속 상설(기획)전시 및 체험실 운영은 관람객들에게 다양한 볼거리를 제공하고 있다.<br>",,"대지면적 : 2,546.34㎡(770.27평) <br />
건축면적 : 1,247.61㎡(377.40평)  <br />
연면적 : 8,710.12㎡(2,634.81평)<br />
지하2층~지상8층",,공예 실험실 / 사무실 09:00~19:00,공예 실험실: 일요일 및 공휴일,무료,,,주차 가능,상품구매시 2시간 무료,없음,불가,가능,"체험프로그램:은반지만들기, 전통공예 칠보체험, 탁상용 시계 만들기, 나만의 열쇠고리만들기, 주얼리세척하기, 귀금속확인체험
사업내용:* 주얼리전시관 운영 <br />
* 체험교실 운영<br />
* 소공인특화지원센터 운영
예약안내:전화 053-219-4427
"
수성구립 범어도서관,42027,,,대구광역시 수성구 달구벌대로 2451,35.8593857259,128.6306820879,"달구벌대로 도시 중심에 자리 잡은 수성구립 범어도서관은 연면적 6,904㎡에 지하 1층, 지상 5층 규모로 어린이자료실, 상설전시실, 국제자료실, 평생학습관, 창의적 체험 활동 지원센터를 한곳에 모은 이른바 교육·문화 전반을 아우르는 허브 역할을 담당하고 있다. 또한 지역 내 최초로 U-글래스를 적용한 현대적 감각으로 건물 외관과 책을 펼친 모양의 통풍구, 범어(泛漁)라는 지명을 살린 물고기 조형물, 지역 시인인 이상화 시비 등 우수하고 특색 있는 조경과 조형물을 장식해 도서관을 찾는 이들에게 다양한 볼거리를 제공하고 있다.",,"지하1/지상5층, 연면적 6,904㎡(대지 5,965㎡) 전시실, 자료실, 시청각실 등",열람석 891석,주중 09:00~22:00<br>주말 09:00~17:00<br>※ 자세한 사항은 홈페이지 참조,"매주 월요일 및 국경일, 정부지정 공휴일(공휴일과 일요일이 겹칠경우 휴관)",,,,가능,,없음,불가,없음,"소장품현황:도서 167,586권, 연속간행물 163종  <br />
※ 2017.09 기준
대관안내:김만용·박수년홀 대관 가능 <br />
대관문의 : 정보자료팀 053-668-1621
"
수성구립 용학도서관,42200,,,대구광역시 수성구 지범로41길 36(범물동),35.8212375490,128.6461040147,"수성구립 용학도서관은 지하1층, 지상5층, 연면적 4,515㎡ 규모의 대형도서관으로 대구지역 공공도서관 중 최초로 '다문화가족 전용 자료실(다누리)'을 개원하여 2,200여권의 국제도서(중국 등 7개국)와 자료를 비치하고 있다. 또한 멀티플렉스관에서는 온가족이 다함께 DVD를 관람할 수 있다.",,"지하1~지상5층, 연면적 4,515.9㎡(대지 1,720㎡), 자료실, 열람실, 시청각실 등",열람석- 673석,"평일 :  09:00~18:00 
[어린이자료실 및 일반열람실] : 09:00~22:00
[종합자료실 ] 09:00~20:00

주말 : 09:00~17:00 
[어린이자료실 및 일반열람실] : 09:00~22:00
[종합자료실] 09:00~17:00",매주 월요일 <br>국가가 지정한 공휴일,,,,주차 가능,,없음,불가,없음,"소장품현황:보유장서 126,677권 (기준 : 2017.10.31.)
대관안내:시청각실, 전시실 <br />
 ※ 문의연락처 053-668-1700
"
수성구립 고산도서관,42275,,,대구광역시 수성구 달구벌대로650길 6 고산도서관,35.8379479631,128.7106589801,"수성구립 고산도서관은 국제건축공모전을 통해 설계된 국내 유일 스페인풍 도서관으로 달구벌대로에 인접하여 접근성이 매우 우수하다. 2015년 12월에 개관한 고산도서관은 지하 1층, 지상 4층 연면적 2,991㎡ 규모의 대형 도서관으로 시청각실, 문화강좌실, 세미나실, 어학실 등 유용한 시설이 배치되어 있으며 약 8만여 권의 장서를 보유하고 있다.",,"지하1~지상4층, 연면적 2,991.98㎡(대지 2,080㎡), 자료실, 강좌실, 시청각실 등",열람석 516석,"[어린이자료실] 09:00~18:00 (토,일 09:00~17:00) <br />
[종합자료실] 09:00~22:00 (토,일 09:00~17:00)","매주 월요일, 법정공휴일<br>※ 법정공휴일 중 일요일은 다른 법정공휴일과 겹치는 경우만 휴관",,,,주차 가능,,없음,불가,없음,"소장품현황:도서 78,280권, 정기간행물 101종 <br />
※ 2017.10 기준
대관안내:※ 문의연락처 053-668-1900
"
국립대구기상과학관,41179,,,대구광역시 동구 효동로2길 10(효목동),35.8791505263,128.6507908775,"국립대구기상과학관은 대구시 동촌유원지 내 총 37,200㎡ 부지면적을 가진 전국 최초로 기상기후를 전문으로 하는 과학관이며, 우리 삶과 밀접한 날씨를 보고 체험하고 느낄 수 있도록 약 62종의 체험 전시물로 구성된 기상전문과학관 이다. 3개의 전시관을 통해 날씨를 구성하는 요소와 날씨 속에 숨어 있는 과학요소를 알아보고, 일기예보 생산과정을 통해 직접 기상캐스터체험까지 즐길 수 있다. 또한, 기상기후에 대해 조금 더 자세히 알아볼 수 있도록 만들기체험과 함께 할 수 있는 체험교육프로그램이 12종과 함께 3D영화, VR체험 등 날씨를 즐겁게 배워볼 수 있는 유익한 볼거리들이 준비되어 있다.<br>",,"부지면적 37,200㎡, 건축연면적 2,211㎡(지상2, 지하1층)","3,000명 수용 가능",매주 화~일요일 09:30~17:30 (17:00 입장마감),"매주 월요일, 설/추석 연휴",유료,,약 3시간(개인차있음),"주차 가능 (약 소형 22대, 대형 2대, 장애인 4대 주차가능)",무료,가능,불가,없음,"체험프로그램:* 기상기후아카데미 6종<br />
- 기상예보, 천리안위성, 태풍, 화산, 지진, 사계절<br />
* 어린이 날씨교실<br />
- 내가 그리는 날씨이야기, 사계절, 기후찾아 삼만리, 기상이와 하늘여행, 기상관측, 기후변화
외국인 예약안내:홈페이지 예약 가능 <br />
※ 안내서비스를 원할 경우, 사전 협의 필수<br />
※ 문의 053-953-0365
한국어 안내서비스:매주 화요일 ~ 일요일 <br />
- 1일 6회<br />
- 10:00 / 11:00 / 13:00 / 14:00 / 15:00 / 16:00<br />
※ 매시 5분전 안내데스크 접수 후 참여가능<br />
※ 초등 3학년 이상부터 접수 가능
외국어 안내서비스:영어, 중국어 가능<br />
※ 사전 협의 필수<br />
※ 문의 053-953-0365
예약안내:홈페이지 예약 가능 <br />
※ 20인 이상 단체의 경우, 사전 협의 필수<br />
※ 전시해설 - 2017년 전체 예약 접수 가능<br />
※ 체험교육<br />
- 단체 : 체험일 한달전부터 예약 접수 가능<br />
- 개인 : 체험일 일주일전부터 예약 접수 가능
"
엑스코(EXCO),41515,,,대구광역시 북구 엑스코로 10(산격동),35.9071188858,128.6130934176,"전시컨벤션을 통해 지역 중소기업 수출을 지원하고 지역 경제의 활성화를 목적으로 설립된 엑스코는 경제와 산업·문화·예술을 담아내는 국제 경쟁력을 갖춘 전시컨벤션센터로 자리매김하고 있다. 연간 1,000회 이상의 행사가 개최되는 엑스코는 매머드급 국제전시회와 국제회의는 물론 중소 규모 회의와 기업행사 등 이벤트에 이르기까지 다양한 규모와 성격의 전시·컨벤션 행사를 성공적으로 개최하고 있다. 엑스코는 연간 20여 회의 전시회를 직접 기획하고 개최하는 전문 전시주최자이다. 대구·경북의 특화 산업인 물·첨단의료·미래형자동차·스마트에너지·로봇 등 미래 신성장동력 산업을 중심으로 전시회를 개최하고 있다. 2001년 개장한 엑스코는 성장을 거듭해 오는 2020년 12월에는 30,000㎡의 순 전시면적을 확보하게 된다. 이를 통해 엑스코는 2021년 세계가스총회 개최 등 대규모 국제행사 개최에 손색이 없는 규모의 전시장으로 거듭나게 된다.<br>",,,,"전시,공연마다 다름",,"전시,공연마다 다름",,,"제1주차장(본관 지하 3,4층), 제2주차장(신관 지하 1,2층)","주차요금 기본 30분 1,000원 / 초과 10분마다 300원 / 일일주차 8,000원",가능,불가,가능,"대관안내:전시홀, 컨벤션홀, 회의실, 오디토리움 대관 가능
"
대구교육박물관,41535,,,대구광역시 북구 대동로1길 40(산격동),35.8974255259,128.6123604195,"교육 수도 대구의 교육 사료의 체계적인 수집· 보존과 세대 간 공감을 위한 교육역사 체험공간을 마련하고, 시민·지역사회와 함께 하는 지역 문화 공간의 창출을 위해 옛 대구 대동초등학교를 리모델링하여 대구교육박물관을 설립하였다. 7개의 전시실과 5개의 체험실을 갖추고 다양한 볼거리와 즐길 거리를 제공하고 있으며, ''교육''과 관련된 수준 높은 교육 프로그램과 대구의 숨은 교육과 역사 이야기가 담긴 전시유물을 만나볼 수 있다.",,"연면적 5,270㎡, 부지면적 14,002㎡",연간 6만명,"평일, 주말 09:30~18:00(17:00까지 입장)","매주 월요일, 1월 1일, 설날/추석 당일",무료,,약 2시간,"주차가능(버스 10대, 승용차 30대, 장애인전용 2대)",무료,가능,불가,없음,"소장품현황:19,004점
체험프로그램:고고학체험, 디지털아쿠아리움, 크로마키체험,학교체험VR, 보조공학기기체험
예약안내:단체관람(20인 이상), 전시해설 홈페이지 예약 가능
"
박물관 수,42021,,,대구광역시 수성구 국채보상로186길 79,35.8648379507,128.6341705181,"자수와 민화를 전문콘텐츠로 전시 및 체험이 가능한 박물관이다. 베갯모 자수와 기타 전통자수 유물을 관람할수 있으며, 민화 유물을 관람할수 있다. 또한 자수와 민화를 기반 연계된 체험교육이 가능하다.<br /><br />* 개관일 2011년 5월 25일",,"부지면적 456,20㎡, 건축연면적 404,79㎡(지상4, 지하1층)<br> 전시면적 184.47㎡(3층 184.47㎡)",200명 수용 가능,10:00 ~ 17:00,"매주 일요일, 설날, 추석 연휴","어른(19~64세) - 개인 5,000원 / 단체 3,000원(20인 이상)<br />
어린이, 청소년(18세이하) - 개인 3,000원 / 단체 2,000원(10인 이상)<br />",장애인 - 무료,약 2시간,주차가능(소형 6대),무료,없음,불가,가능,"소장품현황:자수 및 민화
한국어 안내서비스:상시가능
예약안내:전화 예약 가능 (사용일 1주전부터 예약접수 가능)
외국인 예약안내:예약은 관람일로부터 2주일 이전에 신청<br />
관람 당일에는 반드시 신분증(여권, 외국인 등록증 등) 지참
외국어 안내서비스:영어 상시가능
"
수창청춘맨숀,41920,,,대구광역시 중구 달성로22길 27,35.8754330454,128.5838718758,"지역의 골칫거리로만 여겨졌던 폐시설이 시민들과 함께 즐길 수 있는 문화·예술 공간으로 탈바꿈하였다. 대구시 중구 수창동에 위치한 수창청춘맨숀은 구 KT&G 연초제조창 직원들의 관사로 있던 아파트를 리노베이션 한 문화예술복합공간이다. 1976년부터 관사로 이용됐으나 1996년 폐쇄 이후 20년이 넘도록 버려져 있었다.폐아파트 단지는 2016년 문체부의 문화 재생 사업에 선정되면서 전환점을 맞이한다. 낡은 건물의 외벽을 살려 아파트가 가진 50년의 세월을 보존하고, 정돈된 내부를 청년 작가들의 무대로 만들면서 옛것과 새것이 공존할 수 있는 공간으로 재탄생하였다. 2년간의 개보수 후 2017년 12월에 ‘수창청춘맨숀’으로 공식 개관하였고 이후 2018년 9월 대구현대미술가협회가 수창청춘맨숀의 수탁 운영을 맡게 되어 2018년 11월 3일 재오픈하였다. 그저 옛 건물로 존재하고 있던 수창청춘맨숀은 현대 대구 청년작가들의 예술활동 공간으로 자리 잡고 있다.<br>",,,,,매주 월요일 휴무 ( 별도 휴관일 홈페이지 확인필요 ),,,,,,없음,없음,없음,
선사시대로 거리박물관,,달서구청 문화체육관광과,053-667-2191,대구 달서구 월배로 · 상화로 일원,35.8100420853,128.5219180373,"달서구의 월배지역에는 청동기시대 유적들이 광범위하게 분포하고 있으며, 대표적인 유적으로 사적 제411호 진천동 입석이 있다. 2006년 대구 역사를 5천년에서 2만년까지 끌어올린 월성동 구석기유적이 발견되어, 대구 역사의 깊이를 더해줌과 동시에 달서구 지역이 오래 전부터 인류가 거주하기 좋은 곳이었다는 것을 수많은 고고학적 증거들이
이를 증명해 주고 있다.<br>선사시대로 조형물은 총길이 20m, 높이 6m에 달하며 깊은 잠에 든 원시인을 형상화하고 있다. 월배 선상지를 중심으로 수많은 선사유적이 분포하고 있는 지역을 선사시대 테마거리로, 대구 삶터의 뿌리인 이곳을 선사시대 랜드마크로 조성하고자 하는 달서구의 관광 콘텐츠 사업이다. <br>작품명은 ‘2만년의 역사가 잠든 곳’으로, 유구한 역사성과 그 상징성을 가진 ‘돌’이라는 소재로 작품을 표현했으며, 복원되고 있는 현실에서 이 작품을 통해 우리지역의 선사문화를 좀 더 이해할 수 있는 계기를 마련하고 고고학적 가치를 재정립함과 동시에 지역의 유구한 역사의 전통성을 이어받아 우리의 소중한 역사와 문화자산을 미래세대에게 계승하기 위한 것이다.<br>[출처 : 달서구청]",,,,,,,,,,,없음,없음,없음,
고모역복합문화공간,42260,,,대구광역시 수성구 고모로 208,35.8583006239,128.6786417851,"고모역은 지역민의 향수와 추억, 시대의 애환과 사연을 담고 있는 장소이며 역사, 문화가 살아 숨쉬는 공간이다. 고모역복합문화공간에서는 단절된 폐역사를 살아있는 역사로 재생하여 고모역의 의미를 재발견하고 새로운 문화적 가치를 창조하고자 한다. 세대와 세대를 이어주는 의미 있는 장소로써 어른들에게는 향수를 아이들에게는 역사를 되돌아보며 미래를 이야기하는 문화의 플랫폼 이다.",,,,10:00~17:30,"매주 월요일, 1월 1일, 설·추석 당일<br/>※ 월요일이 공휴일인 경우 다음 평일 휴관",무료,,,주차가능,,없음,없음,없음,"체험프로그램:느린우체통(엽서보내기), 그림 그리기 체험, 역무원 체험, 음악감상, 소망카트
예약안내:053-791-3334
"
반야월역사작은도서관,41075,,,대구광역시 동구 신서로 50,35.8725054296,128.7249595330,반야월역사(驛舍)작은도서관은 지난 2004년 대구선 철도가 폐지되고 반야월역사가 근대등록문화재 제 270호로 지정되어 문화재라는 특수성을 췌손하지 않으면서 테마가 있는 작은도서관으로 조성되어 2011년 11월 29일 다시 우리곁으로 돌아오게 되었다.,,"* 철도역사 1동 102.51㎡/부대시설(화장실) 1동 35.1㎡<br/>
* 장서수 9,175권",,평일 09:00~18:00(점심시간 13:00~14:00),"매주 토/일요일, 관공서 공휴일",무료,,,,,없음,없음,없음,
2·28 민주운동기념회관,,,,대구시 중구 남산동 2113-10,35.8583906510,128.5903995527,"1960년 대구의 8개 고교 학생들이 이승만 정권의 독재와 불의에 항거하기 위해 일어선 2·28 민주운동을 기념하고 그 정신을 계승 발전 시키기 위한 사업의 일환으로 2013년 2월 28일 개관하였다. 주차장(지하), 전시관(1층), 도서관(3층), 강의실(2층, 4층) 등의 시설을 갖추고 있다.<br>회관 1층에 위치한 2·28전시관은 2·28민주운동의 배경, 전개, 계승에 관한 설명문과 관련 기념물이 전시돼있다. 전시관 해설은 전화 또는 방문하여 신청이 가능하며 무료이다. 회관 3층에 자리한 도서관은 5만 2천여 권의 도서를 보유한 공공도서관이며 민주특화 자료를 포함한 전 주제분야의 자료 열람ㆍ대출, 정기간행물 및 신문 열람을 할 수 있다. 회관 2층, 4층 강의실에서는 민주운동 및 여러 주제와 관련한 강연을 개최하고 있다.",,,,"화~금 09:00~18:00, 토~일 09:00~17:00","매주 월요일, 법정 공휴일",무료,,,있음 (중형 13대),,없음,불가,없음,
대구 아쿠아리움,41229,,,대구광역시 동구 동부로 149,35.8780669221,128.6294594533,"대구아쿠아리움은 새로움을 창조할 수 있도록 매일 색다른 즐거움을 선사한다. 돔 형태의 '파노라마 수조'를 비롯해 물위에서 수조를 내려다보는 '바다 구름다리', 조명과 거울이 어우러진 '바다미로 수조'등의 최신 이색수조를 비롯하여 대표 생물인 '매너티'와의 피딩&토크쇼, 앵무새와 수달 등 초근접 카레마를 활용한 관람 등과 같은 환상적이고 창조적인 체험을 경험할 수 있다.",,,,"평일 운영시간 : 10:30 ~ 20:00<br>
주말(금~일) 운영시간 : 10:30 ~ 20:30<br>
입장마감 : 폐장 1시간 전까지<br>
※ 공연 및 운영시간은 사정에 따라 예고없이 변동될 수 있으므로 방문 전 확인요망",월 1회 휴관 (신세계백화점 대구점 휴관일과 동일),"성인(만19세 이상) 개인 : 27,000원 / 청소년(만13세~만18세) 개인 : 25,000원 / 어린이(36개월~만12세) 개인 : 23,000원<br>
- 13세 이하 어린이는 부모님 동반 시 입장가능<br>
- 유료 프로그램은 입장권과 별도요금<br><br>","-보호자 1인 입장권 구매 시 36개월미만 유아 1명에 한해 무료입장이 가능<br>
 *나이를 확인 할 수 있는 증빙자료를 필히 지참해주세요.(의료보험증,주민등록등본 등) <br>
 -장애인 우대 : 20%할인 (동반 1인/현장발권시에만 적용가능) <br>
 -국가 유공자 우대 : 20%할인 (현장발권시에만 적용가능)<br>
 -경로 우대(만 65세이상) :어린이 요금으로 결제가능 (현장발권시에만 적용가능)<br>
 -증빙서류를 요청할 수 있음(예:의료보험증, 주민등록증, 복지카드 등)<br> -단체요금 20인 이상<br>",,주차가능(신세계백화점 대구점 주차장),아쿠아리움 입장 시 2시간 무료주차,없음,없음,없음,"체험프로그램:체험프로그램 : 대구 바다구름다리, 색연필 아쿠아리움, 앵무새 먹이주기, 잉어 먹이주기, 육지생물 관찰하기, 바다생물 관찰하기, 포토수조<br>
 공연프로그램 : 얼라이브 걸스의 '바닷속 뮤지컬', 물 속의 여왕! 인어를 만나는 시간, 이상문의 바닷속 탐험, 귀여운 얼굴의 반전! 야생미 넘치는 수달가족 등<br> ※ 상황에 따라 체험 및 공연프로그램이 변경 될 수 있음<br>
예약안내:단체관람 문의 053-247-8908 (학생단체 053-295-4100)
"
월곡역사박물관,42804,,,대구광역시 달서구 송현로7길 38(상인동),35.8192525904,128.5456656901,"월곡역사박물관은 단양우씨열락당종중에서 건립, 운영하는 문중박물관이다. 임진왜란 당시 의병을 일으킨 월곡 우배선 선생의 공적을 추모하기 위해 건립되었다. 박물관에는 국가지정 보물인 '화원우배선의병진군공책' 및 관련자료 4종 15점, 유품 500여 점, 장서 7,000여 권 등 8,200여 점과 대구지역 의병활동의 귀중한 자료가 되는 유물들과 농경시대 농기구 및 생활용품 등이 전시되어 있다. 부지 내에 낙동서원, 열락당, 덕양재, 월곡우배선 창의유적비, 한국유림독립운동 파리장서비 등 많은 역사적 시설물이 자리해 있다. 청소년 교육 학습현장으로 사랑받고 있으며, 부지 내의 월곡역사공원과 더불어 주변 경관이 뛰어나 대구 시민들의 산책 및 힐링의 공간으로 각광받고 있다.",,,30명 단위,"하절기(4월~9월):10시~18시, 동절기(10월~3월):10시~17시","국가 공휴일, 일요일, 월요일",무료,,,"있음 (인근 공용주차장, 약 소형 3대, 대형1대 주차가능)",,없음,없음,없음,
신전뮤지엄(신전히스토리뮤지엄),41448,,,대구광역시 북구 관음로 43(관음동),35.9348227331,128.5400740831,"신전뮤지엄은 세계로 나아가는 신전떡볶이 기업 홍보관이다. 신전떡볶이에 관련된 자료를 전시한 공간과 각종 체험 공간이 마련되어 있다. 특히 나만의 컵을 직접 꾸며 로봇이 떡과 양념을 담아 포장해 주는 마이컵 떡볶이 팩토리, 떡볶이 양념 제조 시설 위생 체험공간인 글라스윌, 맛있는 신전떡볶이를 시식할 수 있는 신전밀은 신전뮤지엄의 대표적 체험공간이다.
*사진 출처: 대구광역시청",,,,수요일~일요일 10:00 ~ 17:30 (입장마감 16:30),"매주 월요일, 화요일 (공휴일 제외)","성인 10,000원, 청소년 8,000원, 어린이 7,000원<br/>※ 만 36개월 미만 어린이 무료(증빙 서류 필요)",,,"있음 (소형 150대, 장애인 5대)","평일 - 무료 <br/>
주말, 공휴일 - 2시간 30분 무료(이후 10분당 1,000원)",없음,불가,가능,"체험프로그램:신전뮤지엄 갤러리, 신전시네마, 신전밀, 마이컵 떡볶이 팩토리, 밀또 카페, 밀또 패밀리
"
동제미술관(동제미술전시관),42932,,,대구광역시 달성군 가창면 헐티로10길 18,35.7895012789,128.5934345322,"동제미술관은 대구 달성군 가창면에 자리 잡고 있다. 미술관에는 널찍한 잔디 광장, 화가의 작업 공간, 카페, 아트숍, 전시 공간 등이 갖춰져 있다. 입장료를 내면 카페에서 파는 모든 음료 중 하나를 선택해 맛볼 수 있다. 미술관은 파동IC와 가깝고, 주변에는 화원자연휴양림이 위치해 있다.",,,,평일 10:30 ~ 18:30,매주 화요일,"1인 1입장권 구매(음료1잔+전시 관람) <br>
성인 7,000원, 초등학생 이하 5,000원 <br>
※ 이용요금은 변동될 수 있으므로 홈페이지 참조 또는 전화 문의 요망",,,주차가능,,없음,없음,없음,"체험프로그램:탁본 체험, 미술 체험 등
"
더폴락,41918,,,대구광역시 중구 경상감영1길 62-51층,35.8736945265,128.5932516535,"더 폴락은 2012년에 문을 연 대구 최초의 독립 서점이다. ‘더폴락’의 ‘폴락(pollak)’은 명태의 영어 이름이다. 다양한 이름으로 불리는 명태처럼 작가 개인의 개성을 살릴 수 있는 독립출판물을 만들겠다는 의미와 다양한 문화예술을 하고 싶다는 소망을 담았다. 실제로 이곳에선 책 판매 외에도 글쓰기와 영화 감상, 북마켓, 저자 토크, 인디 뮤지션 등의 공연이 활발하게 이뤄진다. 단순히 책을 읽고 판매하는 책방의 의미를 넘어 문화적인 교류와 사람 사이의 네트워크가 이어지는 곳으로 반전해 가고 있다. 덕분에 책방의 감성을 담은 굿즈도 인기가 많다. 계명대학교 앞에서 처음 문을 열어 지금의 북성로까지 오게 된 더 폴락은 옛 한옥의 형태를 그대로 살려 따뜻하고 정겨운 분위기도 느낄 수 있다.",,,,12:30~20:00,매주 월요일,없음,,,없음,,없음,없음,가능,
264작은문학관,,,,대구 중구 북성로1가 48-1,35.8739167064,128.5923183960,"항일 민족시인 이육사를 기리는 작은 문학관이다. 일제강점기 적산가옥을 리모델링한 것으로 1층에는 카페와 기획전시실, 2층에는 상설전시공간, 포토존 등으로 꾸며져 있다. 육사시집과 전집을 비롯해 그의 생애와 작품을 알 수 있는 자료가 전시 중이다. 1층에서 음료를 주문하고 전시관을 둘러볼 수 있다. 차를 마시고 책을 읽을 수 있으며, 책은 구매도 가능하다. 이육사라는 필명은 항일투쟁을 하며 수감되었을 때 받았던 수인번호 264에서 비롯되었다.",,,,평일 11:00 ~ 20:00 / 주말 12:00 ~ 20:00,없음,없음,,,있음,,없음,없음,없음,
노사평화의 전당,43008,,,대구광역시 달성군 국가산단대로52길 6,35.6527163436,128.4200285561,"전국 유일의 노사상생 협력 모델로 2021년 11월 12일에 개관한 노사평화의 전당은 노사상생을 위한 교육, 연구시설이자 시민들을 위한 복합 문화향유 공간이다.<br>
 '노동을 알기 쉽게, 노사관계를 올바르게’라는 슬로건으로 남녀노소 누구에게나 친숙하게 다가감과 동시에 노동과 노사관계의 새로운 상생의 패러다임을 만들고자 건립되었고, 건물 내부는 야외 휴게시설과 상설전시, 기획전시, 문화공간, 교육공간으로 이루어져 있다.",,,,연중 화~일 09:00~18:00 (입장종료: 17:30),"매주 월요일, 1.1, 설날, 추석, 기타 시장이 정하는 휴관일","일부 대관시설 유료 (2층 다목적홀, 3층 교육실 및 세미나실)",,40분 (단체 10인 이상 노동문화해설사 이용 시),45인승 고속버스 기준 8면 / 일반 79면,무료,,불가,,"대관안내:일부 유료 대관시설 전화로 문의
예약안내:노동문화해설사(단체 10인 이상, 홈페이지 예약만 가능) / 나머지 예약 없는 자유로운 관람
한국어 안내서비스:-모든 근무자 가능<br>
-노동문화해설사 예약의 경우 전문 해설 안내 가능
"
대구 환경사랑홍보교육관,42716,,,대구광역시 달서구 성서공단로 40한국환경공단 대구경북환경본부,35.8345247894,128.4873009651,"대구환경사랑홍보교육관은 2000년 3월에 개관하였으며, 2021년 체험형 전시관으로 리뉴얼 후 재개관 하였다. [기후대기, 물환경, 자원순환, 생활환경, 생태복원, 미래직업체험(VR체험)] 등 다양한 콘텐츠로 구성되어 있으며, 체험형 전시물로 즐겁고 신나게 배울 수 있는 환경교육 체험학습공간이다. 또한, 관람객 연령별 눈높이에 맞춘 다양한 환경체험 프로그램 개발로 국민들의 환경교육과 정보에 대한 접근을 용이하게 하여 환경보전의식을 공유하고 생활 속 실천 중심 체험교육으로 지역을 대표하는 환경교육전문학습관이 되고자 한다.",,,회차별 80명,평일 10:00~16:00 (점심시간 11:30~12:30),토·일 및 공휴일(대체공휴일 포함),무료,,1시간~1시간30분,"있음 (약 소형 50대, 대형버스 5대 주차가능)",무료,,불가,없음,"체험프로그램:[기후대기, 물환경, 자원순환, 생활환경, 생태복원, 미래직업체험(VR 가상체험)]<br>
* 연령별 눈높이에 맞춘 다양한 환경분야 환경체험 교육<br>
* 청소년 진로체험 교육(자유학기제)
예약안내:홈페이지 사전예약
대관안내:시청각실 대관 가능
"
보이드 갤러리,41960,,,대구광역시 중구 명륜로26길 79-2,35.8565354411,128.5977656222,"대대구 중구 건들바위역사공원 내 위치한 클리프1912 복합문화예술공간(C1912)은 <Beyond the space limit!> 슬로건 아래 비영리적인 목적으로 청년작가, 신진작가, 중년작가, 발달장애인작가 등 다양한 지역 예술가들에게 전시 및 공연 등 지원과 동시에 기업(단체)가들과 협업을 통해 <예술>을 매개로한 다양한 이야기를 문화예술을 사랑하는 사람이면 언제든 함께 기획하며 프로젝트를 진행하는 공간으로 지역주민들에게 문화예술을 소개한다.",,,,10:00 ~ 20:00,연중무휴,무료,,,주차가능,"1만원이상 구매시 2시간무료, 2만원이상 구매시 3시간 무료",없음,불가,가능,"체험프로그램:클리프1912 복합문화예술공간 내 독립서점 대봉산책과 보이드갤러리 두 공간에서 지역 예술가들과 지역 주민들이 ""예술"" 프로그램을 상시 진행 중이다.
"
MRNW,41410,,,대구광역시 북구 호국로 300-22,35.9300216190,128.6007716425,"MRNW, 미래농원은 누구나 마음속으로 꿈꾸는 이상적인 공간, 하지만 어디에도 존재하지 않는 공간을 현실로 만들고자 하는 생각에서 시작한다. 자연속에서 MRNW와 함께 전시, 문화, 예술, f&b등 다양한 컨텐츠를 만날 수 있다. 커피도 마실 수 있고 전시도 즐길 수 있고 사진 찍기에도 좋은 공간이라 나들이 하기 적합한 곳이다. 건축미가 뛰어난 곳이라 발 닿는 곳마다, 셔터를 누를 때마다 작품이 된다. 또한 주자창이 이곳 저곳에 있어서 접근성도 좋다.",,,,10:00 ~ 21:00,매주 월요일,,,,주차공간 협소,,,,,
심플책방,41244,,,대구광역시 동구 동부로34길 4지하 1층,35.8771503798,128.6305899348,"심플책방은 인문, 에세이 장르를 전문적으로 다루고 있으며 책과 칵테일, 음악, 고양이가 공존하는 도심속 마음이 놓이는 공간을 지향하는 서점이다.  지하 1층으로 내려가면 다양한 포스터와 아기자기한 소품으로 꾸며져 있는 공간이 나온다. 귀여운 고양이 두 마리가 있어서인지 고양이 관련 소품이 많다. 조명과 소품들이 예쁘게 꾸며져 있어 분위기 있으면 카페 같은 분위기에서 책을 볼 수 있다.",,,,12:00 - 21:00,"월요일 정기휴무, 공휴일",,,,,,,,,
하이마트 음악감상실,41938,,,대구광역시 중구 동성로6길 45,35.8690256969,128.5979069288,1957년에 생긴 대구 동성로 하이마트 음악감상실은 이색 데이트 코스로 젊은 사람들이 많이 찾는 곳이다. 하이마트는 독일어로 마음의 고향이라는 뜻이다. 현재 3대째 음악을 전공한 외손자 부부가 운영하고 있다. 요즘은 음악을 휴대폰이나 컴퓨터 등으로 듣지만 60~80년대 분들은 학창 시절 마이마이나 레코드판으로 음악을 들었다. 하이마트 음악감상실은 그때 그 추억을 다시 느껴볼 수 있는 공간이다. 음악감상실 내부는 넓은 편이며 레트로 감성으로 아기자기하게 꾸며져 있다. 음악동호회나 모임등을 할 수 있는 공간도 마련되어 있다. 음료와  다과도 준비되어 있고 편한 자리에 앉아 두 시간 동안 음악을 방해받지 않고 감상할 수 있다. 두 시간 마다 쉬는 시간이 있어 그때 잠시 이야기를 나눌수도 있다. 우리 시대 고전음악 감상을 할 수 있어 특별한 데이트 코스로 인기 있다.,,,,10:00 - 21:00,,"8,000원",,2시간,,,,,,