명칭,우편번호,관리자,전화번호,주소,위도,경도,개요,문의 및 안내,규모,판매품목,품목별 가격,장서는 날,개장일,영업시간,쉬는날,매장안내,주차시설,문화센터 바로가기,유모차 대여 여부,애완동물 동반 가능 여부,신용카드 가능 여부,화장실,상세정보
대구 한약재 도매시장,41935,대구 한약재 도매시장,"053-257-0545, 053-252-6234",대구광역시 중구 남성로 51-1,35.8672952342,128.5923741312,"대구약령시는 조선 효종 9년(1658년) 경상감사가 직무하는 감영의 소재지로 집결하는 약재중에 좋은 것은 중앙기관으로 상납하고 그 나머지를 일반일들에게 판매하면서 시작되었다. 대구를 비롯하여 공주와 전주, 원주, 진주, 청주, 충주, 의주등이 유명한 약령시였는데 그 중 제일 오래되고 가장 융성했던 곳이 대구 약령시였다. 1910년까지만 해도 중국, 만주, 일본, 중동지역은 물론 멀리 시베리아에서도 큰 상인들이 한약재를 사기 위해 이 곳으로 몰려들어 대구 약령시는 그야말로 세계적인 한약재물류유통의 거점이 되었다. 대구는 약재의 본산지인 경상도를 배후에 두고있으며 낙동강물로 약재의 운송 또한 수월하여 약령시가 자연스럽게 형성되었다. 조선시대 대구 약령시는 약재 수확기인 봄과 가을, 두 차례에 걸쳐 정기적으로 10∼30일가량 개장 되었는데, 1930년대 후반의 경우 거래물량과 출시인원이 당시 대구 전체의 예산과 인구를 훨씬 능가하였다. 다른지역의 약령시는 이후 모두 쇠퇴하였지만, 대구약령시는 일제의 탄압에도 불구하고 국권회복운동에 관여하는등 민족혼을 발현하면서 끈질긴 생명력을 유지하여 350년의 전통을 꿋꿋이 이어나오고 있다. 한국기네스는 대구약령시를 최고의 약령시로 인증하였다.",053-254-4646,"지하1층, 지상3층<br />
 * 대  지 -   840평<br />
 * 건  물 - 1,043평","한약재, 한약향첩, 한약술 등",,,,점포마다 다름,"월요일, 1월 1일, 명절 (전화문의)",,,,불가,불가,가능,,
대림목공예,41039,대림목공예,053-982-4020,대구광역시 동구 공항로33길 21,35.9029336186,128.6331251029,"대림목공예는 1983년 10월 설립을 하여, 지금까지  오직 목공예 제품만을 생산해왔다. 처음에는 서민적인 멋과 현대적 감각에 어울리는  제품들을 주로 생산하여 왔으며, 현재는 세월의 흐름과 시대의 변화에 따라 소비자가  요구하는 모든 분야에 만족을 위해 최첨단 레이저 조각기(미국 에필로그시 : RADIOS)를 도입하여 다방면에 활용을 하고 있으며, 목공예품을 우리 실생활에 접목하여 우리 고유의 문화유산을 지켜나간다.",053-982-4020,작업장 (300평) 및 판매소 (3개소),"원목수공예품, 선물용품, 목공예 제수용품 외 공예품",,,1983년 10월,08:00 ~ 18:00(방문전 전화문의 요망),일요일,,,,불가,없음,없음,,
대구 서문시장 & 서문시장 야시장,41926,,,대구광역시 중구 큰장로26길 45,35.8689226144,128.5807862176,"1920년대에 천황당지(天皇堂池)를 매립하여 지금의 장소로 이전한 대구 큰 장이라고 했던 서문시장은  오랜 역사를 가지고 있다. 조선시대 3대 시장 이라면 대구, 평양, 강경 등 세 군데 시장을  말했다. 대구 성곽의 서쪽에 있었기 때문에 서문시장이라 명하였고 처음에는 성곽에서300m 정도의 거리인 지금의 시장북로 본전커피숍 주위 오토바이 골목일대가 시장이였으며 매월  2일과 7일 개장 했다고 한다. 홍두깨전, 닭전 골목이름이 지금까지 남아 있다. 섬유관련 품  목이 주종을 이루며 주단, 포목, 메리야스, 공예품, 남녀의류, 그릇, 건해산물등 없는 것이  없을 정도로 규모가 크다. 푸근한 인심이 살아 있으며 냉난방시설, 대형주차장등 이 편리하게 갖추어져 있다.<br/> 서문야시장의 시그니처 메뉴는 대구의 소울푸드 막창을 컵에 담아 소량 판매하는 컵막창이다. 무를 얇게 썰어 떡볶이국물을 우려낸 무떡볶이와 영국 전통음식에서 착안한 쉬림프 앤 칩스는 줄을 서서 먹어야 할 정도로 인기가 좋다.<br/>
※ 야시장 운영시간
* 일/화/수/목 19:00~22:30
* 금/토 19:00~23:30
* 매주 월요일 정기휴무",053-256-6341,,"주단, 포목, 메리야스, 공예품, 어물, 그릇, 남녀의류, 건어물",,,,09:00 ~ 19:00(상가/점포마다 다름),매월 첫째/셋째 일요일,,주차가능(800대),,없음,불가,가능,있음,
성당시장,42454,,,대구광역시 남구 성당로 196(대명동),35.8504190135,128.5731762914,"대구 도심을 여행하면서 들르기 좋은 시장이다. 시장 내 상점에서는 대구의 지역 먹을거리를 판매한다. 주변 관광지로는 이월드, 두류벽화 마을, 두류공원, 대명 문화거리가 있다.",053-625-1288,,"생선, 떡, 식육점, 국밥",,,,08:00 ~ 20:00,개별휴무,총 상점수 174 개,,,없음,없음,없음,,
영선시장,42424,,,대구광역시 남구 중앙대로48길 36(대명동),35.8523636026,128.5929717155,"미군 부대 인근에 있어 미군 가족 방문이 많다. 먹거리가 다양해 많은 사람이 찾는다. 주변 관광지로는 이천동 99계단 벽화마을, 2.28민주운동기념회관, 대명공연거리, 봉산문화거리가 있다.",053-803-3881~3886,,"떡, 침구류, 곡물",,,,06:00~22:00,연중무휴 / 개별점포휴무,총 상점수 121개,,,없음,없음,없음,,
펜디 신세계 대구점,41229,,,대구광역시 동구 동부로 149 5층,35.8779835934,128.6292150324,-,,,"가죽 제품 및 가방,기타 패션 및 의류,남성의류,신발,여성의류",,월~일요일,,11:00~20:00,명절,"이용환급창구 운영사업자 : 글로벌블루, 환급서비스 제공방식 : 사후",가능,,,,가능,완비,
천미사 (상감입사장),42169,상감입사장,053-768-0021,대구광역시 수성구 들안로 108(두산동),35.8395349443,128.6171282789,"상감입사란 조금의 기법으로 쇠나 구리 등의 금속표면에 홈을 파고, 금선이나 은선을 끼워 넣어서 장식하는 전통적인 상감기법으로 우리나라에서는 입사라고 한다. 우리나라에서는 4세기경부터 철제 무기류나 청동제 그릇의 표면에 금이나 은으로 입사장식을 한 공예품들이 많이 발견된다. 입사기법이 가장 발달했던 시기는 고려시대로서 청동향로와 같은 뛰어난 불교공예품에 입사기법이 사용되었다. 이러한 전통적인 고려시대의 입사기법은 계속 이어졌는데, 조선중기 이후에는 청동뿐만 아니라 철재에 은입사를 해서 여러가지 생활용품을 만들었다. 입사에는 크게 두가지 기법이 있는데 하나는 고려시대부터 전해지는 전통적인 청동은입사 기법으로 바탕금속(청동)의 표면에 정으로 홈을 파고 그 안에 은선을 박아 넣는 것이고, 다른 하나는 조선중기 이후부터 전래된 철입사로 바탕 금속(철)의 표면에 정을 사용하여 가로 세로로 쪼아 거스러미를 일으킨 후 그 위에 얇은 금, 은판이나 선을 놓고 망치로 쳐서 금속에 붙이는 것으로 일본에서 소위 포목상감이라 부른다. 이 두 가지 기법 중에서 상감입사는 조각장이 하는 경우가 많았고, 입사장은 대부분 철입사를 담당하였다. 우리나라에서는 삼국시대, 통일신라시대부터 상감입사와 얇은 금속판이 입사 재료로 병용되었고, 고려시대에는 상감입사기법이 매우 높은 수준으로 발달되었다. 상감입사는 많은 시간과 고도의 기법을 요하므로 귀족층의 기물에 쓰였고, 조선중기 이후부터는 쉽게 문양을 나타낼 수 있는 입사를 개발하여 일반에도 보급된 것으로 추정되며, 일제 강점기에 접어들면서 조선시대까지 공조와 상의원에 속하였던 입사장, 조각장등에 의하여 전승되던 입사, 상감입사 등의 공예기법은 이왕가 미술제작소의 장인들에 의하여 전승되었고, 김용운은 이 전통적 기법을 전승한 상감입사장이라 생각되며 기능보유자인 김용운의 상감입사 공예품은 고려시대에서 조선시대까지 발전해온 동체와 뚜껑의 모양이나 크기가 같은 합구형식의 원반합과 같은 모양을 추구하여 인주함, 연초함, 향합, 합 등을 제작하였다. 
또한 사용된 재료 역시 동의 바탕에 전·연성이 좋은 은을 구리와 합금하여 선이나 면으로 정을 사용해서 홈을 파내고 은실을 박아 넣는 기법은 고려시대, 조선시대 상감입사 공예품과 같다. 입사기법은 세공이기 때문에 그다지 많은 공구가 사용되지 않으며 여러 종류의 정과 망치가 주로 사용되고, 여성 장식용 금은상감입사 노리개 작품에서도 형태는 부드러운 나비, 달과 같은 곡선과 직선을 가미시켜 금재료 바탕에 백금선으로 소나무, 학, 구름, 물결 등의 십장생문을 사용해서 형태의 분위기는 한국적이면서도 현대적인 감각을 내포하고 있다. 그는 많은 공모전에 출품하여 1981년 전국 공예품 경진대회 대통령상 수상을 비롯하여, 대구 공예품 경진 대회에서 4회의 금상 등 수십 차례의 수상경력을 가지고 있으며, 1981년 기능 올림픽, 대구산업디자인전람회, 대구관광공예품 경진대회 등에서 심사장, 심사위원도 역임하였다.",053-768-0021,작업장 및 전시장 (100평),금속공예품,,,,월~토 10:00 ∼ 18:00,"일요일, 명절연휴",,,,불가,불가,없음,완비,
"불로장 / 불로전통시장 (5, 10일)",41036,불로전통시장 상인회,053-982-8588,대구광역시 동구 팔공로26길 9-1(불로동),35.9123382806,128.6423906901,"불로전통시장이 위치한 불로동은 한자로 不老洞, 늙지 않은 동네란 뜻이다. 왕건이 동수전투(일명:공산전투)에서 패하여 도주하다 이 지역에 이르렀을 때 어른들은 전부 피난가고 어린아이들만 남아있어 붙여진 이름이라고 한다. 조선시대 3대 시장 중의 하나인 대구의 서문시장보다 더 오래 되었고, 한때 김천, 영천, 반야월, 하양장과 함께 경북 5대 5일장에 들만큼 성했던 곳으로써 불로전통시장이 형성된지 70년이 넘는 역사를 지니고 있다. 불로전통시장은 5일과 10일 5일간격으로 장이 서는 5일장과 정기시장을 겸하고 있다. 현재 점포수는 150개, 시장부지 면적은 15,772㎡, 건물면적은 7,558㎡이며, 2005년부터 2009년까지 시장 환경 개선 사업을 통하여 공중화장실과 목공예전시장, 안내 입간판을 설치하고 공영주차장을 마련하며 시장진입로를 확장하는 등 중소상인 및 전통시장 활성화를 위해 지역 우수 특산물을 판매하고, 옛 추억을 되살리고 정감이 넘치는 시장을 위해 노력하고 있다.",053-982-8588,"- 부지면적 15,772㎡<br> 
- 매장면적 7,558㎡ <br>
- 점 포 수 150개소","농산물, 목공예품과 , 평광사과, 화훼류 등",,"상설시장 / 5일장(5, 10일)",1930년대,,연중무휴,점포수는 150개,주차 가능,,없음,없음,가능,공중화장실 1개소,
미꼬쥬얼리 신세계대구,41229,,,대구광역시 동구 동부로 149,35.8779835934,128.6292150324,-,053-661-1815,,기타 소매,,월~일요일,,11:00~20:00,"정기휴무일,명절","이용환급창구 운영사업자 : 글로벌텍스프리(GTF), 환급서비스 제공방식 : 즉시+사후",가능,,,,가능,완비,
세컨페이스 동성로,41942,,,대구광역시 중구 동성로5길 46 1층,35.8674619698,128.5970987099,-,053-428-0222,,안경,,월~일요일,,11:00~22:00,,"이용환급창구 운영사업자 : 글로벌텍스프리(GTF), 환급서비스 제공방식 : 즉시",불가능,,,,가능,완비,
올리브영 대구침산,41584,,,대구광역시 북구 침산로 124,35.8873179566,128.5917680715,-,,,"기타 패션 및 의류,보석(장신구),식료품,향수 및 화장품",,월~일요일,,10:00~22:00,,"이용환급창구 운영사업자 : 글로벌텍스프리(GTF), 환급서비스 제공방식 : 사후",가능,,,,가능,완비,
"현풍장 (5, 10일)",43003,현풍 재래시장상인회,053-668-2645,대구광역시 달성군 현풍읍 비슬로130길 53-1,35.6947231113,128.4421643471,"현풍장은 1918년에 개설되어 90년의 역사를 지니고 있다. 규모면에서 대구.경북을 대표하는 5일장 정기시장중 하나였으며, 2011년 9월부터 토.일 주말시장을 운영하고 있다. 고령. 창녕. 청도 등의 인근지역에서 많이 이용하고 있다. 현풍장이 열리는 시장위치는 현풍면사무소와 약 600m 거리에 있으며, 시장옆에 달성군 보건소가 위치하고 있고 현풍 IC에서 약 4km거리에 있다. 시장이 
위치한 현풍지역은 비슬산(1,084m)과 낙동강을 끼고 있어 풍광이 아름답기로 유명하며, 마산~대구간의 국도와 진주~대구 간의 지방도가 면의 남서부에서 교차하고 있어 교통이 편리하다. 또한, 지역 관광지(달성보, 현풍석빙고, 현풍향교, 유가사, 소재사, 비슬산 자연휴양림, 도동서원, 곽망우당묘소, 십이정려각 등)와 연계하여 농.특산물을 쇼핑할 수 있는 전통적인 재래시장이다. 장터가 열리면 이웃하고 있는 유가면, 구지면, 논공읍은 물론 고령, 창녕, 청도 등의 각종 특산품과 농산물이 집결되는 등 큰장이서고 있다.",053-668-2645,"대 지 면 적 : 16,389㎡, <br />
건물연면적 : 2,955㎡, <br />
영업장면적 : 2,955㎡","종합 재래품목 (마늘, 양파 유명)",,5. 10. 15. 20. 25. 30 일 / 주말(토.일),1918년대,주말에만 열림 (06:00 ~ 20:00),5일장이 열리지 않는 평일 휴무 (주말에는 운영함),,옥상주차장 이용가능,,없음,없음,없음,화장실 2개소,"장애인 편의시설:승강기
"
대구 봉덕시장,42439,,,대구광역시 남구 봉덕로 115(봉덕동),35.8451479450,128.6034071086,"봉덕시장은 대구광역시 남구의 대표적 시장 가운데 하나이다. 한국전쟁을 거치면서 시장에는 주변 미군부대에서 흘러들어온 물건들이 흘러넘쳤다. 씨레이션부터 시작해 워카, 담요, 재봉틀, 프라이팬까지 온갖 구제품과 군사보급품들이 시장 안을 가득 채웠다. 그렇게 불행한 역사 속에서 자연발생적으로 생겨난 대구 남구 봉덕시장은 70년대와 80년대 최고의 호황기를 누리며 대구의 4대 시장으로 성장했지만 대형마트와 인터넷 쇼핑몰로 화려했던 출발과는 달리 요즘 시장 경기는 좋지 않다. 이후 2004년 중소기업청의 지원으로 아케이드 설치, 주차장 확보 등 시설현대화를 통해 고객들의 편리한 쇼핑을 돕고자 노력하고 있다.",053-471-2849,"부지면적 6,365㎡","의류, 농.축산물, 채소류, 생활용품 등",,,1955년 3월,점포마다 다름,점포마다 다름,,가능(공용주차장),,없음,없음,가능,있음,
핫트랙스 (대구점),41937,핫트랙스 대구점,053-425-9961,대구광역시 중구 국채보상로 586,35.8705726868,128.5948293793,"핫트랙스는 트렌디한 문구∙ 기프트 아이템, 감성적인 음악을 선보이며 고객에게 일상 속에서 경험할 수 있는 ‘재미와 즐거움’을 선사하고 있다. 핫트랙스에 방문한 고객이 자신에게 맞는 다양한 아이템을 경험하고 선택하는 과정을 통해 ‘나의 가치’와 ‘나’를 찾고, 새로워진 ‘나’를 표현할 수 있게 해주는 복합 문화 쇼핑 공간이다.",핫트랙스 대구점 : 053-425-9961,,문구 / 기프트 / 음반,,,2000.01,09:30 ~ 22:00,"설(당일),추석(당일)",,"일반고객 : 2만원 미만-1시간, 3만원 이상-1시간30분, 4만원 이상-2시간 무료 주차 (최대 2시간) 
<br />북클럽 회원 : 2만원 미만-1시간, 2만원 이상-1시간30분, 3만원 이상-2시간 무료 주차 (최대 2시간) 
<br />프라임/플래티넘 회원 : 2시간 무료 주차 (구매 금액과 상관 없이 무료 주차 가능) <br />
<br />※주차요금 10분당 500원",,불가,불가,가능,있음,"입점브랜드:- 고급필기구 : 워터맨, 파카, 파버카스텔, 라미, 세일러, 크로스, 플래티넘, 오로라, 오마스, 카웨커, 
펠리칸, 쉐퍼 등
<br />- 고급다이어리 : 프랭클린플래너, 오롬시스템 등
<br />- 기프트(직수입상품, 디자인소품) : 로이텀, 몰스킨, 이토야, 렘노스, 리히트랩, 필리피, 렉슨, 포커시스 등
<br />- 디자인문구 : 안테나샵, 모노폴리, 육심원, 제토이, 7321디자인, 공책, 풀디자인, 
아르디움, 울랄라, 돈북 등
<br />- 사무, 화방용품 : 제브라, 미쯔비시, 알파색채, 스테들러, 파버카스텔, 신한커머스 등
<br />- 학용품 : 모닝글로리, 아이비스, 바른손, 위드에버, 해밀 등<br />
- 음반 : 장르별 가요, 팝, 클래식, 영상 
<br />- 디지털코너 : 소니, 필립스, 보스, 닥터드레, 캐논, 애플, 아이리버, UE, 밥말리 등

<br /><br />※ 입점 브랜드는 변동가능성 있으며 방문전 전화문의 필요 
"
미샤 이시아폴리스,41026,,,대구광역시 동구 팔공로49길 16롯데아울렛1층,35.9215899181,128.6373908727,-,,,"기타 패션 및 의류,신발,여성의류",,월~일요일,,11:00~21:00,명절,"이용환급창구 운영사업자 : 글로벌텍스프리(GTF), 환급서비스 제공방식 : 즉시",가능,,,,가능,완비,
프라다 롯데 대구점,41581,,,대구광역시 북구 태평로 161,35.8759276605,128.5961541136,-,053-660-3102,,가죽 제품 및 가방,,월~일요일,,10:30~20:00,"월1회, 명절","이용환급창구 운영사업자 : 글로벌텍스프리(GTF), 환급서비스 제공방식 : 즉시",가능,,,,가능,완비,
구찌 롯데 대구점,41581,,,대구광역시 북구 태평로 161,35.8759276605,128.5961541136,-,053-660-3186,,가죽 제품 및 가방,,월~일요일,,10:30~20:00,"월1회, 명절","이용환급창구 운영사업자 : 기타, 환급서비스 제공방식 : 즉시",가능,,,,가능,완비,
LF 마에스트로 현대대구,41936,,,대구광역시 중구 달구벌대로 2077 (계산동2가) 현대백화점,35.8666702733,128.5906548560,-,,,"기타 패션 및 의류,남성의류",,월~일요일,,10:30~20:00,"월1회 월요일, 명절","이용환급창구 운영사업자 : 글로벌텍스프리(GTF), 환급서비스 제공방식 : 사후",가능,,,,가능,완비,
대구국제공항 면세점,41052,,1800-1160,대구광역시 동구 공항로 221(지저동),35.9000395862,128.6376608952,"1983년 대구공항 면세점이 창립하였으며, 21C 패션의 메카인 대구의 국제공항을 방문하는 내외국인 관광객에게 최고의 명품과 최상의 서비스를 제공하고 있다.",1800-1160,,"화장품, 잡화 등 면세품",,,,항공기 운항시간,,대구국제공항 내 2층 국제선 격리대합실내,주차 가능,,없음,없음,가능,화장실 있음,
그랜드면세점(대구시내점),42117,그랜드면세점(대구시내점),053-251-2000,대구광역시 수성구 동대구로 305,35.8576997042,128.6251881746,대구 최초의 유일한 시내면세점으로 140여개의 최다 브랜드를 유치하여 신규 개장하는 시내면세점들 중 최대 규모를 자랑한다.,053-251-2000,,"화장품, 패션, 잡화, 전자, 건강제품 등",,,,11:00 ~ 20:00,연중무휴,,호텔 주차장 이용,,없음,없음,가능,,"입점브랜드:홈페이지 안내(층별 입점브랜드) 참고
"
원대가구 명물거리,41730,,,대구광역시 서구 원대동3가,35.8845346143,128.5741641444,"달성초등네거리와 원대네거리 사이의 골목을 따라가다 보면 골목 양쪽으로 빼곡히 자리 잡고 있는 가구점들을 만날 수 있다. 유명브랜드 가구점부터 중소업체 가구를 판매하는 가구점까지 없는 가구가 없다. 대구에는 꽤 많은 가구골목이 있지만 그중에서 가장 오래된 곳이 원대가구골목이다. 1950년대를 전후로 골목에는 직접 가구를 제작하는 소규모 공장들이 많았다. 당시 경상도 일대의 가구는 모두 이곳에서 나갔다고 해도 과언이 아닐 정도였다.<br /><br />골목에 60년 이상 상권이 유지될 수 있는 이유는 서비스 때문이다. 골목 상인들은 한 번 가구를 사간 손님은 평생 관리한다는 생각으로 가구 관리, 수리 등의 서비스를 제공한다. 최근 인터넷을 통해 가구를 구매하는 사람들이 많아졌지만 골목의 서비스를 찾아 다시금 골목으로 발길을 돌리는 경우도 많다.<br /><br /><출처 : 대구 서구 문화관광><br>",서구청 문화관광 053-663-3004,,"사무용 가구, 브랜드 가구",,,,,연중무휴,,,,없음,없음,없음,,
번개시장,41903,,,대구광역시 중구 태평로 177-2(태평로1가),35.8752638717,128.5974956800,"대구역 바로 옆에 있는 재래시장으로 1970년대 대구 인근 농촌에서 새벽 열차를 이용한 채소, 과일등 보따리상이 자연발생적으로 한데모여 새벽3시부터 오전11시까지 장사를 하여 번개시장이라고 이름이 붙여졌다.
주거래 품목은 농수산물이고 그외 의류, 생선, 잡화등 다양한 상품이 거래되고 있으며 바로 옆에 농협공판장이 있어서 과일도 판매되고있다.",053-423-3460,2.923㎡,"의류, 잡화류, 곡물류, 과채류, 정육류, 해산물, 각종 조미료, 반찬류, 음식점 등",,,,점포마다 다르게 운영,연중무휴(점포마다 다르게 운영),점포수 : 130개,가능,,없음,없음,가능,있음,
목련시장,42212,,,대구광역시 수성구 용학로42길 9(지산동),35.8208456638,128.6318636125,"지산범물 지역의 대표 시장인 지산목련시장은 1990년에 개설되었다. 지산동의 목련아파트 아래에 들어서면서 자연스럽게 지산목련시장으로 불리게 되었다. 실내형 점포 시장이며, 2018년 전통시장 시설 현대화 사업으로 증발 냉방장치가 설치되어 여름철에도 쾌적한 쇼핑이 가능하다. 다양한 먹거리들과 상품들을 저렴한 가격에 쇼핑할 수 있다. 일정 금액 이상 구매 시 무료배달도 가능하다.",053-782-3838,,"농·수·축산물, 음식점,공산품 등",,,,08:00~21:00,"첫째,셋째주 일요일",,없음,,없음,없음,없음,,
마인드브릿지 동성로점,41942,,,대구광역시 중구 동성로 10-1 (동성로 3 가),35.8677924437,128.5947211330,-,053-257-8297,,남성의류,,월~일요일,,10:30~21:30,명절,"이용환급창구 운영사업자 : 글로벌텍스프리(GTF), 환급서비스 제공방식 : 사후",불가능,,,,가능,,
아모르,41909,,,대구광역시 중구 동성로 67 (동성로 1 가),35.8728668869,128.5956736857,-,,,보석(장신구),,월~일요일,,11:00~23:00,,"이용환급창구 운영사업자 : 글로벌텍스프리(GTF), 환급서비스 제공방식 : 즉시+사후",불가능,,,,가능,,
지이크파렌하이트,41942,,,대구광역시 중구 동성로 1 길 29-23 (동성로 3 가),35.8674758219,128.5952016549,-,053-236-6669,,남성의류,,월~일요일,,10:00~21:00,명절,"이용환급창구 운영사업자 : 글로벌텍스프리(GTF), 환급서비스 제공방식 : 즉시+사후",불가능,,,,가능,,
수성시장,42124,,,대구광역시 수성구 들안로 285-57(수성동2가),35.8557025564,128.6169806196,"수성시장은 1971년에 개설되어 현재까지 이어져 오고 있는 수성구의 대표 시장이다.<br>주변에 대규모 아파트 주거단지가 있고, 대구 중심가와도 가까운 거리에 있어 접근성이 좋다. <br>인근에 지하철 3호선 수성시장역이 있다. 수성시장 양옆에 동성시장과 태백시장이 함께 어우러져 있어 수성시장에 방문하는 고객들은 동성시장과 태백시장까지 방문하여 더욱 다양한 쇼핑을 즐길 수 있다. <br>수성시장에서 쇼핑하는 경우 시장 앞 도로변에 한 시간까지 주차가 가능하다.",053-755-3218,,"농·수·축산물, 음식점,공산품 등",,,,08:00 ~ 21:00,첫째주 일요일(일부점포 영업),,,,없음,없음,없음,,
동대구시장,41570,,,대구광역시 북구 대현로20길 30(대현동),35.8811217563,128.6091167153,동대구시장은 1960년대에 개장한 역사가 깊은 시장이다. 오랜 삶의 흔적이 있는 시장이지만 점차 쇠퇴하다가 최근 들어 다시 활력을 찾아가고 있다. 혈기 넘치는 청년들이 '청춘장'을 만들면서 먹거리 골목이 새롭게 형성됐기 때문이다. 이 덕분에 시장을 둘러보면 기존 상인들과 청년 상인들이 어우러진 분위기를 느낄 수 있다.<br>*사진 출처: 대구광역시청,053-942-9796,,"가공식품, 농산물, 수산물, 음식점, 축산물",,,,10:00  ~  23:00,매월 첫째 일요일,,있음,,없음,없음,없음,,
대명시장(대명신시장),42400,,,대구광역시 남구 명덕로14길 16(대명동),35.8580543291,128.5769118609,"대명시장은 대명신시장이라고도 불린다. 대구 남구에 위치한 중형 규모의 시장으로 상가건물형이다. 시장에는 각종 먹거리를 비롯해 채소류, 생선류, 의류, 생활용품 등을 파는 상점이 있다. 지하철 3호선 남산역에 내리면 도보로 10분 안팎에 닿는다. 인근 관광지로는 두류벽화마을, 대명문화거리, 반고개무침회골목, 큰장길침구류명물거리, 이월드 등이 있다.<br>*사진 출처: 대구광역시청",053-626-4608,,"각종 먹거리, 채소류, 생선류, 의류, 생활용품 등",,,,08:00~20:00,첫째 일요일,"대지면적 9,855㎡ / 연면적 11,315㎡ / 매장면적 6,059㎡ / 170개소",공영주차장 있음,,없음,없음,없음,있음,
팔달시장,41558,,,대구광역시 북구 팔달로37길 11(노원동2가),35.8890868133,128.5707532076,"팔달시장은 대구 3대 시장 중 하나로 팔달신시장이라고도 불린다. 도시철도 3호선 개통으로 더욱 편리하게 갈 수 있게 됐다. 시장은 대구의 관문인 팔달교와 인접하여 전국 각지에서 모인 신선한 농산물이 유통된다. 시장에는 각종 먹거리를 비롯해 채소류, 생선류, 육류, 의류, 생활용품 등을 파는 상점이 성업 중이다.<br>*사진 출처: 대구광역시청",053-665-2651,,"각종 먹거리, 채소류, 생선류, 육류, 의류, 생활용품 등",,,,06:30-19:00,개별 휴무,"대지면적 7,556㎡ / 연면적 6,737㎡ / 매장면적 4,164㎡ / 67개소",없음,,없음,없음,없음,없음,
대구칠곡시장,41434,,,대구광역시 북구 칠곡중앙대로 526(읍내동),35.9425303989,128.5512451052,"대구 칠곡시장은 칠곡 오일장에 뿌리를 둔다. 이후 현대화 사업을 거쳐 2014년 3월 재개장한 구립 공설시장이다. 시장 내에는 분식점과 반찬, 채소, 과일, 건어물, 수산물 등을 취급하는 상점이 들어차 있다. 시장에는 자동차 48대를 주차할 수 있는 주차장, 고객 쉼터, 어린이 놀이터 등 다양한 편의시설이 갖춰져 있다.<br>*사진 출처: 대구광역시청",053-665-2654,,"각종 먹거리, 채소류, 생선류, 육류, 의류, 생활용품 등",,,,상점마다 다름,상점마다 다름,,있음 (소형 48대),,없음,없음,없음,,
SI 보브 이시아폴리스,41026,,,대구광역시 동구 팔공로49길 16(봉무동),35.9215899181,128.6373908727,-,053-945-2555,,여성의류,,월~일요일,,11:00~21:00,명절,"이용환급창구 운영사업자 : 글로벌텍스프리(GTF), 환급서비스 제공방식 : 사후",가능,,,,가능,완비,
타임,41941,,,대구광역시 중구 동성로 3 길 68 (공평동),35.8683313373,128.5982485847,-,010-9099-4924,,남성의류,,월~일요일,,10:00~22:00,,"이용환급창구 운영사업자 : 글로벌텍스프리(GTF), 환급서비스 제공방식 : 사후",불가능,,,,가능,,
다이나핏,41941,,,대구광역시 중구 동성로 6 길 2-8 (동성로 2 가),35.8687395707,128.5953738265,-,053-422-2202,,스포츠 용품 및 의류,,월~일요일,,11:00~22:00,,"이용환급창구 운영사업자 : 글로벌텍스프리(GTF), 환급서비스 제공방식 : 사후",불가능,,,,가능,,
월배시장,42801,,,대구광역시 달서구 월배로24길 13(진천동),35.8141278350,128.5274257724,"월배시장은 1985년 개설된 이후 최근 침체기를 맞았다. 하지만 대형 마트 브랜드와의 협업으로 다시 전성기를 누리고 있다. 시장 안에 대형 마트 브랜드 상점이 들어서면서 활기를 되찾았기 때문이다. 시장은 대형 마트 브랜드 상점과 더불어 각종 먹거리를 비롯해 채소류, 생선류, 육류, 의류, 생활용품 등을 파는 소규모 상점이 조화를 이루고 있다. 월배시장은 지하철 1호선 월배역에서 도보 7분이면 닿는다. 인근 관광지로는 선사유적공원, 대구수목원 등이 있다.",053-632-3265,,"각종 먹거리, 채소류, 생선류, 육류, 의류, 생활용품 등",,,,07:00-21:00,개별휴무,"대지면적 5,533㎡ / 연면적 10,290㎡ / 매장면적 6,116㎡ / 270개소",있음,,없음,없음,없음,있음,
와룡시장,,,,대구 달서구 신당동 1750,35.8573890890,128.4993492702,"와룡시장은 문화관광형시장이다. 150여 개의 점포로 이뤄졌으며 1994년에 형성되어 현재까지 달서구 지역의 대표 거점시장으로 명맥을 이어오고 있다. 시장은 아파트 단지가 밀집한 중심 상권에 있어 뛰어난 배후 상권을 보유하고 있다. 지하철 2호선이 지나가 접근성이 좋다. 아울러 100대 규모의 와룡공원 지하 공영주차장이 설치되어 있다. 2011년 시설현대화 사업을 통해 아케이드 조성사업을 완공하였고, 2015년 협업화 사업, 2016년 골목형시장 육성사업을 거쳐서 2019년 중소벤처기업부의 문화관광형시장 육성사업에 선정되어 문화와 관광이 접목된 문화관광 특화시장으로 새롭게 변화하고 있다.<br>*사진 출처: 대구광역시청",053-587-3332,,"각종 먹거리, 채소류, 생선류, 육류, 의류, 생활용품 등",,,,08:00-23:00,개별휴무,"대지면적 15,083㎡ / 연면적 25,718㎡ / 매장면적 6,075㎡ / 167개소",있음(소형 100대),,없음,없음,없음,있음,
효목시장,41168,,,대구광역시 동구 아양로50길 22-2(효목동),35.8858245613,128.6394166928,"효목시장은 1980년에 문을 연 소규모 시장이다. 시장에는 통닭, 족발, 도넛, 칼국수 등 각종 먹거리를 파는 상점이 있다. 이 밖에 채소류, 생선류, 육류를 파는 상점도 자리 잡고 있다. 시장과 가까운 거리에 지하철 아양교역이 있다. 동촌유원지 등 관광지도 있어 방문해보기 좋다.<br><br>*사진 출처: 대구시 동구청",053-662-2000,,"각종 먹거리, 채소류, 생선류, 육류",,,,점포별로 상이,점포별로 상이,,주차가능,,없음,없음,없음,가능 (남녀 구분),
신매시장,42275,,,대구광역시 수성구 신매로16길 56-3(신매동),35.8381312658,128.7101229109,"신매시장은 대구 수성구에 자리 잡은 대형 시장이다. 대구에서도 대규모 시장에 속하는 이곳은 2021년 8월 현재 180여 개 상점이 성업 중이다. 그런 만큼 먹고 싶은 음식이나 필요한 상품을 어려움 없이 구매할 수 있다. 인근에는 신매광장, 대구 자연관찰 학습원, 노변동 사직단 등 관광지도 많다.<br>*사진 출처: 대구광역시청",053-792-7924,,"각종 먹거리, 채소류, 생선류, 육류, 의류, 생활용품 등",,,,07:00-22:00,상점별 개별 휴무,"대지면적 19,756㎡ / 연면적 32,842㎡ / 매장면적 10,775㎡ / 186개소",없음,,없음,없음,없음,있음,
글라스바바안경 동성로점,41937,,,대구광역시 중구 중앙대로 404 (남일동),35.8692672629,128.5939489370,-,053-423-9001,,안경,,월~일요일,,09:30~21:30,명절,"이용환급창구 운영사업자 : 글로벌텍스프리(GTF), 환급서비스 제공방식 : 사후",불가능,,,,가능,,
아레나스포츠 대구중앙로점,41909,,,"대구광역시 중구 국채보상로 580A열1,2,3",35.8708809922,128.5952098924,-,053-426-4990,,스포츠 용품 및 의류,,월~일요일,,11:00~22:00,"월1회 월요일, 명절","이용환급창구 운영사업자 : 글로벌텍스프리(GTF), 환급서비스 제공방식 : 즉시+사후",불가능,,,,가능,완비,
올리브영 동대구터미널,41246,,,대구광역시 동구 효신로 11,35.8743757514,128.6337008492,-,053-741-6706,,"식료품,향수 및 화장품",,월~일요일,,09:00~22:30,,"이용환급창구 운영사업자 : 투어텍스리펀드, 환급서비스 제공방식 : 사후",가능,,,,가능,완비,
팍스뮤직,41909,,,"대구광역시 중구 국채보상로 580B열5,6",35.8708809922,128.5952098924,-,053-422-9105,,기타 소매,,월~일요일,,11:00~22:00,"월1회 월요일, 명절","이용환급창구 운영사업자 : 로드시스템, 환급서비스 제공방식 : 즉시",불가능,,,,가능,완비,
서남시장,42641,,,대구광역시 달서구 달구벌대로329길 17(감삼동),35.8543930480,128.5451592047,"서남시장은 대구 지하철 2호선 감삼역에서 도보로 5분가량 걸린다. 이곳은 다른 재래시장과는 달리 입구에 카트가 비치돼 있다. 이 덕분에 재래시장에서 카트를 끌며 쇼핑을 즐길 수 있다. 또한 저렴한 가격에 좋은 품질의 상품을 구입할 수 있다. 각종 먹거리를 비롯해 채소류, 생선류, 육류, 의류, 생활용품 등을 파는 상점이 들어찼다. 시장 인근에 중리동 곱창 골목, 두류공원 등이 있어 연계 관광이 용이하다.<br>*사진 출처: 대구광역시청",053-565-3226,,"각종 먹거리, 채소류, 생선류, 육류, 의류, 생활용품 등",,,,08:00-21:00,상점별로 다름,"대지면적 2,320㎡ / 연면적 1,599㎡ / 매장면적 1,338㎡ / 55개소",있음,,없음,없음,없음,있음,
달서시장,42676,,,대구광역시 달서구 당산로 35(본리동),35.8402363008,128.5442652325,"달서시장은 1986년에 처음 문을 연 전통시장이다. 달서종합상가 1차와 2차가 합쳐진 상가건물형으로 이뤄졌다. <br>시장 입구에는 카트가 마련되어 있어 편하게 장보기에 나설 수 있다. <br>시장 내부에는 각종 먹거리, 채소류, 생선류, 육류, 의류, 생활용품 등을 파는 상점이 성업 중이다.<br><br>*사진 출처: 대구광역시청",053-527-5716,,"각종 먹거리, 채소류, 생선류, 육류, 의류, 생활용품 등",,,,상점별로 다름,상점별로 다름,,"유료-최초 30분 300원, 이후 10분마다 200원",,없음,불가,가능,,
원대신시장,41730,,,대구광역시 서구 달서로54길 6(원대동3가),35.8855789522,128.5748251685,"원대신시장은 1976년에 문을 열었으며, 41개의 점포로 이루어진 자그마한 소형시장이다. 천장에 아케이드를 조성하여 계절이나 날씨에 관계없이 언제나 장보기에 나설 수 있다. 시장에는 각종 먹거리를 비롯해 채소류, 생선류, 육류, 의류, 생활용품 등을 파는 상점이 들어찼다.",053-358-7632,,"각종 먹거리, 채소류, 생선류, 육류, 의류, 생활용품 등",,,,점포마다 상이,점포마다 상이,,"있음 / 주차요금 유료(1회 주차 최초 1시간 1,000원)",,없음,없음,없음,,
새길시장,41810,,,대구광역시 서구 달서로4길 17-7(내당동),35.8643951909,128.5721898789,"대구 서구 내당동에 위치한 새길시장은 65개 점포로 이루어진 소규모 시장이자 상가주택복합형시장이다. 새길시장의 먹거리로는 두루치기와 불고기 등이 있으며, 특히 두루치기 맛이 좋기로 소문이 자자하다. 시장은 아침 7시에 영업을 시작하여 저녁 8시에 문을 닫는다.인근 관광지로는 반고개 무침회골목, 서문시장, 달성공원, 이월드 등이 있다.<br>*사진 출처: 대구광역시 서구청 공식 블로그",053-571-2459,,"곡물, 채소, 어류 등",,,,07:00-20:00,셋째 주 일요일,,없음,,없음,없음,없음,,
관음시장(대구),41441,,,대구광역시 북구 관음중앙로28길 1(관음동),35.9449494955,128.5472342800,"대구광역시 북구 관음동에 위치한 관음시장은 1994년에 개장하여 운영 중인 상설 시장이다. 작은 식당과 떡가게, 과일가게, 채소, 건어물 등의 점포가 영업하고 있다. 2021년 10월 현재 25개 상점이 영업 중이다. 시장 내부는 협소하지만, 외부에도 도로를 따라 많은 상점이 분포되어 있다. 인근에 아파트단지와 주택가가 밀집되어 있어 관음동 주민들이 많이 찾으며, 시장 내에 위치한 관음떡집은 겉모습은 허름하지만 줄서서 기다릴 정도로 유명한 떡집이다. 평일 약 200명, 주말에도 약 200여 명의 고객이 다녀간다. 주변에 팔공산도립공원, 칠곡향교, 운암지 등의 관광지가 모여있어 연계관광이 가능하다.",053-951-6660,,"농수산물, 잡화류, 건어물 등",,,상설시장,08:00 ~ 20:00,연중 무휴(개별휴무),지상 약 25개 점포 운영,,,없음,가능,가능,2개 남녀구분,
스윙앤플라맹고,41909,,,"대구광역시 국채보상로 580지하1층3,4호",35.8708809922,128.5952098924,-,010-4074-4946,,스포츠 용품 및 의류,,월~일요일,,10:30~22:00,"월1회 월요일, 명절","이용환급창구 운영사업자 : 글로벌텍스프리(GTF), 환급서비스 제공방식 : 즉시+사후",불가능,,,,가능,완비,
사계절,41909,,,"대구광역시 중구 국채보상로 580F열1,2호",35.8708809922,128.5952098924,-,053-422-4720,,신발,,월~일요일,,11:00~22:00,"월1회 월요일, 명절","이용환급창구 운영사업자 : 로드시스템, 환급서비스 제공방식 : 즉시",불가능,,,,가능,완비,
명시당,41918,,,대구광역시 중구 경상감영 1 길 442층,35.8730307082,128.5930072488,-,053-253-2103,,보석(장신구),,월~토요일,,10:00~18:00,명절,"이용환급창구 운영사업자 : 글로벌텍스프리(GTF), 환급서비스 제공방식 : 사후",불가능,,,,가능,,
침산골목시장,41552,,,대구광역시 북구 노원동1가 19-17,35.8904479315,128.5795023986,"대구광역시 북구 침산동에 있는 침산골목시장은 언제 형성되었는지, 언제부터 쇠퇴하였는지 모를 정도로 작은 골목 하나에 형성된 시장이다. 겉모습만 봐서는 차도와 인도가 구분되어 있지 않아 시장의 모습은 아니지만 한 때는 빽빽하게 점포가 들어설 정도로 황금기가 있었다. 지금은 주변에 공장이 많이 생겨 주민의 발길이 많이 끊어진 채로 약 10여 개의 점포만이 명맥을 유지하고 있다. 약 100m 정도의 골목 양 옆으로 과일가게, 반찬가게, 식당, 분식집이 모여있다. 골목 입구에 세워진 '침산골목시장' 입간판이 그나마 이곳이 시장이라는 것을 알려준다. 때문에 간혹 단골손님이라도 점포에 찾아오면 반갑게 맞이해 준다. 주변에 침산공원, 금호강이 있어 들러보면 좋다.",053-951-6660,,"농수산물, 잡화류",,,상설시장,07:00 ~ 20:00,연중 무휴 (개별휴무),지상 약 10개 점포 운영,,,없음,가능,가능,,
황금시장,42143,,,대구광역시 수성구 청솔로 19(황금동),35.8484506546,128.6199805573,"대구광역시 수성구 황금동에 있는 황금시장은 1970년에 개장한 50년이 넘은 상가주택복합형 중형 시장이다. 총 174개 점포 중 시장 내부 점포는 모두 빠지고 지금은 식자재 마트가 입점해 있다. 도로를 따라 방앗간, 음식점 등 외부 상점만 운영중이다. 주변에 아파트단지 신축공사가 이뤄지고 있어 입주가 시작되면 시장도 활기를 되찾을 수 있을 것으로 보인다. 이에 따라 시장 번영회에서는 추후 공실인 내부 점포 자리에 특산품 판매대와 로컬푸드, 먹거리존 등을 구성하여 시장 활성화를 위한 준비를 하고 있다. 주변에 대구어린이대공원, 수성못과 수성유원지가 있어 함께 들러보면 좋다.",053-951-6660,,"식자재, 반찬, 참기름(방앗간)",,,상설시장,09:00 ~ 23:00,연중무휴 (개별휴무),지상 약 30개 점포 운영,주차가능,,없음,가능,가능,가능 (남녀구분),
남문시장,41968,,,"대구광역시 중구 명륜로 70(남산동,남문아파트1지구)",35.8610987071,128.5919937818,"대구광역시 중구 명륜동에 있는 남문시장은  반월당역과 350m 거리에 있어 접근성이 좋다. 2021년 10월 현재 230여 개 상점이 성업 중이다. 규모로 따지면 서문시장, 칠성시장, 관문시장, 대명시장 등 대구에서 잘 알려진 큰 시장과는 비교가 되지 않지만, 시장과 함께 한 상인들은 오랜 세월 중구를 지켜온 터줏대감이라 할 수 있다. 남문시장에는 횟집과 식당이 있지만, 유명한 떡집 3곳이 있다. 서울떡집, 경남떡집, 낙원떡집이 바로 그 주인공이다. 매일 이른 새벽부터 떡을 만들고 직접 포장까지 하니 단골손님이 끊이지 않는다. 백설기, 인절미, 약밥 등 먹음직스러운 떡이 진열대에 줄을 서 있다. 그중에서도 남문시장 떡집에서 유명한 떡은 '콩떡'이다. 남문시장은  어린시절 보았던 시장통이 생각나게 하는 오래된 전통시장이다.",070-8615-0858,,"농수산물, 잡화류, 떡 등",,,상설시장,08:00~22:00,연중 무휴(개별휴무),지상 약 230개 점포 운영,,,없음,가능,가능,공중화장실,
상동시장,42165,,,대구광역시 수성구 상화로 38(상동),35.8346353876,128.6110761697,"대구광역시 수성구 상동에 있는 상동시장은 '상동슈퍼상가'로 시작해 시장으로 발전한 40년이 넘은 소규모 시장이다. 1998년 IMF 이전까지는 번성한 시장이었으나 IMF 위기를 겪으면서 점차 쇠락하기 시작하여 지금은 도로변 상점만이 남아 시장이라는 것을 증명하고 있다. 특히, 코로나-19를 겪으면서 사람들의 발걸음이 뜸해져 주변에 아파트단지가 밀집해 있음에도 좀처럼 시장 상권이 회복되지 않고 있다. 시장 안쪽에는 돼지국밥과 백반을 제공하는 허름한 식당 몇 개가 남아있어 이곳이 시장이었음을 알려준다. 상동시장에서는 돼지국밥과 콩국수가 유명하다. 주변에 수성못과 수성유원지가 있어 함께 들러보면 좋다.",053-951-6660,,"농수산물, 잡화류, 참기름",,,상설시장,08:00~20:00,연중 무휴(개별휴무),지상 약 20개 점포 운영,,,없음,가능,가능,,
서봉제화,41918,,,대구광역시 중구 서성로 14 길 91 (대안동),35.8731640203,128.5926683867,-,053-423-2984,,신발,,월~일요일,,10:00~19:00,명절,"이용환급창구 운영사업자 : 글로벌텍스프리(GTF), 환급서비스 제공방식 : 사후",불가능,,,,가능,,
OST 대구동성로,41941,,,대구광역시 중구 동성로6길 2-23,35.8680729837,128.5955654945,-,053-424-4002,,"시계,악세서리",,월~일요일,,10:00~22:00,명절,"이용환급창구 운영사업자 : 글로벌텍스프리(GTF), 환급서비스 제공방식 : 사후",불가능,,,,가능,,
킴스안경 대구동성로,41941,,,대구광역시 중구 동성로5길 43,35.8677813755,128.5969931555,-,053-256-7888,,안경,,월~일요일,,10:30~22:00,명절,"이용환급창구 운영사업자 : 글로벌텍스프리(GTF), 환급서비스 제공방식 : 즉시",불가능,,,,가능,,
하이마트 평리점,41824,,,대구광역시 서구 국채보상로 228,35.8703553307,128.5560800217,-,053-573-1110,,전자제품,,월~일요일,,10:30~20:30,명절,"이용환급창구 운영사업자 : 글로벌텍스프리(GTF), 환급서비스 제공방식 : 즉시",가능,,,,가능,완비,
대곡시장,42832,,,대구광역시 달서구 도원로 24(도원동),35.8076203860,128.5354919088,"대구광역시 달서구 도원동에 있는 대곡시장은 1997년에 개장하여 운영 중인 소형 시장이다. 작은 식당과 분식, 채소, 홈패션, 분식 등 작지만 다양한 매장이 분포되어 있다. 2021년 10월 현재 72개 상점이 영업 중이다. 인근에 아파트단지가 있어 도원동 주민들이 많이 찾으며, 최근 들어 저렴한 횟감과 건어물이 인기를 끌고 있다. 평일 약 50~100명, 주말에는 150~200여 명의 고객이 다녀간다. 인근에 다이소가 크게 들어서면서 유동인구가 늘어 시장으로의 고객 유입이 많아지고 있다. 주변에 선사유적공원, 월광수변공원, 대구수목원 등 대구의 대표 관광지가 모여있어 연계 관광이 가능하다.",053-951-6660,,"농수산물, 잡화류, 분식 등",,,상설시장,08:00~22:00,연중 무휴(개별휴무),지상 72개 점포 운영,,,없음,가능,가능,,
대동종합시장,42791,,,대구광역시 달서구 상원로 22-24(상인동),35.8117144100,128.5378249235,"대구광역시 달서구 상인동에 위치한 대동종합시장은 '동쪽으로 크게 뻗어있는 시장'이라는 뜻을 담고 있다. 이름에 담긴 뜻처럼 시장은 2012년 1, 2차 시설 현대화 사업을 통해 낡은 시장을 현대적인 시설로 탈바꿈하여 높은 천장과 넓은 내부를 자랑한다. 2021년 10월 현재 100여 개 상점이 성업 중이다. 1987년에 개장하여 복합상가 형태를 이루고 있으며, 농수산물, 식자재, 잡화 위주의 판매가 이루어지는 지역 밀착형 시장이다. 동서남북으로 입구가 있으며, 네모 형태의 시장 외곽에도 다양한 점포가 마련되어 있다. 시장 내외부에 다양한 식당이 있어 장을 본 후 허기를 채우기 좋다. 주차는 시장과 월배공원 사이 노상공영주차장을 이용하면 된다. 주변에 앞산, 월광수변공원, 대구수목원 등 대구의 대표 관광지가 모여있어 연계 관광이 수월하다.",053-951-6660,,"농수산물, 잡화류, 분식 등",,,상설시장,08:00~21:00,연중 무휴(개별휴무),지상 약 100개 점포 운영,있음-월배공원 사이 노상 공영주차장(유료),,없음,가능,가능,,
송현시장,42739,,,대구광역시 달서구 송현동3길 2(송현동),35.8308763522,128.5498899962,"대구광역시 달서구 송현동에 있는 송현시장은 1982년도에 형성된 소규모 시장이다. 한 때는 78개 점포가 성업하였을 정도로 큰 규모였지만 지금은 상가주택복합형 건물이 노후화가 심해 상가 내부에 위치한 점포들은 이전을 해, 빈 점포가 대부분이다. 인근 주택가 주민들을 대상으로 채소가게와 식당, 참기름집, 분식점 등 8곳이 영업을 이어가고 있으며, 시장 주변으로 상점가가 밀집하여 있다. 상가 내부에서 유일하게 가게를 지키고 있는 '진주식당'은 단골이 끊이지 않는 돼지국밥 맛집이다. 주변에 송현공원, 달서별빛캠프 캠핑장, 대덕승마장, 학산공원이 있으며, 대구지하철 1호선 송현역이 도보로 1분 거리에 있다.",053-951-6660,,"농수산물, 잡화류",,,상설시장,07:00~20:00,연중 무휴(개별휴무),지상 약 8개 점포 운영,있음-건물 뒤 전용주차장,,없음,가능,가능,있음,
서대구시장,42662,,,대구광역시 달서구 명덕로2길 30(두류동),35.8606400332,128.5707123358,"대구광역시 달서구 두류동에 있는 서대구시장은 소형 크기의 재래시장이다. 2021년 10월 현재 30여 개 상점이 성업 중이다. 1970년대에 개설되어 지금까지 재래시장의 형태를 유지하고 있다. 인근에는 능금 근린공원과 함께 공영주차장이 있어 주차가 편리하다. 대구 지하철 2호선 반고개역 2번 출구와 인접하여 대중교통을 이용하기 좋다. 서대구시장과 주변에는 조개구이와 무침회 골목도 형성되어 있어 퇴근길 단골손님의 발길이 이어진다. 서대구시장의 유명 점포로는 소문난떡집과 호식이두마리치킨 두류점, 정민막창이 있다. 시장 후문 쪽에는 미로 마을사업을 통해 조성된 골목벽화가 있어 찾는 이들의 즐거움을 더한다. 주변에 두류공원, 이월드, 청라언덕, 동성로 등 대구의 대표 관광지가 모여있어 연계 관광이 가능하다.",053-951-6660,,"농수산물, 잡화류, 떡, 막창 등",,,상설시장,08:00~19:00,연중 무휴(개별휴무),지상 약 30개 점포 운영,있음-능금공원공영주차장(약30~40대) / 주차요금 무료,,없음,가능,가능,있음,
게스 동성로,41942,,,대구광역시 중구 동성로5길 22,35.8677313587,128.5957210462,-,,,"남성의류,여성의류",,월~일요일,,11:00~22:00,,"이용환급창구 운영사업자 : 글로벌텍스프리(GTF), 환급서비스 제공방식 : 즉시+사후",불가능,,,,가능,,
ON&ON,41250,,,대구 동구 대구동구동대구로454,35.8707732498,128.6265710218,-,053-430-2217,,여성의류,,월~일요일,,10:30~21:00,"정기휴무일,명절","이용환급창구 운영사업자 : 글로벌텍스프리(GTF), 환급서비스 제공방식 : 사후",가능,,,,가능,완비,
홈플러스 칠곡,41422,,,대구광역시 북구 동암로12길 8 (동천동),35.9448941074,128.5559807327,-,,,"가구 및 홈데코,가든 및 DIY,가죽 제품 및 가방,기타 패션 및 의류,남성의류,란제리(속옷),보석(장신구),스포츠 용품 및 의류,시계,식료품,신발,아동의류,악세서리,안경,여성의류,전자제품,향수 및 화장품,기타 소매",,월~일요일,,10:30~23:00,"2,4주 일요일","이용환급창구 운영사업자 : 글로벌텍스프리(GTF), 환급서비스 제공방식 : 즉시+사후",가능,,,,가능,완비,
룩스 대현프리몰대구,41909,,,대구광역시 중구 국채보상로 580C열01호,35.8708809922,128.5952098924,-,053-423-3826,,향수 및 화장품,,월~일요일,,11:00~22:00,"월1회 월요일, 명절","이용환급창구 운영사업자 : 글로벌텍스프리(GTF), 환급서비스 제공방식 : 즉시+사후",불가능,,,,가능,완비,
홀리데이비지터샵,41913,,,대구광역시 중구 경상감영길 184,35.8719781290,128.5973180095,"홀리데이비지터샵은 도서, 음반, 문구를 주로 판매하는 라이프스타일 편집샵이다. 아트, 예술을 대중과 가까이하고 하는 목적에서 시작되었다고 한다. 가끔 사진전도 개최하며 자체 굿즈도 있어 구경할 거리가 많다. 감각적인 인테리어 소품과 진열이 발길을 이끈다. 스탭분들의 매장에 대한 애정을 느낄 수 있는 글귀나 굿즈를 곳곳에서 발견할 수 있다. LP판이나 책을 추천하기도 한다.",0507-1466-7078,,"도서, 음반, 문구",,,,11:30 ~ 20:00,연중무휴,,,,,,,,
홈플러스 상인,42781,,,대구광역시 달서구 월배로 183 (상인동),35.8178858574,128.5336695627,-,053-380-8000,,"가구 및 홈데코,가든 및 DIY,가죽 제품 및 가방,기타 패션 및 의류,남성의류,란제리(속옷),스포츠 용품 및 의류,시계,식료품,신발,아동의류,악세서리,여성의류,전자제품,향수 및 화장품",,월~일요일,,10:00~24:00,2주 일요일,"이용환급창구 운영사업자 : 글로벌텍스프리(GTF), 환급서비스 제공방식 : 즉시",가능,,,,가능,완비,
이마트 칠성,41593,,,대구광역시 북구 침산로 93 (칠성동2가),35.8852681530,128.5898155227,-,,,"가구 및 홈데코,가든 및 DIY,가죽 제품 및 가방,기타 패션 및 의류,남성의류,란제리(속옷),보석(장신구),스포츠 용품 및 의류,시계,식료품,신발,아동의류,악세서리,안경,여성의류,전자제품,향수 및 화장품",,월~일요일,,10:00~23:30,"2,4주 일요일","이용환급창구 운영사업자 : 글로벌텍스프리(GTF), 환급서비스 제공방식 : 즉시+사후",가능,,,,가능,완비,
롯데아울렛 대구율하점,41097,,,대구광역시 동구 안심로 80,35.8684941880,128.6934207547,-,053-960-2533,,"가구 및 홈데코,가든 및 DIY,가죽 제품 및 가방,기념품점,기타 패션 및 의류,남성의류,란제리(속옷),보석(장신구),스포츠 용품 및 의류,시계,식료품,신발,아동의류,악세서리,안경,여성의류,전자제품,향수 및 화장품,기타 소매",,월~일요일,,11:00~21:00,월1회,"이용환급창구 운영사업자 : 글로벌블루, 환급서비스 제공방식 : 사후",가능,,,,가능,완비,
빈폴 롯데 대구점,41581,,,대구광역시 북구 태평로 161,35.8759276605,128.5961541136,-,053-660-3173,,가죽 제품 및 가방,,월~일요일,,10:30~20:00,명절,"이용환급창구 운영사업자 : 글로벌텍스프리(GTF), 환급서비스 제공방식 : 사후",가능,,,,가능,완비,
쇼메 신세계대구,41229,,,대구광역시 동구 동부로 149신세계백화점대구점,35.8779835934,128.6292150324,-,053-661-6493,,"보석(장신구),시계",,월~일요일,,11:00~20:00,"정기휴무일,명절","이용환급창구 운영사업자 : 글로벌텍스프리(GTF), 환급서비스 제공방식 : 사후",가능,,,,가능,완비,
마이클코어스 롯데 대구점,41581,,,대구광역시 북구 태평로 161 2층,35.8759276605,128.5961541136,-,053-660-3044,,"가죽 제품 및 가방,신발",,월~일요일,,10:30~20:00,"월1회, 명절","이용환급창구 운영사업자 : 글로벌텍스프리(GTF), 환급서비스 제공방식 : 즉시",가능,,,,가능,완비,
로저드비비에 신세계 대구점,41229,,,대구광역시 동구 동부로 149,35.8779835934,128.6292150324,-,053-661-6534,,"가죽 제품 및 가방,신발",,월~일요일,,11:00~20:00,"정기휴무일,명절","이용환급창구 운영사업자 : 글로벌텍스프리(GTF), 환급서비스 제공방식 : 사후",가능,,,,가능,완비,
입생로랑 신세계 대구점,41229,,,대구광역시 동구 동부로 149 5층,35.8779835934,128.6292150324,-,053-661-6455,,"가죽 제품 및 가방,신발,여성의류",,월~일요일,,11:00~20:00,"정기휴무일,명절","이용환급창구 운영사업자 : 글로벌텍스프리(GTF), 환급서비스 제공방식 : 사후",가능,,,,가능,완비,
에르메질도제냐 신세계 대구점,41243,,,대구광역시 동구 동부로30길 12,35.8762587778,128.6286151334,-,053-661-6490,,"가죽 제품 및 가방,남성의류,향수 및 화장품",,월~일요일,,11:00~20:00,"정기휴무일,명절","이용환급창구 운영사업자 : 글로벌텍스프리(GTF), 환급서비스 제공방식 : 사후",가능,,,,가능,완비,
OST 대구동성로,41941,,,대구 중구 동성로6길 2-23,35.8680729837,128.5955654945,-,053-424-4002,,악세서리,,월~일요일,,11:30~22:00,,"이용환급창구 운영사업자 : 글로벌텍스프리(GTF), 환급서비스 제공방식 : 사후",불가능,,,,가능,,
나그놀스트릿 대구동성로,41941,,,대구광역시 중구 동성로2길 49-9 (삼덕동1가),35.8682202013,128.5962376539,-,053-421-3539,,"악세서리,기타 소매",,토~목요일,,9:30~22:00,,"이용환급창구 운영사업자 : 글로벌텍스프리(GTF), 환급서비스 제공방식 : 사후",불가능,,,,가능,,
나림그림1호 대구동성로,41957,,,대구광역시 중구 달구벌대로 지하2100 (덕산동),35.8644705727,128.5933602338,-,053-422-3539,,악세서리,,월~일요일,,10:30~22:00,,"이용환급창구 운영사업자 : 글로벌텍스프리(GTF), 환급서비스 제공방식 : 사후",불가능,,,,가능,,
닥터마틴 대구동성로,41941,,,대구 중구 동성로 24-1,35.8689978739,128.5953210466,-,053-422-9211,,신발,,월~일요일,,11:00~23:00,명절,"이용환급창구 운영사업자 : 글로벌텍스프리(GTF), 환급서비스 제공방식 : 사후",불가능,,,,가능,,
레몬트리안경 대구동성로,41909,,,대구광역시 중구 국채보상로 지하580 (동성로2가),35.8708809922,128.5952098924,-,053-421-8044,,안경,,월~일요일,,11:00~23:00,명절,"이용환급창구 운영사업자 : 글로벌텍스프리(GTF), 환급서비스 제공방식 : 사후",불가능,,,,가능,완비,
렌즈미 대구동성로,41938,,,대구 중구 동성로6길 19,35.8690673336,128.5965764897,-,053-255-1423,,안경,,월~일요일,,12:30~22:00,,"이용환급창구 운영사업자 : 글로벌텍스프리(GTF), 환급서비스 제공방식 : 사후",불가능,,,,가능,,
렌즈타운 대구동성로,41938,,,대구 중구 동성로6길 19대구백화점주차장입구코너1층,35.8690673336,128.5965764897,-,053-421-2333,,안경,,월~일요일,,12:00~22:30,,"이용환급창구 운영사업자 : 글로벌텍스프리(GTF), 환급서비스 제공방식 : 사후",불가능,,,,가능,,
로데오안경 대구동성로,41941,,,대구광역시 중구 동성로3길 68 (공평동),35.8683313373,128.5982485847,-,053-426-3255,,안경,,월~일요일,,10:00~21:30,명절,"이용환급창구 운영사업자 : 글로벌텍스프리(GTF), 환급서비스 제공방식 : 사후",불가능,,,,가능,,
씨채널한일로안경 대구동성로,41938,,,대구 중구 국채보상로 604,35.8705366153,128.5967569878,-,053-427-0033,,안경,,월~일요일,,11:00~23:00,명절,"이용환급창구 운영사업자 : 글로벌텍스프리(GTF), 환급서비스 제공방식 : 사후",불가능,,,,가능,완비,
영스테이지 대구동성로,41941,,,대구광역시 중구 동성로2길 49-9 (삼덕동1가),35.8682202013,128.5962376539,-,053-421-8738,,"남성의류,신발",,월~일요일,,12:00~23:00,,"이용환급창구 운영사업자 : 글로벌텍스프리(GTF), 환급서비스 제공방식 : 사후",불가능,,,,가능,,
킴스안경 대구동성로,41941,,,대구광역시 중구 동성로2길 49-9 (삼덕동1가),35.8682202013,128.5962376539,-,010-3060-4961,,안경,,월~일요일,,11:30~22:00,,"이용환급창구 운영사업자 : 글로벌텍스프리(GTF), 환급서비스 제공방식 : 사후",불가능,,,,가능,,
프롬앤 대구동성로,41941,,,대구광역시 중구 동성로5길 37 (삼덕동1가),35.8678313654,128.5967487309,-,053-254-3539,,악세서리,,월~일요일,,10:00~22:00,,"이용환급창구 운영사업자 : 글로벌텍스프리(GTF), 환급서비스 제공방식 : 사후",불가능,,,,가능,,
퍼퓸하우스 대구동성로,41942,,,대구 중구 동성로5길 8,35.8679341000,128.5949961043,-,053-428-0772,,향수 및 화장품,,월~일요일,,9:30~22:00,,"이용환급창구 운영사업자 : 글로벌텍스프리(GTF), 환급서비스 제공방식 : 사후",불가능,,,,가능,,
향수의집 대구동성로,41941,,,대구광역시 중구 동성로2길 49-9 (삼덕동1가),35.8682202013,128.5962376539,-,053-252-1109,,향수 및 화장품,,월~일요일,,10:30~25:00,,"이용환급창구 운영사업자 : 글로벌텍스프리(GTF), 환급서비스 제공방식 : 사후",불가능,,,,가능,완비,
더플레인 대구동성로,41941,,,대구광역시 중구 동성로2길 50-14 (삼덕동1가),35.8678952605,128.5974236697,-,010-6410-0332,,악세서리,,월~일요일,,12:00~22:00,,"이용환급창구 운영사업자 : 글로벌텍스프리(GTF), 환급서비스 제공방식 : 사후",불가능,,,,가능,,
로엠 대구동성로,41937,,,대구 중구 동성로 19,35.8687617830,128.5949433085,-,053-423-8080,,여성의류,,월~일요일,,10:00~23:00,명절,"이용환급창구 운영사업자 : 글로벌텍스프리(GTF), 환급서비스 제공방식 : 사후",불가능,,,,가능,완비,
아리따움 대구반월당중앙,41957,,,대구광역시 중구 달구벌대로 지하2100 (덕산동),35.8644705727,128.5933602338,-,053-427-5707,,향수 및 화장품,,월~일요일,,11:00~22:00,명절,"이용환급창구 운영사업자 : 글로벌텍스프리(GTF), 환급서비스 제공방식 : 사후",가능,,,,가능,완비,
대구굿즈 대구,41918,,,대구 중구 서성로14길 69 1층,35.8730195695,128.5914434977,-,053-261-5585,,기념품점,,월~토요일,,8:00~23:30,명절,"이용환급창구 운영사업자 : 글로벌텍스프리(GTF), 환급서비스 제공방식 : 사후",불가능,,,,가능,,
제이케이샵 대구동성로,41943,,,대구광역시 중구 달구벌대로 2109-38 (동성로3가),35.8670369584,128.5938517859,-,053-424-1113,,"남성의류,신발,악세서리,여성의류",,월~일요일,,9:00~21:00,명절,"이용환급창구 운영사업자 : 글로벌텍스프리(GTF), 환급서비스 제공방식 : 사후",불가능,,,,가능,,
뉴모나코 대구동성로,41909,,,대구 중구 동성로 75-1,35.8736223576,128.5957014396,-,053-424-0174,,보석(장신구),,월~일요일,,9:00~24:00,,"이용환급창구 운영사업자 : 글로벌텍스프리(GTF), 환급서비스 제공방식 : 사후",불가능,,,,가능,,
수진주얼리 대구,41912,,,대구광역시 중구 동성로 70 (동성로1가),35.8730974225,128.5959930950,-,053-423-9152,,보석(장신구),,월~일요일,,8:00~21:00,명절,"이용환급창구 운영사업자 : 글로벌텍스프리(GTF), 환급서비스 제공방식 : 사후",가능,,,,가능,,
창춘귀금속 대구,41910,,,대구광역시 중구 교동1길 13-8 (상덕동),35.8737918187,128.5976401528,-,053-423-6619,,보석(장신구),,월~일요일,,7:00~21:00,명절,"이용환급창구 운영사업자 : 글로벌텍스프리(GTF), 환급서비스 제공방식 : 사후",가능,,,,가능,완비,
제니스 대구,41909,,,대구 중구 동성로 75,35.8735612533,128.5957042184,-,053-428-7400,,보석(장신구),,월~일요일,,8:00~21:00,명절,"이용환급창구 운영사업자 : 글로벌텍스프리(GTF), 환급서비스 제공방식 : 사후",불가능,,,,가능,완비,
JD스포츠 동성로중앙,41941,,,대구광역시 중구 동성로2길 49-9 (삼덕동1가),35.8682202013,128.5962376539,-,053-255-2809,,"남성의류,신발,악세서리,여성의류",,월~일요일,,11:30~22:00,,"이용환급창구 운영사업자 : 글로벌텍스프리(GTF), 환급서비스 제공방식 : 사후",불가능,,,,가능,,
올리브영 대구대백,41941,,,대구광역시 중구 동성로 22 (동성로2가),35.8687840074,128.5952293934,-,053-252-2539,,향수 및 화장품,,월~일요일,,11:30~22:00,,"이용환급창구 운영사업자 : 글로벌텍스프리(GTF), 환급서비스 제공방식 : 사후",불가능,,,,가능,,
올리브영 대구동성로,41909,,,대구광역시 중구 국채보상로 지하580 (동성로2가),35.8708809922,128.5952098924,-,053-252-5295,,향수 및 화장품,,월~일요일,,12:00~23:00,,"이용환급창구 운영사업자 : 글로벌텍스프리(GTF), 환급서비스 제공방식 : 사후",불가능,,,,가능,,
올리브영 대구반월당,41957,,,대구광역시 중구 달구벌대로 지하2100 (덕산동),35.8644705727,128.5933602338,-,053-254-0994,,향수 및 화장품,,월~일요일,,12:00~23:00,,"이용환급창구 운영사업자 : 글로벌텍스프리(GTF), 환급서비스 제공방식 : 사후",가능,,,,가능,완비,
반스 대구동성로,41942,,,대구 중구 동성로 8,35.8675730195,128.5944822711,-,053-423-0090,,"스포츠 용품 및 의류,신발",,월~일요일,,10:30~22:00,명절,"이용환급창구 운영사업자 : 글로벌텍스프리(GTF), 환급서비스 제공방식 : 사후",불가능,,,,가능,,
킴스애드안경 대구동성로,41942,,,대구광역시 중구 동성로 8-9 (동성로3가),35.8674591502,128.5948461304,-,053-256-4222,,안경,,월~일요일,,11:00~22:00,명절,"이용환급창구 운영사업자 : 글로벌텍스프리(GTF), 환급서비스 제공방식 : 사후",가능,,,,가능,완비,
토니모리 동성로,41937,,,대구 중구 동성로 37,35.8701616347,128.5955071084,-,053-422-7144,,향수 및 화장품,,월~일요일,,12:00~23:00,,"이용환급창구 운영사업자 : 글로벌텍스프리(GTF), 환급서비스 제공방식 : 사후",불가능,,,,가능,,
푸마셀렉트 동성로,41941,,,대구광역시 중구 동성로2길 49-9 (삼덕동1가),35.8682202013,128.5962376539,-,053-426-3356,,"스포츠 용품 및 의류,신발",,월~일요일,,10:30~21:00,,"이용환급창구 운영사업자 : 글로벌텍스프리(GTF), 환급서비스 제공방식 : 사후",불가능,,,,가능,,
칼하트WIP 대구동성로,41943,,,대구광역시 중구 달구벌대로 2109-38 (동성로3가),35.8670369584,128.5938517859,-,010-2509-6574,,"남성의류,신발,여성의류",,월~일요일,,9:00~23:00,,"이용환급창구 운영사업자 : 글로벌텍스프리(GTF), 환급서비스 제공방식 : 사후",불가능,,,,가능,완비,
세니테뷰티샵,41909,,,대구광역시 중구 국채보상로 지하580 (동성로2가),35.8708809922,128.5952098924,-,053-421-8817,,향수 및 화장품,,월~일요일,,10:00~22:00,명절,"이용환급창구 운영사업자 : 글로벌텍스프리(GTF), 환급서비스 제공방식 : 즉시+사후",가능,,,,가능,완비,
에이스 대현프리몰대구,41909,,,대구광역시 중구 국채보상로 지하580 (동성로2가),35.8708809922,128.5952098924,-,053-257-9687,,시계,,월~일요일,,11:00~23:00,명절,"이용환급창구 운영사업자 : 글로벌텍스프리(GTF), 환급서비스 제공방식 : 사후",가능,,,,가능,완비,
룩스 대현프리몰대구,41909,,,대구광역시 중구 국채보상로 지하580 (동성로2가),35.8708809922,128.5952098924,-,053-423-3826,,향수 및 화장품,,화~일요일,,9:00~21:00,,"이용환급창구 운영사업자 : 글로벌텍스프리(GTF), 환급서비스 제공방식 : 즉시+사후",가능,,,,가능,완비,
도로시 대현프리몰대구,41909,,,대구광역시 중구 국채보상로 지하580 (동성로2가),35.8708809922,128.5952098924,-,053-424-4898,,여성의류,,월~일요일,,8:00~22:00,명절,"이용환급창구 운영사업자 : 글로벌텍스프리(GTF), 환급서비스 제공방식 : 사후",가능,,,,가능,완비,
데일리룩 대현프리몰대구,41909,,,대구광역시 중구 국채보상로 지하580 (동성로2가),35.8708809922,128.5952098924,-,053-252-0177,,여성의류,,월~일요일,,5:00~23:30,명절,"이용환급창구 운영사업자 : 글로벌텍스프리(GTF), 환급서비스 제공방식 : 사후",가능,,,,가능,완비,
보따리 대현프리몰대구,41909,,,대구광역시 중구 국채보상로 지하580 (동성로2가),35.8708809922,128.5952098924,-,053-253-8601,,가죽 제품 및 가방,,월~일요일,,11:00~23:00,명절,"이용환급창구 운영사업자 : 글로벌텍스프리(GTF), 환급서비스 제공방식 : 사후",가능,,,,가능,완비,
정일품 동성로,41912,,,대구 중구 동성로 72,35.8731835254,128.5960819735,-,053-356-6954,,보석(장신구),,월~일요일,,8:00~23:00,명절,"이용환급창구 운영사업자 : 글로벌텍스프리(GTF), 환급서비스 제공방식 : 사후",가능,,,,가능,완비,
세컨페이스 동성로,41942,,,대구광역시 중구 동성로5길 44 (삼덕동1가),35.8675036271,128.5968820615,-,053-428-0222,,안경,,월~일요일,,10:00~22:00,,"이용환급창구 운영사업자 : 글로벌텍스프리(GTF), 환급서비스 제공방식 : 사후",불가능,,,,가능,,
마인드브릿지 동성로점,41942,,,대구광역시 중구 동성로 10-1 (동성로3가),35.8677924437,128.5947211330,-,053-257-8297,,"남성의류,여성의류",,월~일요일,,10:00~22:00,명절,"이용환급창구 운영사업자 : 글로벌텍스프리(GTF), 환급서비스 제공방식 : 사후",불가능,,,,가능,,
ARCTERYX,41909,,,대구 중구 경상감영길 132,35.8720919561,128.5946654625,-,053-421-1789,,스포츠 용품 및 의류,,월~일요일,,10:00~23:30,명절,"이용환급창구 운영사업자 : 글로벌텍스프리(GTF), 환급서비스 제공방식 : 사후",불가능,,,,가능,완비,
타임,41941,,,대구 중구 동성로3길 68 1층,35.8683313373,128.5982485847,-,010-9099-4924,,남성의류,,월~일요일,,12:00~21:00,,"이용환급창구 운영사업자 : 글로벌텍스프리(GTF), 환급서비스 제공방식 : 사후",불가능,,,,가능,,
다이나핏,41941,,,대구 중구 동성로6길 2-8,35.8687395707,128.5953738265,-,053-422-2202,,스포츠 용품 및 의류,,월~일요일,,11:00~23:00,,"이용환급창구 운영사업자 : 글로벌텍스프리(GTF), 환급서비스 제공방식 : 사후",불가능,,,,가능,완비,
글라스바바안경 동성로점,41938,,,대구광역시 중구 동성로 30 (동성로2가),35.8695228265,128.5959820841,-,053-423-9001,,안경,,월~일요일,,11:00~23:00,명절,"이용환급창구 운영사업자 : 글로벌텍스프리(GTF), 환급서비스 제공방식 : 사후",불가능,,,,가능,,
팍스뮤직,41909,,,대구광역시 중구 국채보상로 지하580 (동성로2가),35.8708809922,128.5952098924,-,053-422-9105,,기타 소매,,월~일요일,,11:00~22:00,명절,"이용환급창구 운영사업자 : 글로벌텍스프리(GTF), 환급서비스 제공방식 : 사후",가능,,,,가능,완비,
고려인삼직매장,41912,,,대구광역시 중구 경상감영길 225 (동문동),35.8717170929,128.5997761337,-,053-421-6262,,기타 소매,,월~일요일,,11:00~22:00,,"이용환급창구 운영사업자 : 글로벌텍스프리(GTF), 환급서비스 제공방식 : 사후",불가능,,,,가능,완비,
다온주얼리,41909,,,대구 중구 동성로 63,35.8725558096,128.5955959227,-,053-000-0000,,보석(장신구),,월~일요일,,10:00~22:30,명절,"이용환급창구 운영사업자 : 글로벌텍스프리(GTF), 환급서비스 제공방식 : 사후",불가능,,,,가능,완비,
사계절,41909,,,대구광역시 중구 국채보상로 지하580 (동성로2가),35.8708809922,128.5952098924,-,053-422-4720,,신발,,월~일요일,,10:00~23:00,명절,"이용환급창구 운영사업자 : 글로벌텍스프리(GTF), 환급서비스 제공방식 : 사후",가능,,,,가능,완비,
명시당,41918,,,대구 중구 중앙대로 455,35.8737834259,128.5943737746,-,053-254-7542,,보석(장신구),,월~토요일,,7:00~21:00,명절,"이용환급창구 운영사업자 : 글로벌텍스프리(GTF), 환급서비스 제공방식 : 사후",불가능,,,,가능,,
서봉제화,41918,,,대구광역시 중구 서성로14길 91 (대안동),35.8731640203,128.5926683867,-,053-423-2984,,신발,,월~일요일,,8:00~22:30,명절,"이용환급창구 운영사업자 : 글로벌텍스프리(GTF), 환급서비스 제공방식 : 사후",불가능,,,,가능,완비,
썬쥬얼리,41909,,,대구 중구 동성로 63,35.8725558096,128.5955959227,-,053-254-8123,,보석(장신구),,월~일요일,,9:00~23:00,명절,"이용환급창구 운영사업자 : 글로벌텍스프리(GTF), 환급서비스 제공방식 : 사후",불가능,,,,가능,완비,
노스페이스 롯데율하,41097,,,대구광역시 동구 안심로 80,35.8684941880,128.6934207547,-,053-960-2664,,"가죽 제품 및 가방,스포츠 용품 및 의류,신발",,월~일요일,,10:00~23:00,월2회 일요일,"이용환급창구 운영사업자 : 글로벌텍스프리(GTF), 환급서비스 제공방식 : 사후",가능,,,,가능,완비,
유니클로 대구감삼,42642,,,대구광역시 달서구 달구벌대로 1640(감삼동),35.8529515550,128.5457453043,-,,,"기타 패션 및 의류,남성의류,란제리(속옷),신발,아동의류,여성의류",,월~일요일,,11:30~20:30,,"이용환급창구 운영사업자 : 글로벌텍스프리(GTF), 환급서비스 제공방식 : 사후",가능,,,,가능,완비,
대구 칠성시장&별별상상 칠성야시장,41583,대구 칠성시장,053-423-3480,대구광역시 북구 칠성시장로 28,35.8765360847,128.6048061121,"서문시장과 함께 대구 재래시장의 양대 산맥이라 할 수 있는 칠성시장은 40여 년의 역사를 지니고 있다. 칠성시장은 독자성과 전문성을 가진 상가들이 모여 거대한 상권을 이룬다. 거대 상권은 6개 법인 상가와 나머지 비법인 상가로 나누어져 있으며 특히 청과물 시장으로 잘 알려져 있다. 칠성시장은 6개의 법인 상가는 저마다 독특한 영업영역을 가진다. 그 법인 상가 중 하나인 삼성시장은 과일, 원예, 중고 가전 제품상들이 모여있고, 대구 청과시장은 청과물을 취급하는 점포가 80여 개 입주해 있다. 나머지 법인 상가도 어패류, 육류, 과자류, 완구류 등 전문 상권을 형성하고 있다. 이렇게 품목별로 전문화된 칠성시장은 그 외에도 칠성시장 축제를 여는 등의 이벤트를 통해 재래시장 활성화에 총력을 기울이고 있다.",대구 북구 민생경제과 053-665-2651,,농수산물 / 어패류 / 육류 / 과자류 / 완구류 외,,,1974년,,,,,,없음,없음,없음,무,
대구 평화시장,41198,대구 평화시장,053-956-8413,대구광역시 동구 아양로9길 10,35.8830133956,128.6192713239,"평화시장은 1975년 개설된 장옥형의 소형시장이다. 30여 년 전부터 닭내장을 파는 상점들이 늘어나면서 똥집 튀김 골목을 자리 잡은 곳으로 똥집 골목으로 대구의 명물 중 하나이다. 닭똥집 골목의 시장은 1972년 삼아 통닭집으로 거슬러 올라간다. 닭만 팔다 보니 닭똥집이 많이 남아서 어떻게 할까 늘 고민스러웠던 사장이 어느 날 우연히 닭똥집을 튀겨서 서비스로 내어놓기 시작했는데, 의외로 손님들의 호응이 좋았던 것이다. 서비스로 시작한 닭똥집 요리가 값싸고 맛있기로 알음알음 소문이 나기 시작했다. 그 후 닭똥집, 튀김닭, 양념닭, 찜닭, 닭발 등 닭튀김 요리가 본격적으로 나오면서 술을 곁들이는 대구 스타일의 닭똥집 골목까지 등장하게 되었다.",053-956-8413,,농·축·수산물,,,1975년,,점포마다 다름,,주차 가능,,없음,없음,가능,,