명칭,우편번호,관리자,전화번호,주소,위도,경도,개요,숙박 종류,문의 및 안내,규모,수용 가능 인원,객실 수,객실 유형,주차 가능,조리 가능,체크인,체크아웃,예약 안내,예약안내 홈페이지,픽업서비스,식음료장,부대 시설,세미나,스포츠시설,사우나실,뷰티 시설,노래방,바베큐장,캠프화이어,자전거대여,휘트니스센터,공용 PC실,공용 샤워실,상세정보,환불규정
팔공산온천관광호텔,41007,,053-985-8080,대구광역시 동구 팔공산로185길 11,35.9910080699,128.6922646449,"대구 팔공산 쪽에 있는 온천관광호텔로 온천 이용객 및 휴양을 위해 찾는 이들이 많은 곳이다. 팔공산 온천은 팔공산의 정기가 숨 쉬는 비로봉 남동쪽 계곡부에서 발견된 물 맑은 신비의 온천으로 팔공산 화강암을 기반으로 지하 687.04m에서 용출되는 섭씨 28.9도의 염화나트륨 성분이 우세한 양질의 약 알칼리성 온천수를 이용할 수 있는 곳이다. 팔공산 온천호텔은 온천시설뿐만 아니라, 각종 단체 모임 행사 및 세미나 장소로 활용이 용이하여 각종 예식 칠순잔치 등 다양한 행사를 할 수 있다.",0,,,,36실,"양실, 한실",가능,불가,15:00,익일 11:00,053-985-8080,"<a href=""http://www.palgongspa.co.kr"" target=""_blank"" title=""새창 : 팔공산온천관광호텔 홈페이지로 이동"">http://www.palgongspa.co.kr</a>",셔틀버스 운행,"커피숍, 한식당, 양식당","별관 노래방, 편의점, 족구장, 축구장, 연회장, 찜질방, 온천",없음,없음,없음,없음,없음,없음,없음,없음,없음,없음,없음,"객실명:준특실
객실크기:0평
객실수:0
기준인원:2최대인원:0
※ 위 정보는 2023년 05월에 작성된 정보로(정상요금), 해당 숙박시설 이용요금이 수시로 변동됨에 따라 이용요금 및 기타 자세한 사항은 홈페이지 참조 요망
비수기주중최소:150000(성수기: 150000)
비수기주말최소:150000(성수기: 150000)
목욕시설:Y
욕조:Y
홈시어터:에어컨:Y
TV:Y
PC:케이블설치:Y
인터넷:Y
냉장고:Y
세면도구:Y
소파:취사용품:테이블:Y
드라이기:Y
객실명:한실
객실크기:0평
객실수:0
기준인원:2최대인원:3
※ 위 정보는 2023년 05월에 작성된 정보로(정상요금), 해당 숙박시설 이용요금이 수시로 변동됨에 따라 이용요금 및 기타 자세한 사항은 홈페이지 참조 요망
비수기주중최소:100000(성수기: 100000)
비수기주말최소:100000(성수기: 100000)
목욕시설:Y
욕조:홈시어터:에어컨:Y
TV:Y
PC:케이블설치:Y
인터넷:Y
냉장고:Y
세면도구:Y
소파:취사용품:테이블:드라이기:Y
객실명:양실(트윈/더블)
객실크기:0평
객실수:0
기준인원:2최대인원:2
※ 위 정보는 2023년 05월에 작성된 정보로(정상요금), 해당 숙박시설 이용요금이 수시로 변동됨에 따라 이용요금 및 기타 자세한 사항은 홈페이지 참조 요망
비수기주중최소:100000(성수기: 100000)
비수기주말최소:100000(성수기: 100000)
목욕시설:Y
욕조:홈시어터:에어컨:Y
TV:Y
PC:케이블설치:Y
인터넷:Y
냉장고:Y
세면도구:Y
소파:취사용품:테이블:Y
드라이기:Y
객실명:특실(대한실)
객실크기:0평
객실수:0
기준인원:2최대인원:0
※ 위 정보는 2023년 05월에 작성된 정보로(정상요금), 해당 숙박시설 이용요금이 수시로 변동됨에 따라 이용요금 및 기타 자세한 사항은 홈페이지 참조 요망
비수기주중최소:250000(성수기: 250000)
비수기주말최소:250000(성수기: 250000)
목욕시설:Y
욕조:Y
홈시어터:에어컨:Y
TV:Y
PC:케이블설치:Y
인터넷:Y
냉장고:Y
세면도구:Y
소파:Y
취사용품:테이블:Y
드라이기:Y
",
호텔인터불고 엑스코,41515,,053-380-0114,대구광역시 북구 유통단지로 80(산격동),35.9069994200,128.6112130310,"호텔인터불고는 스페인어로 ‘화목한 작은 마을’이란 의미를 가지고 있으며, 엑스코(대구전시 컨벤션 센터) 맞은편에 자리한 호텔인터불고 엑스코는 비즈니스에 최적인 호텔이다. 전국 최대 규모(2,695m2)의 그랜드볼룸 대연회장이 있으며, 중·소연회장은 엑스코와 연결되어 지하 1층에 위치한 10여 개의 연회장에서 모든 비즈니스 모임, 예식, 연회가 동시에 활용 가능하며, 303실의 수준 높은 객실은 편안한 휴식을 누릴 수 있다.
아늑하면서도 현대적인 분위기의 호텔인터불고 엑스코의 객실은 비즈니스 고객을 위해 좀 더 편안함을, 가족들과 함께 휴식을 원하는 고객에게는 여유로움을 드릴 수 있도록 배려하였다. 대구공항, 북대구IC와 인접하여 전국 어디에서나 빠르고 편리하게 이용할 수 있다.",0,,지상 17층/지하 4층,500명,303실,"비즈니스 트윈/더블, 스탠다드 트윈/온돌, 패밀리트윈, 디럭스온돌, 스위트",주차 가능,불가,15:00,11:00,053-380-0114,,,"라그라나(뷔페 2F), 동보성(중식 2F), 개정(한식당 17F), 핸즈커피(로비 1F), 반얀트리(레스토랑 2F)","남성 사우나, 헬스클럽, 야외수영장, 보보스, 웨딩샵, 웨딩홀, 연회장",없음,없음,없음,없음,없음,없음,없음,없음,없음,없음,없음,"객실명:스탠다드 트윈
객실크기:7평
객실수:0
기준인원:2최대인원:3
※ 객실 가격 전화문의 요망 
※ 위 정보는 2022년 9월에 수정된 정보로(정상요금), 해당 숙박시설 이용요금이 수시로 변동됨에 따라 이용요금 및 기타 자세한 사항은 홈페이지 참조 요망
비수기주중최소:90000(성수기: 0)
비수기주말최소:90000(성수기: 0)
목욕시설:Y
욕조:홈시어터:에어컨:Y
TV:Y
PC:케이블설치:Y
인터넷:Y
냉장고:Y
세면도구:Y
소파:취사용품:테이블:Y
드라이기:Y
객실명:패밀리 트윈
객실크기:12평
객실수:0
기준인원:2최대인원:4
※ 객실 가격 전화문의 요망 
※ 위 정보는 2022년 9월에 수정된 정보로(정상요금), 해당 숙박시설 이용요금이 수시로 변동됨에 따라 이용요금 및 기타 자세한 사항은 홈페이지 참조 요망
비수기주중최소:150000(성수기: 0)
비수기주말최소:160000(성수기: 0)
목욕시설:Y
욕조:홈시어터:에어컨:Y
TV:Y
PC:케이블설치:Y
인터넷:Y
냉장고:Y
세면도구:Y
소파:취사용품:테이블:Y
드라이기:Y
객실명:주니어스위트 트윈/더블
객실크기:16평
객실수:0
기준인원:2최대인원:2
※ 객실 가격 전화문의 요망 
※ 위 정보는 2022년 9월에 수정된 정보로(정상요금), 해당 숙박시설 이용요금이 수시로 변동됨에 따라 이용요금 및 기타 자세한 사항은 홈페이지 참조 요망
목욕시설:Y
욕조:Y
홈시어터:에어컨:Y
TV:Y
PC:Y
케이블설치:Y
인터넷:Y
냉장고:Y
세면도구:Y
소파:Y
취사용품:테이블:Y
드라이기:Y
객실명:슈페리얼 스위트 트윈/더블
객실크기:22평
객실수:0
기준인원:2최대인원:2
※ 객실 가격 전화문의 요망 
※ 위 정보는 2022년 9월에 수정된 정보로(정상요금), 해당 숙박시설 이용요금이 수시로 변동됨에 따라 이용요금 및 기타 자세한 사항은 홈페이지 참조 요망
비수기주중최소:170000(성수기: 0)
비수기주말최소:170000(성수기: 0)
목욕시설:Y
욕조:Y
홈시어터:에어컨:Y
TV:Y
PC:Y
케이블설치:Y
인터넷:Y
냉장고:Y
세면도구:Y
소파:Y
취사용품:테이블:Y
드라이기:Y
객실명:프리미어 스위트
객실크기:23평
객실수:0
기준인원:2최대인원:2
※ 객실 가격 전화문의 요망 
※ 위 정보는 2022년 9월에 수정된 정보로(정상요금), 해당 숙박시설 이용요금이 수시로 변동됨에 따라 이용요금 및 기타 자세한 사항은 홈페이지 참조 요망
목욕시설:Y
욕조:Y
홈시어터:에어컨:Y
TV:Y
PC:Y
케이블설치:Y
인터넷:Y
냉장고:Y
세면도구:Y
소파:Y
취사용품:테이블:Y
드라이기:Y
객실명:디럭스 스위트
객실크기:28평
객실수:0
기준인원:2최대인원:2
※ 객실 가격 전화문의 요망 
※ 위 정보는 2022년 9월에 수정된 정보로(정상요금), 해당 숙박시설 이용요금이 수시로 변동됨에 따라 이용요금 및 기타 자세한 사항은 홈페이지 참조 요망
목욕시설:Y
욕조:Y
홈시어터:에어컨:Y
TV:Y
PC:Y
케이블설치:Y
인터넷:Y
냉장고:Y
세면도구:Y
소파:Y
취사용품:테이블:Y
드라이기:Y
객실명:비즈니스 트윈/더블
객실크기:6평
객실수:0
기준인원:2최대인원:2
※ 객실 가격 전화문의 요망 
※ 위 정보는 2022년 9월에 수정된 정보로(정상요금), 해당 숙박시설 이용요금이 수시로 변동됨에 따라 이용요금 및 기타 자세한 사항은 홈페이지 참조 요망
비수기주중최소:83000(성수기: 0)
비수기주말최소:83000(성수기: 0)
목욕시설:Y
욕조:홈시어터:에어컨:Y
TV:Y
PC:Y
케이블설치:Y
인터넷:Y
냉장고:Y
세면도구:Y
소파:취사용품:테이블:Y
드라이기:Y
객실명:디럭스더블
객실크기:0평
객실수:0
기준인원:2최대인원:2
※ 객실 가격 전화문의 요망 
※ 위 정보는 2022년 9월에 수정된 정보로(정상요금), 해당 숙박시설 이용요금이 수시로 변동됨에 따라 이용요금 및 기타 자세한 사항은 홈페이지 참조 요망
목욕시설:Y
욕조:홈시어터:에어컨:Y
TV:Y
PC:케이블설치:인터넷:Y
냉장고:Y
세면도구:Y
소파:Y
취사용품:테이블:Y
드라이기:Y
객실명:디럭스트윈
객실크기:0평
객실수:0
기준인원:2최대인원:3
※ 객실 가격 전화문의 요망 
※ 위 정보는 2022년 9월에 수정된 정보로(정상요금), 해당 숙박시설 이용요금이 수시로 변동됨에 따라 이용요금 및 기타 자세한 사항은 홈페이지 참조 요망
목욕시설:Y
욕조:홈시어터:에어컨:Y
TV:Y
PC:케이블설치:인터넷:Y
냉장고:Y
세면도구:Y
소파:취사용품:테이블:Y
드라이기:Y
객실명:로얄스위트
객실크기:0평
객실수:0
기준인원:2최대인원:0
※ 객실 가격 전화문의 요망 
※ 위 정보는 2022년 9월에 수정된 정보로(정상요금), 해당 숙박시설 이용요금이 수시로 변동됨에 따라 이용요금 및 기타 자세한 사항은 홈페이지 참조 요망
목욕시설:Y
욕조:Y
홈시어터:에어컨:Y
TV:Y
PC:케이블설치:인터넷:Y
냉장고:Y
세면도구:Y
소파:Y
취사용품:테이블:Y
드라이기:Y
",
창앤영펜션,42990,,053-614-3108,대구광역시 달성군 유가읍 휴양림길 532,35.7007259804,128.4843215834,"비슬산을 마주 보고 있는 양지바른 언덕에 세워져 운치가 있는 곳이다. 펜션 아래로 작은 마을과 논밭들이 넓게 펼쳐져 있고 뒤로는 비슬산의 서쪽 자락에 펜션을 감싸고 있다. 군 생활을 오래 하신 주인장이 고향땅에 내려와 펜션을 지은 곳인데 배산임수의 명당자리에 지었다고 자랑삼는다. 펜션에서 한 발자국만 나서면 쌍상 폭포에 흘러내리는 시원한 계곡이 있다는 것도 장점 중 하나다. 펜션에서 비슬산 휴양림과 유가사 등이 각기 10여 분이내의 거리여서 볼거리와 놀 거리를 고루 갖춘 펜션이기도 하다. 펜션 앞의 잔디마당에는 골프 퍼팅장도 꾸며져 있다. 또한, 마당 한편에 마련된 야외 바비큐 갑판에서 삼겹살을 구워 먹기 위한 솥뚜껑을 설치해 놓기도 했다.<br>",0,,,60명,4실,"10평형, 25평형",주차가능,가능,14:00,11:00,053-614-3108,"<a href=""http://www.dgvill.com"" target=""_blank"" title=""새창 : 창앤영펜션 홈페이지로 이동"">http://www.dgvill.com</a>",,,,없음,없음,없음,없음,없음,없음,없음,없음,없음,없음,없음,"객실명:비슬산방
객실크기:25평
객실수:0
기준인원:15최대인원:15
※ 위 정보는 2022년 10월에 작성된 정보로(정상요금), 해당 숙박시설 이용요금이 수시로 변동됨에 따라 이용요금 및 기타 자세한 사항은 홈페이지 참조 요망
비수기주중최소:200000(성수기: 250000)
비수기주말최소:230000(성수기: 250000)
목욕시설:Y
욕조:홈시어터:에어컨:Y
TV:Y
PC:케이블설치:Y
인터넷:냉장고:Y
세면도구:Y
소파:취사용품:Y
테이블:드라이기:객실명:희망방/햇살방/푸른방
객실크기:10평
객실수:0
기준인원:4최대인원:5
※ 위 정보는 2022년 10월에 작성된 정보로(정상요금), 해당 숙박시설 이용요금이 수시로 변동됨에 따라 이용요금 및 기타 자세한 사항은 홈페이지 참조 요망
비수기주중최소:90000(성수기: 100000)
비수기주말최소:100000(성수기: 110000)
목욕시설:Y
욕조:홈시어터:에어컨:Y
TV:Y
PC:케이블설치:Y
인터넷:냉장고:Y
세면도구:Y
소파:취사용품:Y
테이블:드라이기:",
크리스탈관광호텔,42663,,053-655-7799,대구광역시 달서구 달구벌대로 1910,35.8621232538,128.5737092525,"크리스탈관광호텔은 비지니스맨을 위한 시티호텔로 도심지에 위치 하여 쇼핑센터, 터미널, 공항, 고속도로 톨게이트가 가까운 사통팔달로써 비지니스맨들을 위한 각종 제반시설을 갖춘 호텔이다.",0,,지하 2층 ~ 지상 11층,,70실,,주차 가능,불가,13:00,12:00,053-655-7799,,,"카페, 칵테일바","연회장, 웨딩홀, 비지니스센터, 사우나실, 나이트클럽",없음,없음,없음,없음,없음,없음,없음,없음,없음,없음,없음,"객실명:트윈룸
객실크기:8평
객실수:0
기준인원:2최대인원:0
※ 객실 가격 전화문의 요망
목욕시설:Y
욕조:홈시어터:에어컨:Y
TV:Y
PC:케이블설치:인터넷:Y
냉장고:Y
세면도구:소파:취사용품:테이블:드라이기:객실명:온돌스위트룸
객실크기:8평
객실수:0
기준인원:2최대인원:0
※ 객실 가격 전화문의 요망
목욕시설:Y
욕조:홈시어터:에어컨:Y
TV:Y
PC:케이블설치:인터넷:Y
냉장고:Y
세면도구:소파:취사용품:테이블:드라이기:객실명:더블룸
객실크기:8평
객실수:0
기준인원:2최대인원:0
※ 객실 가격 전화문의 요망
목욕시설:Y
욕조:홈시어터:에어컨:Y
TV:Y
PC:케이블설치:인터넷:Y
냉장고:Y
세면도구:소파:취사용품:테이블:드라이기:",
상상하우스,42499,,010-9367-4410,대구광역시 남구 매자안길 39(대명동),35.8314792407,128.5595891251,"#본 업소는 외국인관광 도시민박업으로 외국인만 이용이 가능하며 내국인은 이용할 수 없습니다.<br><br>


대구 서부정류장 인근에 위치한 게스트하우스이다.",0,,3층,2명,1,,가능(1대),,16:00,10:00,010-9367-4410,,가능,없음,,없음,없음,없음,없음,없음,없음,없음,없음,없음,없음,없음,,
사라네집,42425,이우주,010-2848-0035,대구광역시 남구 중앙대로40길 48-6(대명동),35.8502860622,128.5930856531,#본 업소는 외국인관광 도시민박업으로 외국인만 이용이 가능하며 내국인은 이용할 수 없습니다.<br.<br>교대역 5분걸에있는 게스트하우스,0,,"건평 (약15평, 복층)",6명기준 ~ 최대15명,1,,불가능,,14:00,12:00,전화,,가능,있음,,없음,없음,없음,없음,없음,있음,없음,없음,없음,없음,없음,,
호텔 더팔래스,42447,,053-471-9911,대구광역시 남구 이천로 13,35.8422926057,128.5976188094,"앞산 밑에 위치한 호텔 더팔래스는 주위환경이 쾌적하고 맑은 공기와 아름다운 앞산의 경치를 한눈에 볼수 있으며 교통이 편리하여 다른 관광지로 의 이동이 쉽고, 공항과 터미널, 기차역, 지하철 등 어떠한 교통수단 을 이용 하더라도 가깝고 편리하게 여행할 수 있다.",0,,지하 1층 ~ 지상 8층,,51실,"트윈, 더블, 온돌, 스위트",주차 가능,불가,14:00,12:00,053-471-9911,,,"레스토랑, 카페","연회장, 예식장, 비지니스센터, 태국전통마사지, 유흥주점, 나이트클럽",없음,없음,없음,없음,없음,없음,없음,없음,없음,없음,없음,"객실명:더블
객실크기:0평
객실수:0
기준인원:2최대인원:2
※ 위 정보는 2022년 04월에 수정된 정보로(정상요금), 해당 숙박시설 이용요금이 수시로 변동됨에 따라 이용요금 및 기타 자세한 사항은 홈페이지 참조 요망
비수기주중최소:130000(성수기: 130000)
비수기주말최소:130000(성수기: 130000)
목욕시설:Y
욕조:홈시어터:에어컨:Y
TV:Y
PC:케이블설치:Y
인터넷:Y
냉장고:Y
세면도구:Y
소파:취사용품:테이블:드라이기:객실명:온돌
객실크기:0평
객실수:0
기준인원:2최대인원:2
※ 위 정보는 2022년 04월에 수정된 정보로(정상요금), 해당 숙박시설 이용요금이 수시로 변동됨에 따라 이용요금 및 기타 자세한 사항은 홈페이지 참조 요망
비수기주중최소:130000(성수기: 130000)
비수기주말최소:130000(성수기: 130000)
목욕시설:Y
욕조:홈시어터:에어컨:Y
TV:Y
PC:케이블설치:Y
인터넷:Y
냉장고:Y
세면도구:Y
소파:취사용품:테이블:드라이기:객실명:트윈
객실크기:0평
객실수:0
기준인원:2최대인원:3
※ 위 정보는 2022년 04월에 수정된 정보로(정상요금), 해당 숙박시설 이용요금이 수시로 변동됨에 따라 이용요금 및 기타 자세한 사항은 홈페이지 참조 요망
비수기주중최소:140000(성수기: 140000)
비수기주말최소:140000(성수기: 140000)
목욕시설:Y
욕조:홈시어터:에어컨:Y
TV:Y
PC:케이블설치:Y
인터넷:Y
냉장고:Y
세면도구:Y
소파:취사용품:테이블:드라이기:객실명:스위트
객실크기:0평
객실수:0
기준인원:2최대인원:2
※ 위 정보는 2022년 04월에 수정된 정보로(정상요금), 해당 숙박시설 이용요금이 수시로 변동됨에 따라 이용요금 및 기타 자세한 사항은 홈페이지 참조 요망
비수기주중최소:190000(성수기: 190000)
비수기주말최소:190000(성수기: 190000)
목욕시설:Y
욕조:홈시어터:에어컨:Y
TV:Y
PC:케이블설치:Y
인터넷:Y
냉장고:Y
세면도구:Y
소파:취사용품:테이블:드라이기:객실명:로얄스위트
객실크기:0평
객실수:0
기준인원:2최대인원:2
※ 위 정보는 2022년 04월에 수정된 정보로(정상요금), 해당 숙박시설 이용요금이 수시로 변동됨에 따라 이용요금 및 기타 자세한 사항은 홈페이지 참조 요망
비수기주중최소:270000(성수기: 270000)
비수기주말최소:270000(성수기: 270000)
목욕시설:Y
욕조:홈시어터:에어컨:Y
TV:Y
PC:케이블설치:Y
인터넷:Y
냉장고:Y
세면도구:Y
소파:취사용품:테이블:드라이기:",
대구그랜드호텔,42117,,053-742-0001,대구광역시 수성구 동대구로 305,35.8576997042,128.6251881746,"대구그랜드호텔은 대구 교통과 비즈니스의 중심지인 수성구 범어동에 위치하고 있으며 초현대적 시설과 화려한 장식을 갖춘 대구 제일의 규모를 자랑하고 있다. 한식, 일식, 중식, 뷔페식당 그리고 남녀 사우나, 헬스클럽, 골프연습장 등과 예식 및 다양한 연회행사를 위한 다목적의 대·중·소 연회장들을 갖추고 있다.
또한 최고 수준의 서비스와 요리를 제공함으로써 대구 경북 최고의 비즈니스, 관광 명문호텔로서 선도적 역할을 성실히 수행해 내고 있으며 국내는 물론 해외에서도 명문호텔로 인정받고 있다. 고급스러운 분위기를 주는 인테리어와 최고급 가구 및 집기들이 마련되어 있으며 내 집처럼 편안한 휴식과 업무를 동시에 볼 수 있는 비즈니스맨에게 적합하도록 설계된 객실을 갖추고 있다.
비즈니스센터는 고객의 비즈니스 업무가 호텔 내에서 보다 편리하고 성공적으로 이루어질 수 있도록 도와주고 있고 최신형 개인 컴퓨터와 프린터, 복사기 등 사무기기가 갖추어진 워크스테이션을 통해 고객의 성공적인 비즈니스를 약속한다. 
대구그랜드호텔은 최고의 고객서비스 만족호텔을 지향하며 거듭나기 위해 장기적인 시설투자와 원칙적인 경영 그리고 끊임없는 창조와 변화의 노력을 계속해 나가가고자 한다.",0,,지상 12층/지하 4층,,150실,"디럭스, 프리미어, 스위트",주차가능,불가,15:00,12:00,053-742-0001,"<a href=""http://www.daegugrand.co.kr"" target=""_blank"" title=""새창 : 대구그랜드호텔 홈페이지로 이동"">http://www.daegugrand.co.kr</a>",가능(리무진/사전문의),"커피숍, 포석정(한식당), 봉성(중식당), 에이치가든(뷔페)","휘트니스 센터, 사우나, 연회장, 웨딩홀",없음,없음,없음,없음,없음,없음,없음,없음,없음,없음,없음,"객실명:디럭스 더블/트윈
객실크기:8평
객실수:0
기준인원:2최대인원:0
※ 객실요금 전화문의 요망
목욕시설:Y
욕조:홈시어터:에어컨:Y
TV:Y
PC:케이블설치:Y
인터넷:Y
냉장고:Y
세면도구:Y
소파:취사용품:테이블:Y
드라이기:Y
객실명:디럭스한실
객실크기:8평
객실수:0
기준인원:2최대인원:0
※ 객실요금 전화문의 요망
목욕시설:Y
욕조:홈시어터:에어컨:Y
TV:Y
PC:케이블설치:Y
인터넷:Y
냉장고:Y
세면도구:Y
소파:취사용품:테이블:Y
드라이기:Y
객실명:디럭스 패밀리트윈
객실크기:9평
객실수:0
기준인원:2최대인원:4
※ 객실요금 전화문의 요망
목욕시설:Y
욕조:홈시어터:에어컨:Y
TV:Y
PC:케이블설치:Y
인터넷:Y
냉장고:Y
세면도구:Y
소파:취사용품:테이블:Y
드라이기:Y
객실명:프리미어 디럭스
객실크기:11평
객실수:0
기준인원:2최대인원:0
※ 객실요금 전화문의 요망
목욕시설:Y
욕조:홈시어터:에어컨:Y
TV:Y
PC:케이블설치:Y
인터넷:Y
냉장고:Y
세면도구:Y
소파:취사용품:테이블:Y
드라이기:Y
객실명:프리미어 이그제큐티브 더블/트윈
객실크기:11평
객실수:0
기준인원:2최대인원:0
※ 객실요금 전화문의 요망
목욕시설:Y
욕조:홈시어터:에어컨:Y
TV:Y
PC:케이블설치:Y
인터넷:Y
냉장고:Y
세면도구:Y
소파:취사용품:테이블:Y
드라이기:Y
객실명:프리미어 헐리우드트윈
객실크기:11평
객실수:0
기준인원:2최대인원:0
※ 객실요금 전화문의 요망
목욕시설:Y
욕조:홈시어터:에어컨:Y
TV:Y
PC:케이블설치:Y
인터넷:Y
냉장고:Y
세면도구:Y
소파:취사용품:테이블:Y
드라이기:Y
객실명:스위트 한실스위트
객실크기:17평
객실수:0
기준인원:2최대인원:0
※ 객실요금 전화문의 요망
목욕시설:Y
욕조:홈시어터:에어컨:Y
TV:Y
PC:케이블설치:Y
인터넷:Y
냉장고:Y
세면도구:Y
소파:취사용품:테이블:Y
드라이기:Y
객실명:스위트 이그제큐티브스위트
객실크기:17평
객실수:0
기준인원:2최대인원:0
※ 객실요금 전화문의 요망
목욕시설:Y
욕조:홈시어터:에어컨:Y
TV:Y
PC:케이블설치:Y
인터넷:Y
냉장고:Y
세면도구:Y
소파:Y
취사용품:테이블:Y
드라이기:Y
객실명:프레지덴셜 스위트
객실크기:0평
객실수:0
기준인원:2최대인원:0
※ 객실요금 전화문의 요망
목욕시설:Y
욕조:Y
홈시어터:에어컨:Y
TV:Y
PC:케이블설치:Y
인터넷:Y
냉장고:Y
세면도구:Y
소파:Y
취사용품:테이블:Y
드라이기:Y
",
유니온관광호텔,41902,,053-252-2221,대구광역시 중구 태평로 117,35.8761358713,128.5907851359,"대구 시내 중심가에 위치한 유니온관광호텔은 대구역을 비롯한 교통의 중심가로서 동대구역, 비행장, 고속버스터미널 등이 가깝고 쇼핑의 중심가로서 대구백화점, 동아백화점, 동아쇼핑센터, 서문시장, 야시시장, 칠성시장 등과도 가까이 위치해 있다. 또한 문화의 거리와 인접하여 약령시장, 동숭로축제, 봉산문화의 거리 등을 즐길 수 있다.<br>유니온관광호텔은 지상 11층의 규모로 객실 64실을 보유하고 있는 2성 관광호텔이다. 시민회관 옆에 위치하며 대구역에서는 도보 2~3분, 시내 중심 다운타운(동성로, 중앙로)까지는 도보 5분 거리에 자리한다. 객실은 보다 현대적인 감각으로 안락하게 꾸며져 있으며 다양한 콘셉트로 고객 취향에 한 걸음 더 다가가고자 노력했다. 고품격 인테리어와 차원이 다른 서비스로 고객 감동 그 이상을 맛볼 수 있을 것이다.<br>유니온관광호텔은 모든 편리함이 갖추어진 최신 설비와 고객의 취향을 만족시켜주는 최상의 서비스를 통해 편안하고 안락하게 지내실 수 있도록 모든 편의를 제공하고 있다. 편안한 여행의 즐거움을 마음껏 만끽하고 삶의 여유와 넉넉함을 즐기며 추억으로 간직할 소중한 시간을 만들 수 있는 격조 높은 휴식처가 될 수 있도록 유니온관광호텔은 항상 정성이 깃든 최고의 서비스를 제공하고 있다.",0,,,,64실,"온돌, 스위트 더블, 스위트 트윈",,불가,14:00,12:00,,,,,,없음,없음,없음,없음,없음,없음,없음,없음,없음,없음,없음,"객실명:온돌
객실크기:13평
객실수:0
기준인원:2최대인원:0
※ 객실요금 전화문의 요망
목욕시설:Y
욕조:홈시어터:에어컨:Y
TV:Y
PC:케이블설치:Y
인터넷:Y
냉장고:Y
세면도구:소파:취사용품:테이블:드라이기:Y
객실명:스위트 트윈
객실크기:12평
객실수:0
기준인원:2최대인원:0
※ 객실요금 전화문의 요망
목욕시설:Y
욕조:홈시어터:에어컨:Y
TV:Y
PC:케이블설치:Y
인터넷:Y
냉장고:Y
세면도구:소파:취사용품:테이블:드라이기:Y
객실명:스위트 더블
객실크기:0평
객실수:0
기준인원:2최대인원:0
※ 객실요금 전화문의 요망
목욕시설:Y
욕조:홈시어터:에어컨:Y
TV:Y
PC:케이블설치:인터넷:Y
냉장고:Y
세면도구:소파:취사용품:테이블:드라이기:Y
",
호텔인터불고 대구,42064,,053-602-7114,대구광역시 수성구 팔현길 212,35.8731069392,128.6601346676,"바르미 호텔인터불고 대구는 대구의 관문인 금호강변 망우공원에 위치하고 있으며 수려한 경관과 청정한 공기속에 325개의 객실, 국제 수준의 컨벤션홀, 51스탑 크기의 최신형 파이프 오르간 등 최신의 부대시설을 갖추고 있다. 2001년 개관한 대구 최초의 특1급 호텔이며, 현재(2019년 기준) 한국관광공사 별 등급제 기준 5성 호텔로 선정되었다.",0,,,,325실,,"본관, 파크관 전용 주차장 운영 / 1,000대 주차 가능",불가,15:00,12:00,053-602- 7172,"<a href=""http://www.hotel-interburgo-daegu.com"" target=""_blank"" title=""새창 : 호텔인터불고 대구 홈페이지로 이동"">http://www.hotel-interburgo-daegu.com</a>",,"상설뷔페, 전문한식당, 카페, 로비라운지",,있음,있음,있음,없음,있음,없음,없음,없음,있음,있음,없음,"객실명:스탠다드트윈
객실크기:7평
객실수:0
기준인원:2최대인원:2
※ 위 정보는 2022년 10월에 작성된 정보로(정상요금), 해당 숙박시설 이용요금이 수시로 변동됨에 따라 이용요금 및 기타 자세한 사항은 홈페이지 참조 요망
목욕시설:Y
욕조:Y
홈시어터:에어컨:Y
TV:Y
PC:케이블설치:인터넷:Y
냉장고:Y
세면도구:Y
소파:Y
취사용품:테이블:Y
드라이기:Y
객실명:프리미엄더블
객실크기:9평
객실수:0
기준인원:2최대인원:2
※ 위 정보는 2022년 10월에 작성된 정보로(정상요금), 해당 숙박시설 이용요금이 수시로 변동됨에 따라 이용요금 및 기타 자세한 사항은 홈페이지 참조 요망
목욕시설:Y
욕조:Y
홈시어터:에어컨:Y
TV:Y
PC:케이블설치:인터넷:Y
냉장고:Y
세면도구:Y
소파:Y
취사용품:테이블:Y
드라이기:Y
객실명:디럭스 트원/더블
객실크기:9평
객실수:0
기준인원:2최대인원:2
※ 위 정보는 2022년 10월에 작성된 정보로(정상요금), 해당 숙박시설 이용요금이 수시로 변동됨에 따라 이용요금 및 기타 자세한 사항은 홈페이지 참조 요망
목욕시설:Y
욕조:Y
홈시어터:에어컨:Y
TV:Y
PC:케이블설치:인터넷:Y
냉장고:Y
세면도구:Y
소파:Y
취사용품:테이블:Y
드라이기:Y
객실명:본관 스위트
객실크기:0평
객실수:0
기준인원:2최대인원:4
※ 위 정보는 2022년 10월에 작성된 정보로(정상요금), 해당 숙박시설 이용요금이 수시로 변동됨에 따라 이용요금 및 기타 자세한 사항은 홈페이지 참조 요망
목욕시설:Y
욕조:Y
홈시어터:에어컨:Y
TV:Y
PC:케이블설치:인터넷:Y
냉장고:Y
세면도구:Y
소파:Y
취사용품:테이블:Y
드라이기:Y
객실명:패밀리트윈
객실크기:9평
객실수:0
기준인원:2최대인원:3
※ 위 정보는 2022년 10월에 작성된 정보로(정상요금), 해당 숙박시설 이용요금이 수시로 변동됨에 따라 이용요금 및 기타 자세한 사항은 홈페이지 참조 요망
목욕시설:Y
욕조:Y
홈시어터:에어컨:Y
TV:Y
PC:케이블설치:인터넷:Y
냉장고:Y
세면도구:Y
소파:Y
취사용품:테이블:Y
드라이기:Y
객실명:부띠끄
객실크기:0평
객실수:0
기준인원:2최대인원:4
※ 위 정보는 2022년 10월에 작성된 정보로(정상요금), 해당 숙박시설 이용요금이 수시로 변동됨에 따라 이용요금 및 기타 자세한 사항은 홈페이지 참조 요망
목욕시설:Y
욕조:Y
홈시어터:에어컨:Y
TV:Y
PC:케이블설치:인터넷:냉장고:Y
세면도구:Y
소파:Y
취사용품:테이블:Y
드라이기:Y
",
엘디스 리젠트 호텔,41931,,053-253-7711,대구광역시 중구 달구벌대로 2033,35.8666563022,128.5860997017,"대구 중심가에 위치하고 있는 엘디스 리젠트 호텔은 국내의 금융기관 및 관공서, 월드컵 경기장, 시민운동장 등 도심 속에 자리를 잡고 있어 교통이 편리하다. 새롭게 단장된 공간 속에 문화와 예술을 추구하는 유럽형 정통 비즈니스호텔로서 편리한 연회 및 부대시설 이용은 물론, 엘디스 리젠트 호텔이 제공하는 특별한 맛과 즐거움을 경험할 수 있다.<br>엘디스 리젠트 호텔은 유럽 문화의 향기와 편안함을 느낄 수 있는 유럽형 비즈니스호텔의 콘셉트를 가지고 있으며 최첨단 중앙 시스템과 4중 방음창을 설치한 8개 타입의 유럽형 객실이 다양한 취향의 고객들을 위해 준비되어 있다.<br>또한 피트니스클럽은 최신 웨이트 기구와 고급스러운 인테리어로 새로운 웰빙문화를 느낄 수 있도록 해주며 재즈 바 ‘블루 시카고’ 에서는 각종 퓨전 음식문화를 만끽할 수 있다. 엘디스 리젠트 호텔은 지하철 1, 2호선의 환승역에 위치하여 교통이 아주 편리하며 패션과 쇼핑의 도시 대구 중심가에 위치하고 있다.<br>롯데백화점, 현대백화점, 대구백화점 등 명품 쇼핑센터들이 주변에 있어, 걸어서 쇼핑하기가 편리하다. 또한 대구 전통 재래시장인 서문시장이 5분 거리에 있어 다양한 쇼핑문화를 즐길 수 있다. 주변에 피부과, 치과, 성형외과, 산부인과 등의 메디컬 센터들이 자리 잡고 있으며, 350년 역사의 한방 관광명소인 약령시 또한 3분 거리에 있다.",0,,본관 : 지상 7층/지하 1층<br />신관 : 지상 20층/지하 1층,104명,124실,"본관 : 스탠다드 더블/트윈, 스탠다드 코리안 스위트, 리젠트 패밀리, 리젠트 스위트<br />신관 : 디럭스 더블/트윈, 디럭스 코리안 스위트, 엘디스 스위트",주차 가능,불가,15:00,12:00,053-253-7711,"<a href=""http://www.eldishotel.com"" target=""_blank"" title=""새창 : 엘디스 리젠트 호텔 홈페이지로 이동"">http://www.eldishotel.com</a>",,"탐앤탐스/VIP라운지, LA 북창동 순두부, 조식뷔페, 블루 시카고 재즈바","씨에나 사우나, 엘디스약국, 편의점, 회의실, 헬스장, 하늘공원, 웨딩홀",없음,없음,없음,없음,없음,없음,없음,없음,없음,없음,없음,"객실명:[신관] 엘디스 스위트
객실크기:19평
객실수:0
기준인원:2최대인원:0
※ 객실 가격은 전화문의 요망
목욕시설:Y
욕조:Y
홈시어터:에어컨:Y
TV:Y
PC:케이블설치:Y
인터넷:Y
냉장고:Y
세면도구:소파:Y
취사용품:테이블:Y
드라이기:Y
객실명:[본관] 스탠다드 더블
객실크기:7평
객실수:0
기준인원:2최대인원:2
※ 객실 가격은 전화문의 요망
목욕시설:Y
욕조:Y
홈시어터:에어컨:Y
TV:Y
PC:케이블설치:Y
인터넷:Y
냉장고:Y
세면도구:소파:Y
취사용품:테이블:Y
드라이기:Y
객실명:[본관] 스탠다드 트윈
객실크기:6평
객실수:0
기준인원:2최대인원:2
※ 객실 가격은 전화문의 요망
목욕시설:Y
욕조:Y
홈시어터:에어컨:Y
TV:Y
PC:케이블설치:Y
인터넷:Y
냉장고:Y
세면도구:소파:취사용품:테이블:Y
드라이기:Y
객실명:[본관] 스탠다드 코리안 스위트
객실크기:9평
객실수:0
기준인원:2최대인원:0
※ 객실 가격은 전화문의 요망
목욕시설:Y
욕조:홈시어터:에어컨:Y
TV:Y
PC:케이블설치:Y
인터넷:Y
냉장고:Y
세면도구:소파:취사용품:테이블:Y
드라이기:Y
객실명:[본관] 리젠트 패밀리
객실크기:11평
객실수:0
기준인원:2최대인원:0
※ 객실 가격은 전화문의 요망
목욕시설:Y
욕조:Y
홈시어터:에어컨:Y
TV:Y
PC:케이블설치:Y
인터넷:Y
냉장고:Y
세면도구:소파:취사용품:테이블:Y
드라이기:Y
객실명:[본관] 리젠트 스위트
객실크기:11평
객실수:0
기준인원:2최대인원:0
※ 객실 가격은 전화문의 요망
목욕시설:Y
욕조:Y
홈시어터:에어컨:Y
TV:Y
PC:케이블설치:Y
인터넷:Y
냉장고:Y
세면도구:소파:취사용품:테이블:Y
드라이기:Y
객실명:[신관] 디럭스 더블(시티뷰)
객실크기:11평
객실수:0
기준인원:2최대인원:2
※ 객실 가격은 전화문의 요망
목욕시설:Y
욕조:Y
홈시어터:에어컨:Y
TV:Y
PC:케이블설치:Y
인터넷:Y
냉장고:Y
세면도구:소파:취사용품:테이블:Y
드라이기:Y
객실명:[신관] 디럭스 더블(타워뷰)
객실크기:8평
객실수:0
기준인원:2최대인원:2
※ 객실 가격은 전화문의 요망
목욕시설:Y
욕조:Y
홈시어터:에어컨:Y
TV:Y
PC:케이블설치:Y
인터넷:Y
냉장고:Y
세면도구:소파:취사용품:테이블:Y
드라이기:Y
객실명:[신관] 디럭스 트윈
객실크기:9평
객실수:0
기준인원:3최대인원:3
※ 객실 가격은 전화문의 요망
목욕시설:Y
욕조:Y
홈시어터:에어컨:Y
TV:Y
PC:케이블설치:Y
인터넷:Y
냉장고:Y
세면도구:소파:취사용품:테이블:Y
드라이기:Y
객실명:[신관] 디럭스 코리안 스위트
객실크기:10평
객실수:0
기준인원:2최대인원:4
※ 객실 가격은 전화문의 요망
목욕시설:Y
욕조:홈시어터:에어컨:Y
TV:Y
PC:케이블설치:Y
인터넷:Y
냉장고:Y
세면도구:소파:취사용품:테이블:Y
드라이기:Y
",
AW호텔,42612,,,대구광역시 달서구 성서로 413,35.8545617663,128.5066959231,"AW호텔은 대구 2호선 성서산업단지역 인근에 위치하여 우수한 접근성을 가지고 있으며 와룡산, 성서체육센터, 공원 등 도심 속 쾌적한 자연환경과 대구 성서산업단지에서 차량으로 5분거리에 위치하고 있어 비즈니스 장소로 효과적이다. 성서 IC인근에 위치하여 원활한 교통여건을 갖추고 있다.<br/>또한 객실 내에 냉장고, 미니바, 무선인터넷 등이 갖춰져 있으며 건물 내에 레스토랑, 커피숍이 있어 편리하게 이용할 수 있다.",0,,"801평(2,648,00㎡)<br/>
지상 11층/지하 1층",,54실,"스탠다드, 디럭스, 스위트",주차 가능,불가,15:00,12:00,053-589-6700,"<a href=""http://www.awhotel.co.kr/"" target=""_blank"" title=""새창 : AW호텔 홈페이지로 이동"">http://www.awhotel.co.kr</a>",,"하림각(중식당 11F), 커피숍&로비라운지(1F)","컨퍼런스룸, 비지니스 센터, 연회장, 웨딩홀",없음,없음,없음,없음,없음,없음,없음,없음,없음,없음,없음,"객실명:스탠다드 온돌
객실크기:9평
객실수:0
기준인원:2최대인원:2
※ 위 정보는 2021년 08월에 수정된 정보로(정상요금), 해당 숙박시설 이용요금이 수시로 변동됨에 따라 이용요금 및 기타 자세한 사항은 홈페이지 참조 요망
비수기주중최소:238000(성수기: 0)
비수기주말최소:238000(성수기: 0)
목욕시설:Y
욕조:홈시어터:에어컨:Y
TV:Y
PC:케이블설치:Y
인터넷:Y
냉장고:Y
세면도구:Y
소파:취사용품:테이블:Y
드라이기:Y
객실명:스탠다드 그린더블
객실크기:8평
객실수:0
기준인원:2최대인원:2
※ 위 정보는 2021년 08월에 수정된 정보로(정상요금), 해당 숙박시설 이용요금이 수시로 변동됨에 따라 이용요금 및 기타 자세한 사항은 홈페이지 참조 요망
비수기주중최소:238000(성수기: 0)
비수기주말최소:238000(성수기: 0)
목욕시설:Y
욕조:홈시어터:에어컨:Y
TV:Y
PC:케이블설치:Y
인터넷:Y
냉장고:Y
세면도구:Y
소파:취사용품:테이블:Y
드라이기:Y
객실명:프리미어 블루더블
객실크기:11평
객실수:0
기준인원:2최대인원:2
※ 위 정보는 2021년 08월에 수정된 정보로(정상요금), 해당 숙박시설 이용요금이 수시로 변동됨에 따라 이용요금 및 기타 자세한 사항은 홈페이지 참조 요망
비수기주중최소:280000(성수기: 0)
비수기주말최소:280000(성수기: 0)
목욕시설:Y
욕조:홈시어터:에어컨:Y
TV:Y
PC:케이블설치:Y
인터넷:Y
냉장고:Y
세면도구:Y
소파:취사용품:테이블:Y
드라이기:Y
객실명:인피니티 비즈니스
객실크기:12평
객실수:0
기준인원:2최대인원:2
※ 위 정보는 2021년 08월에 수정된 정보로(정상요금), 해당 숙박시설 이용요금이 수시로 변동됨에 따라 이용요금 및 기타 자세한 사항은 홈페이지 참조 요망
비수기주중최소:280000(성수기: 0)
비수기주말최소:280000(성수기: 0)
목욕시설:Y
욕조:홈시어터:에어컨:Y
TV:Y
PC:케이블설치:Y
인터넷:Y
냉장고:Y
세면도구:Y
소파:Y
취사용품:테이블:Y
드라이기:Y
객실명:프레지덴셜 스위트
객실크기:12평
객실수:0
기준인원:2최대인원:2
※ 위 정보는 2021년 08월에 수정된 정보로(정상요금), 해당 숙박시설 이용요금이 수시로 변동됨에 따라 이용요금 및 기타 자세한 사항은 홈페이지 참조 요망
비수기주중최소:450000(성수기: 0)
비수기주말최소:450000(성수기: 0)
목욕시설:Y
욕조:홈시어터:에어컨:Y
TV:Y
PC:케이블설치:Y
인터넷:Y
냉장고:Y
세면도구:Y
소파:Y
취사용품:테이블:Y
드라이기:Y
객실명:로얄 스위트
객실크기:20평
객실수:0
기준인원:2최대인원:2
※ 위 정보는 2021년 08월에 수정된 정보로(정상요금), 해당 숙박시설 이용요금이 수시로 변동됨에 따라 이용요금 및 기타 자세한 사항은 홈페이지 참조 요망
비수기주중최소:530000(성수기: 0)
비수기주말최소:530000(성수기: 0)
목욕시설:Y
욕조:홈시어터:에어컨:Y
TV:Y
PC:케이블설치:Y
인터넷:Y
냉장고:Y
세면도구:Y
소파:Y
취사용품:테이블:Y
드라이기:Y
객실명:스탠다드 투게더트윈
객실크기:9평
객실수:0
기준인원:2최대인원:2
※ 위 정보는 2021년 08월에 수정된 정보로(정상요금), 해당 숙박시설 이용요금이 수시로 변동됨에 따라 이용요금 및 기타 자세한 사항은 홈페이지 참조 요망
비수기주중최소:258000(성수기: 0)
비수기주말최소:258000(성수기: 0)
목욕시설:Y
욕조:홈시어터:에어컨:Y
TV:Y
PC:케이블설치:Y
인터넷:Y
냉장고:Y
세면도구:Y
소파:취사용품:테이블:Y
드라이기:Y
",
팔공산맥섬석 유스호스텔,41008,,053-985-8000,대구광역시 동구 갓바위로 223-35,35.9731496282,128.7270343046,"태고의 신비가 숨쉬고 민족의 정기가 흐르는 유서깊은 민족의 명산 팔공산 자락에 위치한 팔공산맥섬석유스호스텔은 기업연수, 세미나, 동창회, OT/MT등 각종 모임 및 가족 행사장으로 최고의 자존심을 지켜가고있다. 본관은 15,000여평의 대구시 자연생태공원이 접해있고 5개의 연회장과 30개의 객실, 찜질방, 노래연습장, 바베큐장등 부대시설이 있으며 45개의 심플한 객실을 갖춘 별관은 최고의 분위기를 자랑하는 만큼 삶의 여유로 아름다운 추억을 남길 수 있다.<br>",0,,,,75실,"침대방, 온돌(A/B/S), 특실, VIP룸",주차가능(승용차 130대/버스 10대),,14:00,11:00,053-985-8000,,,레스토랑,"세미나&연회장, 비즈니스 센터, 바베큐장, 노래연습장, 체육시설, 산책로, 대형찜질방, 웨딩홀, 등산로",없음,없음,없음,없음,없음,없음,없음,없음,없음,없음,없음,,
호텔에이치,41251,,053-755-8090,대구광역시 동구 동부로26길 59,35.8706649603,128.6282847633,"패션의 도시 대구광역시에 위치한 호텔에이치는 동대구역과, 동대구 고속버스터미널에서 근접하고 있어 대중교통을 이용하는 여행객들에게 인기가 좋다. 넓은 객실과 각기 특색 있는 인테리어는 편안하고 안락함을 제공한다. 대구에 왔다면 유명한 대구 12경을 둘려보기 권하며 먹을거리로는 유명한 대구막창, 찜갈비, 불고기 등 다양한 맛집이 즐비해 여행의 맛있는 즐거움을 한층 더해줄 것이다.<br>",0,,5층,,34실,영실,주차가능,불가,18:00,12:00,053-755-8090,,,,,없음,없음,없음,없음,없음,없음,없음,없음,없음,없음,없음,"객실명:프리미엄
객실크기:12평
객실수:0
기준인원:2최대인원:4
※ 위 정보는 2021년 11월에 작성된 정보로(정상요금), 해당 숙박시설 이용요금이 수시로 변동됨에 따라 이용요금 및 기타 자세한 사항은 홈페이지 참조 요망 
비수기주중최소:50000(성수기: 0)
비수기주말최소:60000(성수기: 0)
목욕시설:Y
욕조:Y
홈시어터:에어컨:Y
TV:Y
PC:케이블설치:Y
인터넷:Y
냉장고:Y
세면도구:Y
소파:취사용품:테이블:Y
드라이기:Y
객실명:주니어스위트
객실크기:12평
객실수:0
기준인원:2최대인원:4
※ 위 정보는 2021년 11월에 작성된 정보로(정상요금), 해당 숙박시설 이용요금이 수시로 변동됨에 따라 이용요금 및 기타 자세한 사항은 홈페이지 참조 요망 
비수기주중최소:60000(성수기: 0)
비수기주말최소:70000(성수기: 0)
목욕시설:Y
욕조:Y
홈시어터:에어컨:Y
TV:Y
PC:Y
케이블설치:Y
인터넷:Y
냉장고:Y
세면도구:Y
소파:Y
취사용품:테이블:Y
드라이기:Y
객실명:스위트
객실크기:16평
객실수:0
기준인원:2최대인원:6
※ 위 정보는 2021년 11월에 작성된 정보로(정상요금), 해당 숙박시설 이용요금이 수시로 변동됨에 따라 이용요금 및 기타 자세한 사항은 홈페이지 참조 요망 
비수기주중최소:90000(성수기: 0)
비수기주말최소:100000(성수기: 0)
목욕시설:Y
욕조:Y
홈시어터:에어컨:Y
TV:Y
PC:Y
케이블설치:Y
인터넷:Y
냉장고:Y
세면도구:Y
소파:Y
취사용품:테이블:Y
드라이기:Y
객실명:파티룸
객실크기:30평
객실수:0
기준인원:2최대인원:8
※ 위 정보는 2021년 11월에 작성된 정보로(정상요금), 해당 숙박시설 이용요금이 수시로 변동됨에 따라 이용요금 및 기타 자세한 사항은 홈페이지 참조 요망 
비수기주중최소:250000(성수기: 0)
비수기주말최소:280000(성수기: 0)
목욕시설:Y
욕조:Y
홈시어터:에어컨:Y
TV:Y
PC:Y
케이블설치:Y
인터넷:Y
냉장고:Y
세면도구:Y
소파:Y
취사용품:테이블:Y
드라이기:Y
",
호텔아시아,41251,,053-742-0550,대구광역시 동구 동부로22길 75-1,35.8698789267,128.6276598402,"대구광역시 동대구역세권의 중심에 위치하고 있는 호텔아시아는 비즈니스 업무와 영화, 쇼핑, 외식, 문화시설을 한꺼번에 즐길 수 있다. 대구국제공항에서 10분, KTX가 도착하는 동대구역에서 5분, 고속버스터미널에서 3분, 지하철에서 4분 거리에 위치해 있으며 주변에 MBC 방송국, 영화관, 금융기관, 동 대구벤처벨리와 관광지, 대형 쇼핑몰을 골고루 갖추고 있다.
이외에 전 객실 PC, WI FI, 3DTV, 최신 영화 시스템, 전신안마의자, 스파 욕조, 단체 이벤트 룸, 공기청정기를 갖추어 고객에게 최상의 볼거리, 즐길 거리, 휴식이 공존하는 도심 속 문화공간이다. 호텔아시아는 고객편의를 최우선으로 고품격 최고의 서비스를 제공한다.",0,,"620평, 9층",최대 170명,40실,"디럭스, 트윈, VIP",주차 가능,불가,20:00,12:00,053-742-0550,,,,,없음,없음,없음,없음,없음,없음,없음,없음,없음,없음,없음,"객실명:스탠다드
객실크기:10평
객실수:0
기준인원:2최대인원:2
※ 객실 가격 전화문의 요망
목욕시설:Y
욕조:Y
홈시어터:에어컨:Y
TV:Y
PC:케이블설치:Y
인터넷:Y
냉장고:Y
세면도구:Y
소파:취사용품:테이블:드라이기:Y
객실명:트윈
객실크기:12평
객실수:0
기준인원:2최대인원:4
※ 객실 가격 전화문의 요망
목욕시설:Y
욕조:Y
홈시어터:에어컨:Y
TV:Y
PC:케이블설치:Y
인터넷:Y
냉장고:Y
세면도구:Y
소파:취사용품:테이블:Y
드라이기:Y
객실명:디럭스
객실크기:12평
객실수:0
기준인원:2최대인원:2
※ 객실 가격 전화문의 요망
목욕시설:Y
욕조:Y
홈시어터:에어컨:Y
TV:Y
PC:케이블설치:Y
인터넷:Y
냉장고:Y
세면도구:Y
소파:취사용품:테이블:Y
드라이기:Y
객실명:VIP-7
객실크기:15평
객실수:0
기준인원:2최대인원:6
※ 객실 가격 전화문의 요망
목욕시설:Y
욕조:Y
홈시어터:에어컨:Y
TV:Y
PC:케이블설치:Y
인터넷:Y
냉장고:Y
세면도구:Y
소파:취사용품:테이블:Y
드라이기:Y
",
이시아호텔,41026,,053-986-7424,대구광역시 동구 팔공로47길 38,35.9202372819,128.6367659655,"이시아호텔은 복합산업단지 이시아폴리스 최중심에 위치한 신개념 호텔로서 감각적 인테리어, 감성적 디자인으로 고객들의 휴식, 문화공간이 될 것이다.
복합테마파크인 이시아롯데몰 옆에 위치하고 있어 영화와 쇼핑, 외식, 문화시설을 한번에 즐길 수 있다. 대구국제공항에서 10분, 팔공산IC에서 5분거리에 위치해 고객들의 성공적 비즈니스 파트너가 될 것을 약속한다.
또한 봉무동 팔공산 도입에 자리하여 주변에 문화재, 유적지, 관광지, 휴식공간을 골고루 갖추고 있다. 즐길거리와 휴식이 공존하는 도심속의 문화공간이다.",0,,지상 8층/지하 1층,,42실,"STANDARD, DELUXE, SPECIAL, TWIN BED, SUITE",주차가능,불가,17:00,12:00,053-986-7424,,,,,없음,없음,없음,없음,없음,없음,없음,없음,없음,없음,없음,"객실명:STANDARD
객실크기:9평
객실수:0
기준인원:2최대인원:3
※ 객실 가격 전화문의 요망
목욕시설:Y
욕조:홈시어터:에어컨:Y
TV:Y
PC:Y
케이블설치:Y
인터넷:Y
냉장고:Y
세면도구:Y
소파:취사용품:테이블:Y
드라이기:Y
객실명:SUITE
객실크기:36평
객실수:0
기준인원:4최대인원:10
※ 객실 가격 전화문의 요망
목욕시설:Y
욕조:홈시어터:에어컨:Y
TV:Y
PC:Y
케이블설치:Y
인터넷:Y
냉장고:Y
세면도구:Y
소파:Y
취사용품:테이블:Y
드라이기:Y
객실명:SPECIAL
객실크기:13평
객실수:0
기준인원:2최대인원:4
※ 객실 가격 전화문의 요망
목욕시설:Y
욕조:홈시어터:에어컨:Y
TV:Y
PC:Y
케이블설치:Y
인터넷:Y
냉장고:Y
세면도구:Y
소파:Y
취사용품:테이블:Y
드라이기:Y
객실명:DELUXE
객실크기:12평
객실수:0
기준인원:2최대인원:3
※ 객실 가격 전화문의 요망
목욕시설:Y
욕조:홈시어터:에어컨:Y
TV:Y
PC:Y
케이블설치:Y
인터넷:Y
냉장고:Y
세면도구:Y
소파:Y
취사용품:테이블:Y
드라이기:Y
객실명:TWIN BED
객실크기:12평
객실수:0
기준인원:2최대인원:3
※ 객실 가격 전화문의 요망
목욕시설:Y
욕조:홈시어터:에어컨:Y
TV:Y
PC:Y
케이블설치:Y
인터넷:Y
냉장고:Y
세면도구:Y
소파:Y
취사용품:테이블:Y
드라이기:Y
",
에오스,41935,,053-422-8087,대구광역시 중구 중앙대로81길 22,35.8699449351,128.5923907230,"영남지역의 중심도시 수많은 문화유적이 존재하고 다양한 전통과 문화가 공존하는 대구에 위치한 에오스호텔은 대구에서도 최중심 동성로에 있어 교통과 관광을 즐기기에 최적의 장소이다. 근대화 골목 투어로의 여행도 편리하며 백화점, 재래시장인 서문시장, 칠성시장이 10분거리내에 있어 다양한 볼거리를 제공한다. 또한 대구의 먹거리로는 동인동의 찜갈비와 안지랑의 곱창골목, 대구막창과 납작만두도 손꼽힌다.<br>",0,,,,58실,"스탠다드, 디럭스, 스위트, 로얄스위트",주차가능,불가,16:00,12:00,053-422-8087,,,,,없음,없음,없음,없음,없음,없음,없음,없음,없음,없음,없음,"객실명:로얄스위트
객실크기:9평
객실수:0
기준인원:2최대인원:4
※ 위 정보는 2022년 12월에 작성된 정보로(정상요금), 해당 숙박시설 이용요금이 수시로 변동됨에 따라 이용요금 및 기타 자세한 사항은 홈페이지 참조 요망 
목욕시설:Y
욕조:홈시어터:에어컨:Y
TV:Y
PC:Y
케이블설치:Y
인터넷:Y
냉장고:Y
세면도구:Y
소파:Y
취사용품:테이블:Y
드라이기:Y
객실명:스위트
객실크기:8평
객실수:0
기준인원:2최대인원:4
※ 위 정보는 2022년 12월에 작성된 정보로(정상요금), 해당 숙박시설 이용요금이 수시로 변동됨에 따라 이용요금 및 기타 자세한 사항은 홈페이지 참조 요망 
목욕시설:Y
욕조:홈시어터:에어컨:Y
TV:Y
PC:Y
케이블설치:Y
인터넷:Y
냉장고:Y
세면도구:Y
소파:Y
취사용품:테이블:Y
드라이기:Y
객실명:디럭스 트윈
객실크기:8평
객실수:0
기준인원:2최대인원:4
※ 위 정보는 2022년 12월에 작성된 정보로(정상요금), 해당 숙박시설 이용요금이 수시로 변동됨에 따라 이용요금 및 기타 자세한 사항은 홈페이지 참조 요망 

목욕시설:Y
욕조:홈시어터:에어컨:Y
TV:Y
PC:Y
케이블설치:Y
인터넷:Y
냉장고:Y
세면도구:Y
소파:Y
취사용품:테이블:Y
드라이기:Y
객실명:디럭스
객실크기:8평
객실수:0
기준인원:2최대인원:2
※ 위 정보는 2022년 12월에 작성된 정보로(정상요금), 해당 숙박시설 이용요금이 수시로 변동됨에 따라 이용요금 및 기타 자세한 사항은 홈페이지 참조 요망 
목욕시설:Y
욕조:홈시어터:에어컨:Y
TV:Y
PC:Y
케이블설치:Y
인터넷:Y
냉장고:Y
세면도구:Y
소파:Y
취사용품:테이블:Y
드라이기:Y
",
호텔 아리아나,42175,,053-763-9000,대구광역시 수성구 동대구로 27(두산동),35.8327719271,128.6229168461,"대구 수성유원지 바로 옆에 위치한 호텔 아리아나는 짙푸른 녹음 속에 감각적인 유럽풍 실내장식과 양질의 서비스로 비즈니스 고객들에게 편안한 휴식을 제공하고자 정성을 다하고 있다. 현대적인 감각으로 인테리어 된 50여개 객실과 다양한 부대시설, 대구 최초로 유럽전통 생맥주를 직접 생산, 판매하는 특색 있는 유럽맥주 양조장 등은 고객들이 이용하기에 편리하며 다양한 이벤트와 공연은 수성호반의 아름다운 분위기와 함께 인상적인 추억을 가져다 줄 것이다.",0,,"지상 8층,  지하 1층",,48실,"양실 40실, 한실 8실",주차 가능,불가,14:00,12:00,053-763-9000,"<a href=""http://www.ariana.co.kr"" target=""_blank"" title=""새창 : 호텔 아리아나 홈페이지로 이동"">http://www.ariana.co.kr</a>",,,,없음,없음,없음,없음,있음,없음,없음,없음,없음,없음,없음,"객실명:deluxe twin
객실크기:0평
객실수:0
기준인원:2최대인원:3
※ 객실 요금은 전화문의

목욕시설:Y
욕조:홈시어터:에어컨:Y
TV:Y
PC:케이블설치:인터넷:냉장고:Y
세면도구:Y
소파:취사용품:테이블:드라이기:Y
객실명:family twin
객실크기:0평
객실수:0
기준인원:2최대인원:4
※ 객실 요금은 전화문의
목욕시설:Y
욕조:홈시어터:에어컨:Y
TV:Y
PC:케이블설치:인터넷:냉장고:Y
세면도구:Y
소파:취사용품:테이블:드라이기:Y
객실명:royal suite
객실크기:0평
객실수:0
기준인원:2최대인원:2
※ 객실 요금은 전화문의

목욕시설:Y
욕조:홈시어터:에어컨:Y
TV:Y
PC:케이블설치:인터넷:냉장고:Y
세면도구:Y
소파:취사용품:테이블:드라이기:Y
객실명:deluxe double
객실크기:0평
객실수:0
기준인원:2최대인원:2
※ 객실 요금은 전화문의

목욕시설:Y
욕조:홈시어터:에어컨:TV:Y
PC:케이블설치:인터넷:냉장고:Y
세면도구:Y
소파:취사용품:테이블:드라이기:Y
",
호텔 라온제나,42139,,,대구광역시 수성구 범어천로 73(범어동),35.8537167709,128.6224496376,"대구 첫번째 4성 등급을 회득한 호텔 라온제나는 객실, 웨딩, 연회, 포럼, 세미나, 레스토랑 등을 중심으로 빠르게 변화하는 라이프 문화와 고객 트렌드를 고려해 언제나 만족할 수 있는 성장형 서비스를 제공하는데 집중한다.
또한 스탠다드룸, 디럭스룸, 패밀리룸, 코리안 스위트룸, 스파 프리미어 더블 등 다양한 타입의 객실이 구성되어 있고 다양한 관광명소, 맛집, 대중교통 등 대구내 손쉽게 이동할 수 있는 위치적 장점, 도심속 멋집 시티뷰까지 함께 할 수 있기에 더욱 만족스러운 시간을 보낼 수 있다.",0,,지상 14층/지하 5층,,94실,"스탠다드 트윈/더블, 디럭스 트윈/더블, 라온/코리안/패밀리/비즈니스 스위트, 슈페리어, 스파 디럭스 더블/프리미어 더블",주차 가능,불가,15:00,12:00,053-718-7000,"<a href=""http://www.hotellaonzena.com"" target=""_blank"" title=""새창 : 호텔 라온제나 홈페이지로 이동"">http://www.hotellaonzena.com</a>",,파스쿠찌 카페,"웨딩홀, 소/대연회장, 컨퍼런스 룸, 휘트니스 센터, 석앤스파, 앨리스 플라워숍, 플로라 여성의류숍",없음,없음,없음,없음,없음,없음,없음,없음,없음,없음,없음,"객실명:스탠다드 트윈
객실크기:10평
객실수:0
기준인원:2최대인원:2
※ 객실 가격 전화문의 요망
목욕시설:Y
욕조:홈시어터:에어컨:Y
TV:Y
PC:케이블설치:Y
인터넷:Y
냉장고:Y
세면도구:Y
소파:Y
취사용품:테이블:Y
드라이기:Y
객실명:디럭스 트윈
객실크기:10평
객실수:0
기준인원:2최대인원:2
※ 객실 가격 전화문의 요망
목욕시설:Y
욕조:홈시어터:에어컨:Y
TV:Y
PC:케이블설치:Y
인터넷:Y
냉장고:Y
세면도구:Y
소파:Y
취사용품:테이블:Y
드라이기:Y
객실명:디럭스 더블
객실크기:11평
객실수:0
기준인원:2최대인원:2
※ 객실 가격 전화문의 요망
목욕시설:Y
욕조:홈시어터:에어컨:Y
TV:Y
PC:케이블설치:Y
인터넷:Y
냉장고:Y
세면도구:Y
소파:Y
취사용품:테이블:Y
드라이기:Y
객실명:슈페리어 트윈
객실크기:19평
객실수:0
기준인원:2최대인원:2
※ 객실 가격 전화문의 요망
목욕시설:Y
욕조:홈시어터:에어컨:Y
TV:Y
PC:케이블설치:Y
인터넷:Y
냉장고:Y
세면도구:Y
소파:Y
취사용품:테이블:Y
드라이기:Y
객실명:패밀리 스위트
객실크기:15평
객실수:0
기준인원:2최대인원:2
※ 객실 가격 전화문의 요망
목욕시설:Y
욕조:홈시어터:에어컨:Y
TV:Y
PC:케이블설치:Y
인터넷:Y
냉장고:Y
세면도구:Y
소파:Y
취사용품:테이블:Y
드라이기:Y
객실명:코리안 스위트
객실크기:19평
객실수:0
기준인원:2최대인원:2
※ 객실 가격 전화문의 요망
목욕시설:Y
욕조:Y
홈시어터:에어컨:Y
TV:Y
PC:케이블설치:Y
인터넷:Y
냉장고:Y
세면도구:Y
소파:Y
취사용품:테이블:Y
드라이기:Y
객실명:라온 스위트
객실크기:15평
객실수:0
기준인원:2최대인원:2
※ 객실 가격 전화문의 요망
목욕시설:Y
욕조:홈시어터:에어컨:Y
TV:Y
PC:케이블설치:Y
인터넷:Y
냉장고:Y
세면도구:Y
소파:Y
취사용품:테이블:Y
드라이기:Y
객실명:비즈니스 스위트
객실크기:26평
객실수:0
기준인원:2최대인원:2
※ 객실 가격 전화문의 요망
목욕시설:Y
욕조:Y
홈시어터:에어컨:Y
TV:Y
PC:케이블설치:Y
인터넷:Y
냉장고:Y
세면도구:Y
소파:Y
취사용품:테이블:Y
드라이기:Y
객실명:스파 디럭스 더블
객실크기:10평
객실수:0
기준인원:2최대인원:2
※ 객실 가격 전화문의 요망
목욕시설:Y
욕조:Y
홈시어터:에어컨:Y
TV:Y
PC:케이블설치:Y
인터넷:Y
냉장고:Y
세면도구:Y
소파:취사용품:테이블:Y
드라이기:Y
객실명:스파 프리미어 더블
객실크기:16평
객실수:0
기준인원:2최대인원:2
※ 객실 가격 전화문의 요망
목욕시설:Y
욕조:Y
홈시어터:에어컨:Y
TV:Y
PC:케이블설치:Y
인터넷:Y
냉장고:Y
세면도구:Y
소파:취사용품:테이블:Y
드라이기:Y
객실명:스탠다드 더블
객실크기:7평
객실수:0
기준인원:2최대인원:2
※ 객실 가격 전화문의 요망
목욕시설:Y
욕조:홈시어터:에어컨:Y
TV:Y
PC:케이블설치:Y
인터넷:Y
냉장고:Y
세면도구:Y
소파:취사용품:테이블:Y
드라이기:Y
",
퀸벨호텔,41159,,053-282-1000,대구광역시 동구 동촌로 200,35.8824698056,128.6621675604,"대구 동구에 위치한 퀸벨호텔은 동대구권의 랜드마크로서의 면모를 갖추고 있으며 또한 품격 높은 호텔웨딩의 명소로 자리잡고 있다. 기존의 일반 호텔과는 차별화된 우아하면서도 격조 높은 객실들로 이루어져 있으며, 컨벤션 및 연회장은 결혼식, 돌잔치, 기업행사 등 대형 행사부터 소규모 가족모임까지 다양하게 할 수 있다. 앞으로도 퀸벨호텔은 품격을 갖추면서도 고객들에게 감동을 선사하기 위해 늘 변화하는 최고의 호텔이 될 것이다.",0,,"* 건평 : 약 1000평(약 3,306㎡)<br />
* 층수 : 본관 지상 9층/지하 2층, 별관 지상 4층/지하 2층",약 120 명(최대 140 명),51실,"디럭스 더블, 패밀리 트윈, 스위트온돌, 스탠다드 트윈, 비지니스 더블","주차가능(총 1,200여대)",불가,16:00,11:00,053-282-1000,"<a href=""http://www.queenvell.com"" target=""_blank"" title=""새창 : 퀸벨호텔 홈페이지로 이동"">http://www.queenvell.com",셔틀버스 운행,"커피숍, 뷔페","웨딩홀, 세미나실, 드레스샵, 헤어메이크업실, VIP라운지",없음,없음,없음,없음,없음,없음,없음,없음,없음,없음,없음,"객실명:스위트온돌
객실크기:17평
객실수:0
기준인원:8최대인원:11
※ 객실 요금은 전화문의 요망
목욕시설:욕조:Y
홈시어터:에어컨:Y
TV:Y
PC:케이블설치:Y
인터넷:Y
냉장고:Y
세면도구:Y
소파:Y
취사용품:테이블:Y
드라이기:Y
객실명:비즈니스 더블
객실크기:9평
객실수:0
기준인원:2최대인원:3
※ 객실 요금은 전화문의 요망
목욕시설:Y
욕조:Y
홈시어터:에어컨:Y
TV:Y
PC:케이블설치:Y
인터넷:Y
냉장고:Y
세면도구:Y
소파:Y
취사용품:테이블:Y
드라이기:Y
객실명:스탠다드 트윈
객실크기:10평
객실수:0
기준인원:2최대인원:2
※ 객실 요금은 전화문의 요망
목욕시설:Y
욕조:Y
홈시어터:에어컨:Y
TV:Y
PC:케이블설치:Y
인터넷:Y
냉장고:Y
세면도구:Y
소파:Y
취사용품:테이블:Y
드라이기:Y
객실명:디럭스 더블
객실크기:17평
객실수:0
기준인원:2최대인원:2
※ 객실 요금은 전화문의 요망
목욕시설:Y
욕조:Y
홈시어터:에어컨:Y
TV:Y
PC:케이블설치:Y
인터넷:Y
냉장고:Y
세면도구:Y
소파:Y
취사용품:테이블:Y
드라이기:Y
객실명:패밀리 트윈
객실크기:16평
객실수:0
기준인원:2최대인원:3
※ 객실 요금은 전화문의 요망
목욕시설:Y
욕조:Y
홈시어터:에어컨:Y
TV:Y
PC:케이블설치:Y
인터넷:Y
냉장고:Y
세면도구:Y
소파:Y
취사용품:테이블:Y
드라이기:Y
객실명:온돌
객실크기:9평
객실수:0
기준인원:0최대인원:0
※ 객실 요금은 전화문의 요망
목욕시설:Y
욕조:Y
홈시어터:에어컨:Y
TV:Y
PC:케이블설치:Y
인터넷:Y
냉장고:Y
세면도구:Y
소파:Y
취사용품:테이블:Y
드라이기:Y
",
공감동성로게스트하우스,41913,,070-7708-3145,대구광역시 중구 동성로12길 9,35.8716892550,128.5963486591,"공감동성로게스트하우스는 대구역에서 걸어서 7분, 대구 중심 중앙로역에서 걸어서 2분 거리인 최적의 위치에 있다. 대구 번화가, 교동시장, 향촌문화관, 동아백화점, 대구 시청 등과 가까워 대구 중심 동성로의 다양한 매력을 느낄 수 있다.
대구경북권역 관광안내는 물론, 대구 인바운드 상품을 제공할 ‘공감씨즈투어’와 함께하고 있다.",0,,5층,50명,8실,"4인실(2실), 6인실(2실), 8인실(2실), 10인실(2실)",,불가,15:00,11:00,070-7708-3145,"<a href=""https://empathy389.modoo.at/"" target=""_blank"" title=""새창 : 공감 호스텔 동성로 홈페이지로 이동"">https://empathy389.modoo.at/</a>",,,"카페, 옥상정원, 공용주방, 공용샤워실",없음,없음,없음,없음,없음,없음,없음,없음,없음,없음,없음,"객실명:8인실(※1인 기준 요금)
객실크기:9평
객실수:0
기준인원:1최대인원:8
※ 객실 외 공용공간 편의시설 : 냉장고, 세면도구, 드라이기, 취사용품, 세탁기, PC, 정수기, 전자렌지, 테이블
※ 객실 가격 전화문의 요망
비수기주중최소:19000(성수기: 0)
비수기주말최소:22000(성수기: 0)
목욕시설:Y
욕조:홈시어터:에어컨:Y
TV:PC:케이블설치:인터넷:Y
냉장고:세면도구:Y
소파:Y
취사용품:테이블:Y
드라이기:Y
객실명:4인실(※1인 기준 요금)
객실크기:5평
객실수:0
기준인원:1최대인원:4
※ 객실 외 공용공간 편의시설 : 냉장고, 세면도구, 드라이기, 취사용품, 세탁기, PC, 정수기, 전자렌지, 테이블
※ 객실 가격 전화문의 요망
비수기주중최소:23000(성수기: 0)
비수기주말최소:26000(성수기: 0)
목욕시설:Y
욕조:홈시어터:에어컨:Y
TV:PC:케이블설치:인터넷:Y
냉장고:세면도구:Y
소파:취사용품:테이블:Y
드라이기:Y
객실명:6인실(※1인 기준 요금)
객실크기:7평
객실수:0
기준인원:1최대인원:6
※ 객실 외 공용공간 편의시설 : 냉장고, 세면도구, 드라이기, 취사용품, 세탁기, PC, 정수기, 전자렌지, 테이블
※ 객실 가격 전화문의 요망
비수기주중최소:19000(성수기: 0)
비수기주말최소:22000(성수기: 0)
목욕시설:Y
욕조:홈시어터:에어컨:Y
TV:PC:케이블설치:인터넷:Y
냉장고:세면도구:Y
소파:취사용품:테이블:Y
드라이기:Y
",
더한옥&스파,41919,,010-9635-0053,대구광역시 중구 서성로16길 46-5,35.8730750953,128.5901741636,"도쿄대학교 출신의 건축사 후미카즈씨가 직접 디자인 설계하여 큰 관심을 모았으며, ㈜헨리스, 동호건축디자인에서 공동 디자인 시공 하였다. 1960년대의 전통 한옥부분은 건곤감리청홍백 다양한 객실로 근대 건축물 부분은 공용 라운지, 옥상 등 커뮤니티 공간으로 동서양의 조화를 의미하는 반태극 모양의 풀이 두곳을 연결한다.
더 한옥 & 스파는 2인용 온돌방, 2인용 침대방, 4인용 온돌방, 4인용 침대방 등 총 7개의 객실이 운영 중이며 최대 25명까지 동시 수용이 가능하다. 이외에도 공동 거실 및 주방, 화장실을 구비하여 기존 한옥게스트하우스의 불편함을 최소화 하도록 노력하였다. 다양한 프로모션을 통해 한옥을 찾는 여행자들에게 소중한 추억과 최고의 만족을 드리기 위해 노력중이다.",0,,90평,25명,7실,"2인실, 4인실",,불가,15:00,익일 11:00,010-9635-0053,"<a href=""https://thehanokdaegu.modoo.at"" target=""_blank"" title=""새창: 더한옥&스파 홈페이지로 이동"">https://thehanokdaegu.modoo.at</a>",,,"수영장, 전통문화체험실, 파우더룸, 공용욕실, 테라스",없음,없음,없음,없음,없음,없음,없음,없음,없음,없음,없음,"객실명:백(남성 도미토리)
객실크기:7평
객실수:0
기준인원:2최대인원:4
※ 위 정보는 2023년 05월에 작성된 정보로(정상요금), 해당 숙박시설 이용요금이 수시로 변동됨에 따라 이용요금 및 기타 자세한 사항은 홈페이지 참조 요망
비수기주중최소:104000(성수기: 0)
비수기주말최소:112000(성수기: 0)
목욕시설:Y
욕조:홈시어터:에어컨:Y
TV:PC:케이블설치:인터넷:Y
냉장고:세면도구:소파:취사용품:테이블:Y
드라이기:Y
객실명:건(한옥침대룸)
객실크기:4평
객실수:0
기준인원:2최대인원:3
※ 위 정보는 2023년 05월에 작성된 정보로(정상요금), 해당 숙박시설 이용요금이 수시로 변동됨에 따라 이용요금 및 기타 자세한 사항은 홈페이지 참조 요망
비수기주중최소:52000(성수기: 0)
비수기주말최소:62000(성수기: 0)
목욕시설:Y
욕조:홈시어터:에어컨:Y
TV:PC:케이블설치:인터넷:Y
냉장고:세면도구:소파:취사용품:테이블:드라이기:Y
",
팔공 에밀리아호텔,41007,,053-623-1000,대구광역시 동구 팔공산로 1121,35.9917135068,128.6901620328,"팔공 에밀리아 호텔은 수려한 자연 경관 속의 평화로운 휴식을 제공하기 위해 품격있는 객실과 다양한 크기의 연회장, 갤러리, 카페, 레스토랑, 펍, 노래방 등의 편의시설을 갖추고 있어 편안한 휴식은 물론 다양한 세미나 및 예식 등의 행사에 완벽한 편의를 제공한다.",0,,,,38실,"양실, 한실",주차 가능,불가,14:00,12:00,0507-1406-1000,"팔공 에밀리아호텔 <a href=""http://www.emillia.co.kr/"" target=""_blank"" title=""새창 : 팔공 에밀리아호텔 홈페이지로 이동"">http://www.emillia.co.kr/</a>",가능,,,있음,없음,없음,없음,있음,있음,없음,없음,없음,없음,없음,"객실명:스탠다드 한실
객실크기:6평
객실수:0
기준인원:3최대인원:4
※ 객실요금 전화문의 요망
목욕시설:Y
욕조:홈시어터:에어컨:Y
TV:Y
PC:케이블설치:Y
인터넷:Y
냉장고:Y
세면도구:Y
소파:취사용품:테이블:드라이기:Y
객실명:스탠다드 양실
객실크기:6평
객실수:0
기준인원:2최대인원:2
※ 객실요금 전화문의 요망
목욕시설:Y
욕조:홈시어터:에어컨:Y
TV:Y
PC:케이블설치:Y
인터넷:Y
냉장고:Y
세면도구:Y
소파:취사용품:테이블:드라이기:Y
객실명:디럭스 한실
객실크기:10평
객실수:0
기준인원:6최대인원:8
※ 객실요금 전화문의 요망
목욕시설:욕조:홈시어터:에어컨:Y
TV:Y
PC:케이블설치:Y
인터넷:Y
냉장고:Y
세면도구:Y
소파:취사용품:테이블:드라이기:Y
객실명:디럭스 양실
객실크기:6평
객실수:0
기준인원:2최대인원:3
※ 객실요금 전화문의 요망
목욕시설:Y
욕조:홈시어터:에어컨:Y
TV:Y
PC:케이블설치:Y
인터넷:Y
냉장고:Y
세면도구:Y
소파:취사용품:테이블:드라이기:Y
객실명:스위트
객실크기:8평
객실수:0
기준인원:2최대인원:3
※ 객실요금 전화문의 요망
목욕시설:욕조:홈시어터:에어컨:Y
TV:Y
PC:케이블설치:Y
인터넷:Y
냉장고:Y
세면도구:Y
소파:취사용품:테이블:드라이기:Y
",
호텔여기어때 서대구점,41790,,053-557-5667,대구광역시 서구 달서로 151,35.8756466691,128.5707869116,호텔여기어때 서대구점은 대구 서구 지역에 위치하고 있다. 최대 30대 주차가능하며 전객실 초대형 TV와 스타일러가 설치되어 있고 호텔급 침구류를 사용하고 있다. 최상위객실은 노래방과 프로젝트를 구비하고 있다.<br>,0,,,,50실,,주차 가능,,17:00 주중<br />21:00 주말,13:00,0504-3095-0153,"<a href=""http://hotel.goodchoice.kr"" target=""_blank"" title=""새창 : 호텔여기어때 홈페이지로 이동"">http://hotel.goodchoice.kr</a>",,,,없음,없음,없음,없음,없음,없음,없음,없음,없음,없음,없음,"객실명:스탠다드
객실크기:7평
객실수:0
기준인원:2최대인원:2
※ 위 정보는 2022년 12월에 작성된 정보로(정상요금), 해당 숙박시설 이용요금이 수시로 변동됨에 따라 이용요금 및 기타 자세한 사항은 홈페이지 참조 요망
비수기주중최소:65000(성수기: 0)
비수기주말최소:85000(성수기: 0)
목욕시설:욕조:홈시어터:에어컨:Y
TV:Y
PC:Y
케이블설치:Y
인터넷:Y
냉장고:Y
세면도구:Y
소파:Y
취사용품:테이블:Y
드라이기:Y
객실명:디럭스
객실크기:8평
객실수:0
기준인원:2최대인원:2
※ 위 정보는 2022년 12월에 작성된 정보로(정상요금), 해당 숙박시설 이용요금이 수시로 변동됨에 따라 이용요금 및 기타 자세한 사항은 홈페이지 참조 요망
비수기주중최소:75000(성수기: 0)
비수기주말최소:95000(성수기: 0)
목욕시설:욕조:홈시어터:에어컨:Y
TV:Y
PC:Y
케이블설치:Y
인터넷:Y
냉장고:Y
세면도구:Y
소파:Y
취사용품:테이블:Y
드라이기:Y
객실명:디럭스(트윈)
객실크기:8평
객실수:0
기준인원:2최대인원:2
※ 위 정보는 2022년 12월에 작성된 정보로(정상요금), 해당 숙박시설 이용요금이 수시로 변동됨에 따라 이용요금 및 기타 자세한 사항은 홈페이지 참조 요망
비수기주중최소:85000(성수기: 0)
비수기주말최소:105000(성수기: 0)
목욕시설:Y
욕조:홈시어터:에어컨:Y
TV:Y
PC:Y
케이블설치:Y
인터넷:Y
냉장고:Y
세면도구:Y
소파:Y
취사용품:테이블:Y
드라이기:Y
객실명:프리미엄
객실크기:10평
객실수:0
기준인원:2최대인원:2
※ 위 정보는 2022년 12월에 작성된 정보로(정상요금), 해당 숙박시설 이용요금이 수시로 변동됨에 따라 이용요금 및 기타 자세한 사항은 홈페이지 참조 요망
비수기주중최소:85000(성수기: 0)
비수기주말최소:105000(성수기: 0)
목욕시설:Y
욕조:홈시어터:에어컨:Y
TV:Y
PC:Y
케이블설치:Y
인터넷:Y
냉장고:Y
세면도구:Y
소파:Y
취사용품:테이블:Y
드라이기:Y
객실명:스위트
객실크기:11평
객실수:0
기준인원:2최대인원:2
※ 위 정보는 2022년 12월에 작성된 정보로(정상요금), 해당 숙박시설 이용요금이 수시로 변동됨에 따라 이용요금 및 기타 자세한 사항은 홈페이지 참조 요망
비수기주중최소:95000(성수기: 0)
비수기주말최소:115000(성수기: 0)
목욕시설:Y
욕조:홈시어터:에어컨:Y
TV:Y
PC:Y
케이블설치:Y
인터넷:Y
냉장고:Y
세면도구:Y
소파:Y
취사용품:테이블:Y
드라이기:Y
객실명:스위트(노래방&스크린영화)
객실크기:12평
객실수:0
기준인원:2최대인원:4
※ 위 정보는 2022년 12월에 작성된 정보로(정상요금), 해당 숙박시설 이용요금이 수시로 변동됨에 따라 이용요금 및 기타 자세한 사항은 홈페이지 참조 요망
비수기주중최소:125000(성수기: 0)
비수기주말최소:155000(성수기: 0)
목욕시설:Y
욕조:홈시어터:에어컨:Y
TV:Y
PC:Y
케이블설치:Y
인터넷:Y
냉장고:Y
세면도구:Y
소파:Y
취사용품:테이블:Y
드라이기:Y
",
온도호텔,42647,,053-652-3335,대구광역시 달서구 야외음악당로 213-1,35.8546626954,128.5578441912,"낡은 여관을 부티크 호텔로 리뉴얼 한 ONDO는 도심 속 Staycation을 하기에 더할나위 없는 공간으로 새롭게 탄생했다. 미니갤러리 같은 디자인으로 노멀함의 기준을 높이며, 프라이빗한 공간으로 여유와 일상의 풍요로움을 만끽할 수 있도록 디자인된 부티크 공간이다.",0,,A동 320평(4층)<br />B동 150평(4층),140명,129실,"스탠다드, 디럭스, 프리미엄, 트윈",주차 가능,불가,16:00 주중<br />22:00 주말/공휴일전날/축제기간,12:00,053-652-3335,"<a href="" https://ondohotel.modoo.at"" target=""_blank"" title=""새창 : 온도호텔(ONDO Boutique Hotel) 두류동점 홈페이지로 이동""> https://ondohotel.modoo.at</a>",,,"사우나실, 노래방, 바비큐장",없음,없음,없음,없음,없음,없음,없음,없음,없음,없음,없음,"객실명:세미 스탠다드
객실크기:0평
객실수:0
기준인원:0최대인원:0
※ 위 정보는 2022년 09월에 수정된 정보로(정상요금), 해당 숙박시설 이용요금이 수시로 변동됨에 따라 이용요금 및 기타 자세한 사항은 홈페이지 참조 요망
비수기주중최소:35000(성수기: 50000)
비수기주말최소:50000(성수기: 50000)
목욕시설:Y
욕조:홈시어터:에어컨:Y
TV:Y
PC:Y
케이블설치:Y
인터넷:Y
냉장고:Y
세면도구:Y
소파:취사용품:테이블:드라이기:Y
객실명:스탠다드
객실크기:0평
객실수:0
기준인원:0최대인원:0
※ 위 정보는 2022년 09월에 수정된 정보로(정상요금), 해당 숙박시설 이용요금이 수시로 변동됨에 따라 이용요금 및 기타 자세한 사항은 홈페이지 참조 요망
비수기주중최소:40000(성수기: 55000)
비수기주말최소:55000(성수기: 55000)
목욕시설:Y
욕조:홈시어터:에어컨:Y
TV:Y
PC:Y
케이블설치:Y
인터넷:Y
냉장고:Y
세면도구:Y
소파:취사용품:테이블:드라이기:Y
객실명:세미 디럭스
객실크기:0평
객실수:0
기준인원:0최대인원:0
※ 위 정보는 2022년 09월에 수정된 정보로(정상요금), 해당 숙박시설 이용요금이 수시로 변동됨에 따라 이용요금 및 기타 자세한 사항은 홈페이지 참조 요망
비수기주중최소:45000(성수기: 65000)
비수기주말최소:65000(성수기: 65000)
목욕시설:Y
욕조:홈시어터:에어컨:Y
TV:Y
PC:Y
케이블설치:Y
인터넷:Y
냉장고:Y
세면도구:Y
소파:취사용품:테이블:드라이기:Y
객실명:디럭스
객실크기:0평
객실수:0
기준인원:0최대인원:0
※ 위 정보는 2022년 09월에 수정된 정보로(정상요금), 해당 숙박시설 이용요금이 수시로 변동됨에 따라 이용요금 및 기타 자세한 사항은 홈페이지 참조 요망
비수기주중최소:50000(성수기: 70000)
비수기주말최소:70000(성수기: 70000)
목욕시설:Y
욕조:홈시어터:에어컨:Y
TV:Y
PC:Y
케이블설치:Y
인터넷:Y
냉장고:Y
세면도구:Y
소파:취사용품:테이블:드라이기:Y
객실명:프리미엄
객실크기:0평
객실수:0
기준인원:0최대인원:0
※ 위 정보는 2022년 09월에 수정된 정보로(정상요금), 해당 숙박시설 이용요금이 수시로 변동됨에 따라 이용요금 및 기타 자세한 사항은 홈페이지 참조 요망
비수기주중최소:55000(성수기: 75000)
비수기주말최소:75000(성수기: 75000)
목욕시설:Y
욕조:홈시어터:에어컨:Y
TV:Y
PC:Y
케이블설치:Y
인터넷:Y
냉장고:Y
세면도구:Y
소파:취사용품:테이블:드라이기:Y
객실명:세미 트윈
객실크기:0평
객실수:0
기준인원:0최대인원:0
※ 위 정보는 2022년 09월에 수정된 정보로(정상요금), 해당 숙박시설 이용요금이 수시로 변동됨에 따라 이용요금 및 기타 자세한 사항은 홈페이지 참조 요망
비수기주중최소:60000(성수기: 85000)
비수기주말최소:85000(성수기: 85000)
목욕시설:Y
욕조:홈시어터:에어컨:Y
TV:Y
PC:Y
케이블설치:Y
인터넷:Y
냉장고:Y
세면도구:Y
소파:취사용품:테이블:드라이기:Y
객실명:트윈
객실크기:0평
객실수:0
기준인원:0최대인원:0
※ 위 정보는 2022년 09월에 수정된 정보로(정상요금), 해당 숙박시설 이용요금이 수시로 변동됨에 따라 이용요금 및 기타 자세한 사항은 홈페이지 참조 요망
비수기주중최소:65000(성수기: 100000)
비수기주말최소:100000(성수기: 100000)
목욕시설:Y
욕조:홈시어터:에어컨:Y
TV:Y
PC:Y
케이블설치:Y
인터넷:Y
냉장고:Y
세면도구:Y
소파:취사용품:테이블:드라이기:Y
",
인스타 관광호텔,41059,,053-213-8080~1,대구광역시 동구 율암로 164,35.8889837668,128.7058885285,"인스타호텔은 아름다운 별들이 많이 보인다 하여 Instar라는 이름이 지어진 만큼 주변에는 1급수 시냇물이 흐르고, 함께 온 이들과 속삭일 수 있는 넒은 공터가 있다. 제 2의 관제탑이 들어설 정도로 맑은 공기 속에 편안한 휴식공간을 제공하도 있다. 
특유의 모던하고 심플한 인테리어 속에서 정감어리고 따뜻한 분위기를 연출하였으며 고객들의 취향에 따라 객실마다 다양한 테마를 구비하였고 1층 라운지에는 업무와 교감을 위한 카페가 준비되어 있다. 온 가족이 함게 스파를 즐길 수 있고 4계절 내내 실내 수영을 즐길 수 있는 이색적인 Pool suite는 고객들에게 멋진 추억으로 다가갈 것이다.",0,,"건축면적 481㎡ / 연면적 2,920㎡, 지상 7층/지하1층",200명,52실,"스탠다드, 디럭스, 스위트",주차 가능(32대),불가,15:00,12:00,053-213-8080~1,,가능,조식라운지,,없음,없음,없음,없음,없음,없음,없음,없음,없음,없음,없음,"객실명:디럭스 더블
객실크기:11평
객실수:0
기준인원:0최대인원:0
※ 위 정보는 2022년 10월에 수정된 정보로(정상요금), 해당 숙박시설 이용요금이 수시로 변동됨에 따라 이용요금 및 기타 자세한 사항은 홈페이지 참조 요망
목욕시설:Y
욕조:Y
홈시어터:에어컨:Y
TV:Y
PC:Y
케이블설치:Y
인터넷:Y
냉장고:Y
세면도구:Y
소파:Y
취사용품:테이블:Y
드라이기:Y
객실명:스탠다드
객실크기:11평
객실수:0
기준인원:0최대인원:0
※ 위 정보는 2022년 10월에 수정된 정보로(정상요금), 해당 숙박시설 이용요금이 수시로 변동됨에 따라 이용요금 및 기타 자세한 사항은 홈페이지 참조 요망
목욕시설:Y
욕조:Y
홈시어터:에어컨:Y
TV:Y
PC:Y
케이블설치:Y
인터넷:Y
냉장고:Y
세면도구:Y
소파:Y
취사용품:테이블:Y
드라이기:Y
객실명:풀빌라 파티
객실크기:21평
객실수:0
기준인원:0최대인원:0
※ 위 정보는 2022년 10월에 수정된 정보로(정상요금), 해당 숙박시설 이용요금이 수시로 변동됨에 따라 이용요금 및 기타 자세한 사항은 홈페이지 참조 요망
목욕시설:Y
욕조:Y
홈시어터:에어컨:Y
TV:Y
PC:Y
케이블설치:Y
인터넷:Y
냉장고:Y
세면도구:Y
소파:Y
취사용품:테이블:Y
드라이기:Y
객실명:스위트 스파
객실크기:21평
객실수:0
기준인원:0최대인원:0
※ 위 정보는 2020년 11월에 수정된 정보로(정상요금), 해당 숙박시설 이용요금이 수시로 변동됨에 따라 이용요금 및 기타 자세한 사항은 홈페이지 참조 요망
목욕시설:Y
욕조:Y
홈시어터:에어컨:Y
TV:Y
PC:Y
케이블설치:Y
인터넷:Y
냉장고:Y
세면도구:Y
소파:Y
취사용품:테이블:Y
드라이기:Y
객실명:디럭스 트윈
객실크기:12평
객실수:0
기준인원:2최대인원:0
※ 위 정보는 2022년 10월에 수정된 정보로(정상요금), 해당 숙박시설 이용요금이 수시로 변동됨에 따라 이용요금 및 기타 자세한 사항은 홈페이지 참조 요망
목욕시설:Y
욕조:Y
홈시어터:에어컨:Y
TV:Y
PC:Y
케이블설치:Y
인터넷:Y
냉장고:Y
세면도구:Y
소파:Y
취사용품:테이블:Y
드라이기:Y
",
The house of Gallery(The house of gallery),42418,김대찬,010-4509-3952,대구광역시 남구 대명로57길 20-22(대명동)4층,35.8450032255,128.5875973939,"하우스 오브 갤러리는 대구 1호선 영대병원역 2번 출구 도보 23분 거리에 있으며 KTX 동대구역이 차로 20분 거리에 있다. 주변 관광지로는 야경이 아름다운 수성못이 차로 15분 거리에 있으며 다양한 먹거리를 즐기기에 좋은 서문시장이 차로 20분 거리에 있다. 또한, 백화점과 쇼핑몰이 모여있는 동성로 거리는 차로 15분 거리에 있다. 대구에 머무는 동안 이 숙박시설에서 아늑한 객실 및 시설을 이용하실 수 있다. 이곳에는 4개의 객실이 있으며 모든 객실에는 편안한 숙박을 위한 모든 시설이 마련되어 있으며 내부에 있는 레스토랑에서 식사를 할 수 있다.",0,,40평 4층,20명,4,,가능(8대),,15:00,11:00,전화,"<a href=""https://hotel.naver.com/hotels/item?hotelId=hotel:Dreamvile""target=""_blank"">https://hotel.naver.com/hotels/item?hotelId=hotel:Dreamvile<a/>",가능,,,없음,없음,없음,없음,없음,없음,없음,없음,없음,없음,없음,,
서문한옥게스트하우스,41927,정준욱,010-6663-5219,대구광역시 중구 큰장로24길 26(대신동),35.8667617259,128.5795752731,"조선시대부터 전국 3대 시장인 서문시장에 위치한 서문 한옥 게스트하우스는 한국의 미가 물씬 느껴지는 전통양식으로 지어져, 전 객실 온돌과 냉난방 시스템을 함께 갖춘 주거형 한옥 게스트하우스이다. 현대적인 카페와 고풍스러운 한옥 정원에서 여유를 즐길 수 있으며 한복과 민속놀이, 다도체험 등 다양한 전통 프로그램도 체험할 수 있다.<br>",0,,2층,28명,7,,가능(3대),,15:00~19:00,11:00,"전화, 홈페이지","<a href=""http://www.dmg.or.kr/""target=""http://www.dmg.or.kr/</a>",불가능,,카페 및 테라스,없음,없음,없음,없음,없음,없음,없음,없음,없음,없음,없음,,"사용예정일 10일 전까지/계약체결 당일: 전액 환불(주말 전액환불)<br>
사용예정일 7일 전까지 : 90% 환불 (주말 80% 환불)<br>
사용예정일 5일 전까지 : 70% 환불 (주말 60% 환불)<br>
사용예정일 3일 전까지 : 50% 환불 (주말 40% 환불)<br>
사용예정일 1일 전까지 또는 당일 취소 : 20% 환불 (주말 10% 환불)<br><br>
*소비자가 당일 사용예정시간까지 통보가 없는 경우는 사용당일 취소로 봅니다."
호텔여기어때 대구역점,41916,,053-426-6969,대구광역시 중구 서성로 102-6,35.8754997861,128.5882992618,호텔여기어때 대구역점은 대구역 인근 가장 트렌디하고 다양한 컨셉의 디자인을 확보하고 있다. 가장 편안한 숙소에서 가장 합리적인 가격으로 고객에게 최고의 숙박을 선사한다.,0,,"평수 477평, 6층",,34실,"디럭스, VIP, 스위트, 로얄스위트",주차 가능(25대),불가,16:00(토/공휴일 20:00),13:00(토/공휴일 12:00),053-426-6969,,,조식레스토랑(2F),,없음,없음,없음,없음,없음,없음,없음,없음,없음,없음,없음,"객실명:디럭스
객실크기:10평
객실수:0
기준인원:2최대인원:2
※ 위 정보는 2023년 01월에 수정된 정보로(정상요금), 해당 숙박시설 이용요금이 수시로 변동됨에 따라 이용요금 및 기타 자세한 사항은 홈페이지 참조 요망
비수기주중최소:60000(성수기: 0)
비수기주말최소:80000(성수기: 0)
목욕시설:Y
욕조:Y
홈시어터:에어컨:Y
TV:Y
PC:Y
케이블설치:Y
인터넷:Y
냉장고:Y
세면도구:Y
소파:취사용품:테이블:Y
드라이기:Y
객실명:VIP
객실크기:12평
객실수:0
기준인원:2최대인원:2
※ 위 정보는 2023년 01월에 수정된 정보로(정상요금), 해당 숙박시설 이용요금이 수시로 변동됨에 따라 이용요금 및 기타 자세한 사항은 홈페이지 참조 요망
비수기주중최소:70000(성수기: 0)
비수기주말최소:100000(성수기: 0)
목욕시설:Y
욕조:Y
홈시어터:에어컨:Y
TV:Y
PC:Y
케이블설치:Y
인터넷:Y
냉장고:Y
세면도구:Y
소파:취사용품:테이블:Y
드라이기:Y
객실명:스위트
객실크기:18평
객실수:0
기준인원:2최대인원:2
※ 위 정보는 2023년 01월에 수정된 정보로(정상요금), 해당 숙박시설 이용요금이 수시로 변동됨에 따라 이용요금 및 기타 자세한 사항은 홈페이지 참조 요망
비수기주중최소:110000(성수기: 0)
비수기주말최소:110000(성수기: 0)
목욕시설:Y
욕조:Y
홈시어터:에어컨:Y
TV:Y
PC:Y
케이블설치:Y
인터넷:Y
냉장고:Y
세면도구:Y
소파:취사용품:테이블:Y
드라이기:Y
객실명:로얄스위트
객실크기:20평
객실수:0
기준인원:2최대인원:2
※ 위 정보는 2023년 01월에 수정된 정보로(정상요금), 해당 숙박시설 이용요금이 수시로 변동됨에 따라 이용요금 및 기타 자세한 사항은 홈페이지 참조 요망
비수기주중최소:130000(성수기: 0)
비수기주말최소:130000(성수기: 0)
목욕시설:욕조:Y
홈시어터:에어컨:Y
TV:Y
PC:Y
케이블설치:Y
인터넷:Y
냉장고:Y
세면도구:Y
소파:취사용품:테이블:Y
드라이기:Y
",
글렌즈 게스트하우스(글렌즈게스트하우스),41948,김상민,010-3848-5234,대구광역시 중구 달구벌대로445길 16-13(삼덕동3가) 2~3층,35.8633459531,128.6070729458,"#본 업소는 외국인관광 도시민박업으로 외국인만 이용이 가능하며 내국인은 이용할 수 없습니다.<br><br>대구 글렌즈 게스트하우스는 산토리니 풍 인테리어로 분위기 좋고 조용하며 여행 및 출방을 목적으로 방문한 고객들이 편하게 쉴 수 있는 공간이다. 경대병원역과 대구 진석타워, 김광석 다시 그리기 길에서 5분 거리에 위치하고 있으며 삼덕동 핫플레이스의 중심이에 있다.",0,,,19명,4,,불가능(사전 연락 시 주차가 능 공간 안내),,15:00,11:00,"홈페이지, 예약제 (현장에서 카드사용 불가능)","<a href=""https://glennhouse.modoo.at/""target=""_blank""https://glennhouse.modoo.at/<a/>",불가능,,,없음,없음,없음,없음,없음,없음,없음,없음,없음,없음,없음,,
온나 게스트하우스,41933,이희곤,010-6642-1770,대구광역시 중구 남성로 4(남성로) 2층,35.8690949430,128.5875745037,#본 업소는 외국인관광 도시민박업으로 외국인만 이용이 가능하며 내국인은 이용할 수 없습니다.<br><br>대구의 중심인 동성로와 가깝고 근대화골목투어코스인 약전골목에 위치하고있어 여행하기에 편리하다. 또한 김광석거리 및 서문시장도 도보 10분거리에 위채해 있다. 조식 무료 제공 및 개인사물함이 제공 된다. 각 침대에 개인커튼이 설치 되어있다. 저렴한 가격에 내집에 온듯한 편안하고 깨끗한 곳에서 여행의 피로를 풀기 좋다.,0,,"195.44㎡, 2층",32명,6,,불가능,,15:00(22시 이후 입실 사전 연락),10:00,홈페이지,"<a href=""https://onnagh.modoo.at/""target=""_blank"">https://onnagh.modoo.at/<a/>",,,,없음,없음,없음,없음,없음,없음,없음,없음,없음,없음,없음,,
유원게스트하우스,42490,박경룡,010-9511-5673,대구광역시 남구 앞산순환로93길 48(대명동),35.8343097649,128.5753098848,"#본 업소는 외국인관광 도시민박업으로 외국인만 이용이 가능하며 내국인은 이용할 수 없습니다.<br><br>대구 도심 속에 숨어 있는 듯한 정원과 경치가 아름다운 숙소이다. 안지랑 곱창골목, 앞산 맛둘레길, 앞산 카페거리가 5분 내 위치해 있어서 가볍게 산책하며 식사와 커피를 마시기에도 가장 좋은 위치에 있다. 특히, 숙소가 위치한 지역은 대구에서 가장 큰 자연 공원, '앞산'과 대구시의 탁 트인 전망과 야경을 즐길 수 있는 '앞산 전망대'가 있어서 자연과 경치를 즐기기에도 적절하다. '유원 게스트 하우스'는 다른 손님과 섞이지 않고 2층 독채 전체를 사용하는 숙소로 최대 8명, 가족, 친구 단체 여행객에게 적합한 숙소이다. 방 2개, 거실, 주방, 욕실이 있고 숙소 내 주방 도구가 모두 준비되어 있다. 청결과 안전을 최우선시하며 게스트들이 건강한 휴식을 취할 수 있도록 노력하고 있다.",0,,"16평, 2층 내 위치",10명,1,"총 객실 2개, 2층 독채 전체 사용",가능,,15:00~23:00,12:00,에어비앤비,"<a href=""https://www.airbnb.co.kr/rooms/24879148?s=51&source_impression_id=p3_1587369842_gYsiv4THaN2j8F2F&guests=1&adults=1""target=""_blank"">https://www.airbnb.co.kr/rooms/24879148?s=51&source_impression_id=p3_1587369842_gYsiv4THaN2j8F2F&guests=1&adults=1<a/>",가능,,대여용 전동퀵보드 2대 보유,없음,없음,없음,없음,없음,없음,없음,없음,없음,없음,없음,,
세느 게스트하우스,41907,백경진,010-6535-3321,대구광역시 중구 국채보상로 733-5(동인동4가),35.8688898384,128.6107946863,"#본 업소는 외국인관광 도시민박업으로 외국인만 이용이 가능하며 내국인은 이용할 수 없습니다.<br><br>세느 게스트하우스는 대구 중구에 위치한 프랑스풍의 예쁜 집으로 동성로 및 김광석거리로부터 도보로 약 15분 거리에 있으며 게스트하우스 바로 앞에 버스 정류장이 있어 교통이 편리하다. 방은 2인실, 4인실, 6인실 총 3개이며 욕실 및 화장실은 2개가 있다. 주변에 대구의 자랑 중 하나인 찜갈비 골목이 있으며 그 외에도 다양한 맛집들이 있다.",0,,,12명,3,,주차 가능(2대),,15:00,11:00,"전화 , 홈페이지",,불가,,,없음,없음,없음,없음,없음,없음,없음,없음,없음,없음,없음,,
애가Ⅱ,41919,이승혁,010-4487-0088,대구광역시 중구 서성로16길 46-4(북내동),35.8732028547,128.5899630680,"인근의 인기 명소로 대구 근대역사관, 경상감영 공원, 약령시 한의학박물관 등이 있다. 1km 내 거리의 계산 주교좌 성당, 도보로 15분 거리의 계명대학교 동산의료원, 1.4km 거리의 국채보상운동기념공원 등 여러 유명한 명소에서 가깝다. 정원, 금연실, 무료 Wi-Fi를 갖추고 있다. 정원 전망을 자랑하며 각 객실에는 휴식 공간이 있다. ",0,,,10명,3,,,,15:00,11:00,"부킹닷컴, 아고다, 전화",,불가능,,마당,없음,없음,없음,없음,없음,없음,없음,없음,없음,없음,없음,,
(사)영남선비문화수련원(구암서원),41533,,,대구광역시 북구 연암공원로17길 20(산격동),35.9016247638,128.5968533361,"구암서원은 1665년 구계 서침의 덕을 기리기 위해 대구부 유림들이 숭현사를 세우면서 시작되었다. 1717년 동산동으로 이건하였고, 이듬해인 1718년에 서거정을 배향했다. 이후 서해, 서성, 서사원 등 대구 서씨 및 달성 서씨의 우뚝한 인물들을 추가로 배향했다. 1868년 대원군의 서원철폐령으로 훼철되었다가 1924년 유림이 다시 지었다. 1943년에 사당인 숭현사와 강당을 중수하였다. 1995년도에는 대구 북구의 연암공원으로 옮겼다. 서원의 구조는 조선시대 서원의 전형을 갖췄다. 서원의 가장 중요한 장소인 사당 숭현사가 가장 깊은 곳에 자리 잡고, 그 앞에 강학 공간인 초현당이 있다.

초현당 마당 좌우에 학도들의 기숙사인 경례재(동재)와 누학재(서재)가 마주 보고 있다. 동재와 서재 아래에는 문루인 연비루와 관리동인 백인당이 있다. 연암산 중턱에 정남향으로 자리 잡아 대구 시내가 한눈에 들어오고, 관례와 계례, 다례, 밥상머리 예절, 국악, 활쏘기, 서예 등 다양한 문화체험 프로그램을 운영하고 있다.",0,,"대지 면적 33,058㎡",30명,5,,가능,불가능,15:00,12:00,053-959-7202,,불가능,있음,실외 공용샤워실,있음,없음,없음,없음,없음,없음,없음,없음,없음,없음,있음,"객실명:동재
객실크기:10평
객실수:0
기준인원:10최대인원:12
기타 사항 : 청소년은 15명까지 숙박가능 / 10명 이하 숙박 가능, 객실 요금은 변동 가능(예약시 별도 문의)<br>1인당 가격
비수기주중최소:20000(성수기: 20000)
비수기주말최소:20000(성수기: 20000)
목욕시설:Y
욕조:홈시어터:에어컨:Y
TV:PC:케이블설치:인터넷:Y
냉장고:세면도구:Y
소파:취사용품:테이블:Y
드라이기:Y
객실명:서재
객실크기:10평
객실수:0
기준인원:10최대인원:12
기타 사항 : 청소년은 15명까지 숙박가능 / 10명 이하 숙박 가능, 객실 요금은 변동 가능(예약시 별도 문의) <br> 1인당 가격
비수기주중최소:20000(성수기: 20000)
비수기주말최소:20000(성수기: 20000)
목욕시설:Y
욕조:홈시어터:에어컨:Y
TV:PC:케이블설치:인터넷:Y
냉장고:세면도구:Y
소파:취사용품:테이블:Y
드라이기:Y
객실명:전사청
객실크기:6평
객실수:0
기준인원:5최대인원:5
기타 사항 : 청소년은 7명까지 숙박가능 / 5명 이하 숙박 가능, 객실 요금은 변동 가능(예약시 별도 문의)<br> 1인당가격
비수기주중최소:20000(성수기: 20000)
비수기주말최소:20000(성수기: 20000)
목욕시설:Y
욕조:홈시어터:에어컨:Y
TV:PC:케이블설치:인터넷:Y
냉장고:세면도구:Y
소파:취사용품:테이블:Y
드라이기:Y
",일주일 전에 취소 시 100% 환불가능
군위 상매댁(군위남천고택),39065,홍석규,010-9358-2748,대구광역시 군위군 부계면 한밤5길 19,36.0586774643,128.6540133379,"경북 군위군 한밤마을의 남천고택은 고택 숙박 체험과 한옥 펜션 체험을 선택할 수 있는 곳이다. 한밤마을은 신라시대부터 형성된 마을로 천년의 세월을 품고 있다. 마을을 따라 구불구불 이어진 오래된 돌담 너머로 수백 년 된 고택들이 고개를 내밀고 있는 모습은 ‘아름다운 전통마을’이란 수식어를 붙이기에 손색없다. 남천고택은 마을에서 가장 규모가 큰 집이다. 지어진 시기는 1836년경(현종 2)으로 추정되고, 조선 후기 실용주의 개념을 건축에 도입한 점이 곳곳에 보인다. 

원래는 독특한 배치 형태를 이루고 있었으나 중문채와 아래채가 철거돼 현재는 ‘ㄷ’ 자형 안채와 일자형 사랑채, 사당이 남아 있다. 경상북도 민속문화재 제164호로 선정될 만큼 보존 가치가 높은 고택이다. 고택 숙박 체험은 사랑채와 건넌방, 문간방, 아래채방에서 할 수 있다. 사랑채 ‘쌍백당’은 2칸의 온돌방과 대청마루로 구성돼 있다. 새로 지은 한옥 펜션에는 내부에 화장실과 주방을 두었으며 방 2개짜리 큰방과 방 1개짜리 작은방이 있다. 국악·다도·농사 체험활동과 한식, 토종닭요리 등을 맛보는 미식 체험도 가능하다. 특히 한밤마을 안에는 볼거리도 다양하다. 임진외란 때 소실되었다가 다시 수리되어 현재에 이르고 있는 ‘대율리 대청’과 신라 불상인 ‘대율리 석불입상’, 아름드리 소나무 숲인 ‘대율리 송림’ 등은 꼭 둘러보자.",0,,700평,30명,9,,가능,"불가능(문간방, 아래채방만 가능)",15:00,11:00,홈페이지,"<a href=""http://www.군위남천고택.kr/online/online01""_blank"">http://www.군위남천고택.kr/online/online01</a>",화본역에서 픽업 가능,있음,"다도체험,한식체험, 국악체험, 농사체험 등(숙박인원에 한해서 가능)",있음,없음,없음,없음,없음,없음,없음,없음,없음,없음,있음,"객실명:본채고택 건너방
객실크기:0평
객실수:0
기준인원:2최대인원:3
null
비수기주중최소:90000(성수기: 90000)
비수기주말최소:90000(성수기: 90000)
목욕시설:Y
욕조:홈시어터:에어컨:Y
TV:Y
PC:케이블설치:Y
인터넷:Y
냉장고:Y
세면도구:Y
소파:취사용품:테이블:Y
드라이기:Y
객실명:본채고택 문간방
객실크기:0평
객실수:0
기준인원:2최대인원:3
취사가능, 개별화장실&샤워실
비수기주중최소:90000(성수기: 90000)
비수기주말최소:90000(성수기: 90000)
목욕시설:Y
욕조:홈시어터:에어컨:Y
TV:Y
PC:케이블설치:Y
인터넷:Y
냉장고:Y
세면도구:Y
소파:취사용품:Y
테이블:Y
드라이기:Y
객실명:사랑채
객실크기:0평
객실수:0
기준인원:2최대인원:3
취사가능, 개별화장실&샤워실
비수기주중최소:150000(성수기: 150000)
비수기주말최소:150000(성수기: 150000)
목욕시설:Y
욕조:홈시어터:에어컨:Y
TV:Y
PC:케이블설치:Y
인터넷:Y
냉장고:Y
세면도구:Y
소파:취사용품:Y
테이블:Y
드라이기:Y
객실명:쌍백당 사랑채&대청마루
객실크기:0평
객실수:0
기준인원:6최대인원:8
취사 불가능, 개별화장실&샤워실
비수기주중최소:150000(성수기: 150000)
비수기주말최소:150000(성수기: 150000)
목욕시설:Y
욕조:홈시어터:에어컨:Y
TV:Y
PC:케이블설치:Y
인터넷:Y
냉장고:Y
세면도구:Y
소파:취사용품:테이블:Y
드라이기:Y
객실명:본채 고택&대청마루
객실크기:0평
객실수:0
기준인원:6최대인원:6
null
비수기주중최소:130000(성수기: 130000)
비수기주말최소:130000(성수기: 130000)
목욕시설:Y
욕조:홈시어터:에어컨:Y
TV:Y
PC:케이블설치:Y
인터넷:Y
냉장고:Y
세면도구:Y
소파:취사용품:테이블:Y
드라이기:Y
객실명:한옥펜션 방1
객실크기:0평
객실수:0
기준인원:2최대인원:5
취사 불가능, 내부 화장실&샤워실
비수기주중최소:90000(성수기: 90000)
비수기주말최소:90000(성수기: 90000)
목욕시설:Y
욕조:홈시어터:에어컨:Y
TV:Y
PC:케이블설치:Y
인터넷:Y
냉장고:Y
세면도구:Y
소파:취사용품:테이블:Y
드라이기:Y
객실명:한옥펜션 방2
객실크기:0평
객실수:0
기준인원:2최대인원:8
취사 불가능, 내부 화장실&샤워실
비수기주중최소:150000(성수기: 150000)
비수기주말최소:150000(성수기: 150000)
목욕시설:Y
욕조:홈시어터:에어컨:Y
TV:Y
PC:케이블설치:Y
인터넷:Y
냉장고:Y
세면도구:Y
소파:취사용품:테이블:Y
드라이기:Y
객실명:한옥펜션 한 동
객실크기:0평
객실수:0
기준인원:2최대인원:8
취사 불가능, 내부 화장실&샤워실
비수기주중최소:200000(성수기: 200000)
비수기주말최소:200000(성수기: 200000)
목욕시설:Y
욕조:홈시어터:에어컨:Y
TV:Y
PC:케이블설치:Y
인터넷:Y
냉장고:Y
세면도구:Y
소파:취사용품:테이블:Y
드라이기:Y
객실명:한옥펜션 두 동
객실크기:0평
객실수:0
기준인원:2최대인원:8
취사 불가능, 내부 화장실&샤워실
비수기주중최소:400000(성수기: 400000)
비수기주말최소:400000(성수기: 400000)
목욕시설:Y
욕조:홈시어터:에어컨:Y
TV:Y
PC:케이블설치:Y
인터넷:Y
냉장고:Y
세면도구:Y
소파:취사용품:테이블:Y
드라이기:Y
",소비자분쟁해결기준 중 숙박업 환불기준에 따름
한옥게스트하우스 '安(Ahn)',41906,,,대구광역시 중구 국채보상로149길 98(동인동3가),35.8728977199,128.6108890108,"대구광역시 중구 동인동에 위치한 신축 한옥 게스트 하우스로 교통이 편리하고 김광석 거리, 별별 상상 칠성 야시장, 동성로 등 도보거리에 볼거리와 먹거리가 풍부하다.",0,,,8인,3,,가능(사전연락),,15:00,11:00,홈페이지,"<a href=""<a href=""https://map.naver.com/v5/entry/place/1943162816?c=14316896.1136019,4283140.1877153,13,0,0,0,dh&placePath=%2Fhome%3Fentry=pll""_blank""><a href=""https://map.naver.com/v5/entry/place/1943162816?c=14316896.1136019,4283140.1877153,13,0,0,0,dh&placePath=%2Fhome%3Fentry=pll</a>",,,,없음,없음,없음,없음,없음,없음,없음,없음,없음,없음,없음,"객실명:소나무
객실크기:0평
객실수:0
기준인원:3최대인원:5
null
목욕시설:Y
욕조:홈시어터:에어컨:Y
TV:Y
PC:케이블설치:인터넷:냉장고:Y
세면도구:Y
소파:취사용품:테이블:드라이기:객실명:동백
객실크기:0평
객실수:0
기준인원:2최대인원:3
null
목욕시설:Y
욕조:홈시어터:에어컨:Y
TV:Y
PC:케이블설치:인터넷:냉장고:Y
세면도구:Y
소파:취사용품:테이블:드라이기:",당일예약은 환불 및 취소가 불가능
대구 메리어트 호텔,41243,,,대구광역시 동구 동부로26길 6,35.8753644169,128.6276707967,"일과 휴식을 위한 완벽한 서비스를 원하는 혁신 리더들에게 대구 메리어트 호텔은 완벽한 비즈니스와 활력을 불어넣는 경험을 제공하는 대구 최초의 메리어트 인터내셔널 5성급 호텔이다. 동대구역 복합환승센터, 대구 국제공항 등 도심 교통의 중심에 자리 잡고 있어 쇼핑센터와 관광명소 등 원하시는 목적지 어디라도 편하게 이동이 가능하다. 바쁜 하루를 보낸 후, 호텔로 돌아오면 편안하게 휴식을 취할 수 있는 안락한 객실과, 전 세계의 맛있는 미식을 즐길 수 있는 뷔페 '어반 키친', 모던 차이니스 레스토랑 '이스트 게이트'를 즐길 수 있다. 또한 다양한 액티비티를 즐길 수 있는 최첨단 피트니스센터와 넓은 실내 수영장, 고요한 스파가 당신의 휴식을 한 단계 업그레이드한다. 수준 높은 비즈니스를 위한 각양각색의 연회장이 마련되어 있으며, 특별한 M 클럽 라운지에서 다양한 영감을 얻을 수 있다. 대구 메리어트 호텔은 최상의 서비스와 컨디션을 제공함으로서 여행객들에게 최상의 만족도를 제공한다.",0,,,,190실,,가능,불가,15:00,익일 12:00,053-327-7000,"<a href=""https://www.marriott.co.kr/hotels/travel/taemc-daegu-marriott-hotel"" target=""_blank"" title=""새창: 대구 메리어트 호텔 홈페이지로 이동"">https://www.marriott.co.kr/hotels/travel/taemc-daegu-marriott-hotel</a>",,"어반키친(뷔페레스토랑), 이스트게이트(중식당), 로비라운지(라운지)","세미나실, 스포츠시설, 사우나실, 뷰티시설, 식음료장, 휘트니스센터, 비지니스센터, 실내 수영장, 루프탑 수영장",없음,없음,없음,없음,없음,없음,없음,없음,없음,없음,없음,"객실명:디럭스 킹
객실크기:11평
객실수:0
기준인원:2최대인원:3
※ 위 정보는 2023년 06월에 작성된 정보로(정상요금), 해당 숙박시설 이용요금이 수시로 변동됨에 따라 이용요금 및 기타 자세한 사항은 홈페이지 참조 요망

목욕시설:Y
욕조:홈시어터:에어컨:Y
TV:Y
PC:케이블설치:Y
인터넷:Y
냉장고:Y
세면도구:Y
소파:Y
취사용품:테이블:Y
드라이기:Y
객실명:디럭스 더블
객실크기:11평
객실수:0
기준인원:2최대인원:3
※ 위 정보는 2023년 06월에 작성된 정보로(정상요금), 해당 숙박시설 이용요금이 수시로 변동됨에 따라 이용요금 및 기타 자세한 사항은 홈페이지 참조 요망

목욕시설:Y
욕조:홈시어터:에어컨:Y
TV:Y
PC:케이블설치:Y
인터넷:Y
냉장고:Y
세면도구:Y
소파:Y
취사용품:테이블:Y
드라이기:Y
객실명:프리미엄 디럭스 킹
객실크기:15평
객실수:0
기준인원:2최대인원:3
※ 위 정보는 2023년 06월에 작성된 정보로(정상요금), 해당 숙박시설 이용요금이 수시로 변동됨에 따라 이용요금 및 기타 자세한 사항은 홈페이지 참조 요망

목욕시설:Y
욕조:홈시어터:에어컨:Y
TV:Y
PC:케이블설치:Y
인터넷:Y
냉장고:Y
세면도구:Y
소파:Y
취사용품:테이블:Y
드라이기:Y
객실명:엠 클럽 킹
객실크기:11평
객실수:0
기준인원:2최대인원:3
※ 위 정보는 2023년 06월에 작성된 정보로(정상요금), 해당 숙박시설 이용요금이 수시로 변동됨에 따라 이용요금 및 기타 자세한 사항은 홈페이지 참조 요망

목욕시설:Y
욕조:홈시어터:에어컨:Y
TV:Y
PC:케이블설치:Y
인터넷:Y
냉장고:Y
세면도구:Y
소파:Y
취사용품:테이블:Y
드라이기:Y
객실명:엠 클럽 더블
객실크기:11평
객실수:0
기준인원:2최대인원:3
※ 위 정보는 2023년 06월에 작성된 정보로(정상요금), 해당 숙박시설 이용요금이 수시로 변동됨에 따라 이용요금 및 기타 자세한 사항은 홈페이지 참조 요망

목욕시설:Y
욕조:홈시어터:에어컨:Y
TV:Y
PC:케이블설치:Y
인터넷:Y
냉장고:Y
세면도구:Y
소파:Y
취사용품:테이블:Y
드라이기:Y
객실명:엠 클럼 프리미엄 킹
객실크기:15평
객실수:0
기준인원:2최대인원:3
※ 위 정보는 2023년 06월에 작성된 정보로(정상요금), 해당 숙박시설 이용요금이 수시로 변동됨에 따라 이용요금 및 기타 자세한 사항은 홈페이지 참조 요망

목욕시설:Y
욕조:홈시어터:에어컨:Y
TV:Y
PC:케이블설치:Y
인터넷:Y
냉장고:Y
세면도구:Y
소파:Y
취사용품:테이블:Y
드라이기:Y
객실명:이그제큐티브 스위트
객실크기:23평
객실수:0
기준인원:2최대인원:3
※ 위 정보는 2023년 06월에 작성된 정보로(정상요금), 해당 숙박시설 이용요금이 수시로 변동됨에 따라 이용요금 및 기타 자세한 사항은 홈페이지 참조 요망

목욕시설:Y
욕조:Y
홈시어터:에어컨:Y
TV:Y
PC:케이블설치:Y
인터넷:Y
냉장고:Y
세면도구:Y
소파:Y
취사용품:테이블:Y
드라이기:Y
객실명:프레지댄셜 스위트
객실크기:43평
객실수:0
기준인원:2최대인원:3
※ 위 정보는 2023년 06월에 작성된 정보로(정상요금), 해당 숙박시설 이용요금이 수시로 변동됨에 따라 이용요금 및 기타 자세한 사항은 홈페이지 참조 요망

목욕시설:Y
욕조:Y
홈시어터:에어컨:Y
TV:Y
PC:케이블설치:Y
인터넷:Y
냉장고:Y
세면도구:Y
소파:Y
취사용품:테이블:Y
드라이기:Y
",
호텔 노블스테이(노블스테이),41913,,,대구광역시 중구 국채보상로123길 23(동문동),35.8717253793,128.5972846865,"호텔 노블스테이는 대구시 중구 동문동에 자리 잡고 있다. 총 객실 수는 51개다. 객실은 스탠다드룸, 디럭스 트윈룸 A, 디럭스 트윈룸 B, 디럭스 트리플룸, 프리미엄 트윈룸 A, 프리미엄 트윈룸 B 등이 있다. 주차 가능하며, 각 객실에서 와이파이를 이용할 수 있다. 호텔 주변에는 중앙로역, 동성로 등이 있다.",0,,,,51실,"스탠다드, 디럭스, 프리미엄",,,15:00,12:00,053-421-5007,"<a href=""http://www.hotelnoblestay.com/view/index.do"" target=""_blank"" title=""새창 : 노블스테이 홈페이지로 이동"">http://www.hotelnoblestay.com/view/index.do</a>",,레스토랑,,없음,없음,없음,없음,없음,없음,없음,없음,없음,없음,없음,"객실명:스탠다드룸
객실크기:1평
객실수:0
기준인원:0최대인원:0
※ 객실 가격 전화문의 요망
목욕시설:욕조:홈시어터:에어컨:Y
TV:Y
PC:케이블설치:인터넷:냉장고:세면도구:Y
소파:Y
취사용품:테이블:Y
드라이기:객실명:디럭스 트윈룸 A
객실크기:2평
객실수:0
기준인원:0최대인원:0
※ 객실 가격 전화문의 요망
목욕시설:욕조:홈시어터:에어컨:TV:Y
PC:케이블설치:인터넷:냉장고:Y
세면도구:Y
소파:Y
취사용품:테이블:Y
드라이기:객실명:디럭스 트윈룸 B
객실크기:2평
객실수:0
기준인원:0최대인원:0
※ 객실 가격 전화문의 요망
목욕시설:욕조:홈시어터:에어컨:Y
TV:Y
PC:케이블설치:인터넷:냉장고:세면도구:Y
소파:Y
취사용품:테이블:Y
드라이기:객실명:디럭스 트리플룸
객실크기:3평
객실수:0
기준인원:0최대인원:0
※ 객실 가격 전화문의 요망
목욕시설:욕조:홈시어터:에어컨:Y
TV:Y
PC:케이블설치:인터넷:냉장고:세면도구:Y
소파:취사용품:테이블:Y
드라이기:객실명:프리미엄 트윈룸 A
객실크기:3평
객실수:0
기준인원:0최대인원:0
※ 객실 가격 전화문의 요망
목욕시설:욕조:홈시어터:에어컨:Y
TV:Y
PC:케이블설치:인터넷:냉장고:세면도구:Y
소파:취사용품:테이블:Y
드라이기:객실명:프리미엄 트윈룸 B
객실크기:3평
객실수:0
기준인원:0최대인원:0
※ 객실 가격 전화문의 요망
목욕시설:욕조:홈시어터:에어컨:Y
TV:Y
PC:케이블설치:인터넷:냉장고:세면도구:Y
소파:취사용품:테이블:Y
드라이기:",
공감호스텔 동성로(공감동성로게스트하우스),41913,송윤미,010-4592-5644,대구광역시 중구 동성로12길 9(동문동),35.8716892550,128.5963486591,"공감 호스텔 동성로는 매일 11시부터 15시까지 클리닝 타임으로 전 객실 청소 및 개인 침구 커버를 세탁하여 청결을 유지한다. 대구역 도보 5분, 중앙로역 도보 2분으로 주요 역과 지하철로 이동하기 편리하다.",0,,,52명,11,,불가능 (인근 유료주차장 이용),,15:00(22시 이후 입실 시 사전 연락),11:00,"전화, 각 온라인 사이트내 예약가능",,불가능,없음,"공용 화장실, 공용 공간, 공용주방, 정수기, 세탁기",없음,없음,없음,없음,없음,없음,없음,없음,없음,없음,있음,,"1예약하신 숙박일을 기준으로 <br>
'~10일 전' 취소 & 변경 시 : 전액 환급<br>
2'~ 7일 전' 취소 & 변경 시 : 숙박료의 90% 환급 (예약 요청일 기준 당일 취소시 전액 환급)<br>
3'~ 5일 전' 취소 & 변경 시 : 숙박료의 70% 환급 (예약 요청일 기준 당일 취소시 전액 환급)<br>
4'~ 3일 전' 취소 & 변경 시 : 숙박료의 50% 환급 (예약 요청일과 무관하게적용)<br>
5'~ 2일 전' 취소 & 변경 시 : 숙박료의 30% 환급 (예약 요청일과 무관하게적용)<br>
6숙박일 전날과 당일은 취소 & 변경이 불가합니다. (예약 요청일과 무관하게적용)"
한옥1957[한국관광 품질인증/Korea Quality],41921,정창훈,053-214-1957,대구광역시 중구 국채보상로101길 20-2,35.8716557103,128.5846802430,"대구 도심 속 위치한 한옥1957은 홍송을 사용하고 황토와 짚을 엮은 벽체에 기와를 얹어 전통미가 가득한 한옥 스테이다. 서까래나 보, 자개장 등이 아늑함과 고즈넉함을 더한다. 객실은 총 5개로, 모두 온돌방이고 화장실이 있어 편리하다. 공용 주방에서 간단한 취사도 가능하다. 도보로 서문시장역, 대구역 등 이용이 가능해 교통이 편리하고, 달성공원, 서문시장 등 주요 관광지도 인근에 있다.",,,"대지면적 310.74m², 건물면적 132.23m²",21,5,한실,가능,불가,15:00,10:30,"가능(053-214-1957, 010-6590-5544, https://www.expedia.co.kr/Daegu-Hotels-Hanok-1957.h54248474.Hotel-Information )",https://www.expedia.co.kr/Daegu-Hotels-Hanok-1957.h54248474.Hotel-Information,불가,없음,"공용주방, 공용화장실",없음,없음,없음,없음,없음,없음,없음,없음,없음,없음,없음,"객실명:아랫방
객실크기:3평
객실수:0
기준인원:2최대인원:2
성수기 요금은 별도 문의 필요
비수기주중최소:95000(성수기: 0)
비수기주말최소:135000(성수기: 0)
목욕시설:Y
욕조:홈시어터:에어컨:Y
TV:Y
PC:케이블설치:Y
인터넷:Y
냉장고:Y
세면도구:Y
소파:취사용품:테이블:드라이기:Y
객실명:건너방
객실크기:4평
객실수:0
기준인원:2최대인원:3
성수기 요금은 별도 문의 필요
비수기주중최소:105000(성수기: 0)
비수기주말최소:145000(성수기: 0)
목욕시설:Y
욕조:홈시어터:에어컨:Y
TV:Y
PC:케이블설치:Y
인터넷:Y
냉장고:Y
세면도구:Y
소파:취사용품:테이블:드라이기:Y
객실명:대문채
객실크기:4평
객실수:0
기준인원:2최대인원:4
성수기 요금은 별도 문의 필요
비수기주중최소:115000(성수기: 0)
비수기주말최소:155000(성수기: 0)
목욕시설:Y
욕조:홈시어터:에어컨:Y
TV:Y
PC:케이블설치:Y
인터넷:Y
냉장고:Y
세면도구:Y
소파:취사용품:테이블:드라이기:Y
객실명:안방
객실크기:7평
객실수:0
기준인원:2최대인원:6
성수기 요금은 별도 문의 필요
비수기주중최소:135000(성수기: 0)
비수기주말최소:175000(성수기: 0)
목욕시설:Y
욕조:홈시어터:에어컨:Y
TV:Y
PC:케이블설치:Y
인터넷:Y
냉장고:Y
세면도구:Y
소파:취사용품:테이블:드라이기:Y
객실명:사랑방
객실크기:6평
객실수:0
기준인원:2최대인원:6
성수기 요금은 별도 문의 필요
비수기주중최소:135000(성수기: 0)
비수기주말최소:175000(성수기: 0)
목욕시설:Y
욕조:홈시어터:에어컨:Y
TV:Y
PC:케이블설치:Y
인터넷:Y
냉장고:Y
세면도구:Y
소파:취사용품:테이블:드라이기:Y
",온라인 OTA 예약 시 해당 업체의 환불 규정에 따름
스테이 지안[한국관광 품질인증/Korea Quality],41946,이태동,010-2643-8779,대구광역시 중구 달구벌대로447길 72-3,35.8657512650,128.6086282980,"스테이지안은 대구 도심 속 위치한 아늑하고 고즈넉한 한옥스테이다. ’한국으로 이사 온 외국인의 한옥라이프‘ 컨셉으로 평온과 행복을 담아 공간을 구성하였다. 내부는 거실, 주방, 침실, 욕실로 구성되어 있다. 특히 욕실에는 편백나무 욕조가 있어 은은한 편백향을 느끼며 여행의 피로를 풀기에 좋다. 유럽 가정식 브런치 스타일의 조식을 제공하는데, 조식 대신 와인을 선택할 수도 있다.",,,,4,1,양실,가능,가능,15:00,11:00,가능(010-2643-8779),https://booking.naver.com/booking/3/bizes/723023,불가,없음,,없음,없음,없음,없음,없음,있음,없음,없음,없음,없음,없음,"객실명:스테이지안
객실크기:20평
객실수:0
기준인원:4최대인원:0
null
비수기주중최소:350000(성수기: 400000)
비수기주말최소:450000(성수기: 450000)
목욕시설:욕조:홈시어터:Y
에어컨:Y
TV:Y
PC:케이블설치:Y
인터넷:Y
냉장고:Y
세면도구:Y
소파:Y
취사용품:Y
테이블:Y
드라이기:Y
","이용11일 전까지 결제금액에 대한 취소 수수료 없음
이용10일 전~이용9일 전 결제금액의 20%차감
이용 8일 전 결제금액의 30% 차감
이용 7일 전~이용 6일 전 결제금액의 40% 차감
이용 5일 전 결제금액의 50% 차감
이용 4일 전~ 이용 당일 결제금액의 100%차감"
호텔크라페 성서점[한국관광 품질인증/Korea Quality],42714,이민주,053-781-5577,대구광역시 달서구 성서공단로11길 6-4,35.8354885923,128.4885424960,"호텔크라페 성서점은 대구 성서 산업단지와 가까운 곳에 위치한 부티크 호텔이다. 다양한 타입의 객실을 운영하고 있어 비즈니스 출장객과 가족 단위 고객이 이용하기에 펀리하다. 인근에 모다아울렛이 있어 쇼핑하기에 좋고,  차로 10분 거리에 영화․드라마 촬영지로 활용되는 계명대학교 성서캠퍼스가 있어 계명아트센터의 공연을 즐기기에도 좋다. 인근에 가을철 갈대밭 명소인 대명유수지가 있다.",,,7층,87,28,양실,가능,불가,15:00,12:00,가능(053-588-3300),https://m.booking.naver.com/booking/3/bizes/666860?area=plt,불가,있음,"PC, 루프탑, 수영장",없음,없음,없음,없음,없음,없음,없음,없음,없음,없음,없음,"객실명:디럭스룸
객실크기:8평
객실수:0
기준인원:2최대인원:3
null
비수기주중최소:79000(성수기: 79000)
비수기주말최소:99000(성수기: 99000)
목욕시설:Y
욕조:Y
홈시어터:에어컨:Y
TV:Y
PC:케이블설치:인터넷:Y
냉장고:Y
세면도구:Y
소파:Y
취사용품:테이블:Y
드라이기:Y
객실명:프리미엄룸
객실크기:8평
객실수:0
기준인원:2최대인원:3
null
비수기주중최소:89000(성수기: 89000)
비수기주말최소:109000(성수기: 109000)
목욕시설:Y
욕조:홈시어터:에어컨:Y
TV:Y
PC:케이블설치:인터넷:Y
냉장고:Y
세면도구:Y
소파:취사용품:테이블:Y
드라이기:Y
객실명:풀빌라 스위트룸
객실크기:33평
객실수:0
기준인원:4최대인원:6
null
비수기주중최소:350000(성수기: 350000)
비수기주말최소:450000(성수기: 450000)
목욕시설:Y
욕조:홈시어터:에어컨:Y
TV:Y
PC:케이블설치:인터넷:Y
냉장고:Y
세면도구:Y
소파:Y
취사용품:테이블:Y
드라이기:Y
객실명:스위트A룸
객실크기:9평
객실수:0
기준인원:2최대인원:3
null
비수기주중최소:99000(성수기: 99000)
비수기주말최소:119000(성수기: 119000)
목욕시설:Y
욕조:Y
홈시어터:에어컨:Y
TV:Y
PC:케이블설치:인터넷:Y
냉장고:Y
세면도구:Y
소파:Y
취사용품:테이블:Y
드라이기:Y
객실명:스위트B룸
객실크기:9평
객실수:0
기준인원:2최대인원:3
null
비수기주중최소:99000(성수기: 99000)
비수기주말최소:119000(성수기: 119000)
목욕시설:Y
욕조:Y
홈시어터:에어컨:Y
TV:Y
PC:케이블설치:인터넷:Y
냉장고:Y
세면도구:Y
소파:취사용품:테이블:Y
드라이기:Y
객실명:스위트 트윈룸
객실크기:9평
객실수:0
기준인원:2최대인원:3
null
비수기주중최소:109000(성수기: 109000)
비수기주말최소:129000(성수기: 129000)
목욕시설:Y
욕조:홈시어터:에어컨:Y
TV:Y
PC:케이블설치:인터넷:Y
냉장고:Y
세면도구:Y
소파:Y
취사용품:테이블:Y
드라이기:Y
객실명:로얄 스위트
객실크기:9평
객실수:0
기준인원:2최대인원:3
null
비수기주중최소:109000(성수기: 109000)
비수기주말최소:129000(성수기: 129000)
목욕시설:Y
욕조:Y
홈시어터:에어컨:Y
TV:Y
PC:케이블설치:인터넷:Y
냉장고:Y
세면도구:Y
소파:Y
취사용품:테이블:Y
드라이기:Y
",사용예정일 1일전까지 취소 100% 환불
호텔드포레,42938,,,대구광역시 달성군 가창로 891,35.7889298961,128.6354919579,"나무들이 내뿜는 음이온과 피톤치드가 가득한 숲속, 숲 내음, 바람 소리, 새소리, 풀잎 소리를 느끼며 휴식을 할 수 있는 친환경 숙박 시설이다. 호텔 드 포레는 편백나무와 황토 벽돌로 마감되어 머무는 것만으로도 힐링이 되는 건강한 쉼의 공간이다. 
주차장에 주차하고 픽업 카트를 타고 숙소로 이동하는 방식이므로 이용에 참고해야 한다. 내부에는 간이매점 같은 무인 판매 시설이 있으며 저녁 9시까지 이용할 수 있다. 부대시설로는 레스토랑과 카페가 있어 이용하기 좋으며 연회장도 운영하고 있다. 그리고 투숙객은 동물원과 식물원이 있는 네이처파크를 무료 관람할 수 있으며 워터파크가 옆에 있어 가족 단위로 방문하기 좋다.",,,,,32실,"스탠다드, 스위트, 온돌",가능,"가능(단 , 취사형, 스위트 객실만 취사 가능)",15:00,11:00,1688-8511,"<a href=""http://forrest12.co.kr/"" target=""_blank"" title=""새창: 호텔드포레 홈페이지로 이동"">http://forrest12.co.kr/</a>",,,"영락(한식당), 네이처파크(동물원), 스파밸리(워터파크)",없음,없음,없음,없음,없음,없음,없음,없음,없음,없음,없음,"객실명:스탠다드 트윈
객실크기:12평
객실수:0
기준인원:2최대인원:3
※ 위 정보는 2023년 06월에 작성된 정보로(정상요금), 해당 숙박시설 이용요금이 수시로 변동됨에 따라 이용요금 및 기타 자세한 사항은 홈페이지 참조 요망

비수기주중최소:169000(성수기: 230000)
비수기주말최소:239000(성수기: 280000)
목욕시설:Y
욕조:Y
홈시어터:에어컨:Y
TV:Y
PC:케이블설치:인터넷:Y
냉장고:Y
세면도구:Y
소파:취사용품:테이블:Y
드라이기:Y
객실명:스탠다드 온돌
객실크기:9평
객실수:0
기준인원:2최대인원:4
※ 위 정보는 2023년 06월에 작성된 정보로(정상요금), 해당 숙박시설 이용요금이 수시로 변동됨에 따라 이용요금 및 기타 자세한 사항은 홈페이지 참조 요망

비수기주중최소:179000(성수기: 240000)
비수기주말최소:249000(성수기: 290000)
목욕시설:Y
욕조:Y
홈시어터:에어컨:Y
TV:Y
PC:케이블설치:인터넷:Y
냉장고:Y
세면도구:Y
소파:취사용품:테이블:Y
드라이기:Y
객실명:온돌 취사형
객실크기:10평
객실수:0
기준인원:2최대인원:4
※ 위 정보는 2023년 06월에 작성된 정보로(정상요금), 해당 숙박시설 이용요금이 수시로 변동됨에 따라 이용요금 및 기타 자세한 사항은 홈페이지 참조 요망

비수기주중최소:219000(성수기: 260000)
비수기주말최소:289000(성수기: 310000)
목욕시설:Y
욕조:Y
홈시어터:에어컨:Y
TV:Y
PC:케이블설치:인터넷:Y
냉장고:Y
세면도구:Y
소파:취사용품:테이블:Y
드라이기:Y
객실명:스위트
객실크기:18평
객실수:0
기준인원:4최대인원:6
※ 위 정보는 2023년 06월에 작성된 정보로(정상요금), 해당 숙박시설 이용요금이 수시로 변동됨에 따라 이용요금 및 기타 자세한 사항은 홈페이지 참조 요망

비수기주중최소:339000(성수기: 420000)
비수기주말최소:409000(성수기: 520000)
목욕시설:Y
욕조:Y
홈시어터:에어컨:Y
TV:Y
PC:케이블설치:인터넷:Y
냉장고:Y
세면도구:Y
소파:취사용품:테이블:Y
드라이기:Y
",
히로텔,41914,,053-421-8988,대구광역시 중구 국채보상로 657-12(동인동2가),35.8700451207,128.6030703347,"대구 중구에 위치한 히로텔은 현대식으로 지어진 흰색 건물로 대구 중심에 위치해 있어 교통이 편리한 곳이다. 객실마다 큰 창문이 있어 채광도가 높아 쾌적한 분위기를 제공하며, 벽지와 가구, 침구 등이 모던한 스타일로 깔끔한 인상을 준다. 주변에 국채보상기념공원이 있어 산책하기 좋으며 백화점과 브랜드샵이 많이 쇼핑 및 문화를 즐기기에 좋다.",0,,5층,,26실,"온돌, 스탠다드, 슈페리어 더블/싱글",주차 가능,불가,14:00,12:00,053-421-8988,,,,,없음,없음,없음,없음,없음,없음,없음,없음,없음,없음,없음,"객실명:스탠다드(일반)
객실크기:7평
객실수:0
기준인원:2최대인원:4
※ 위 정보는 2020년 08월에 수정된 정보로(정상요금), 해당 숙박시설 이용요금이 수시로 변동됨에 따라 이용요금 및 기타 자세한 사항은 홈페이지 참조 요망
비수기주중최소:55000(성수기: 55000)
비수기주말최소:60000(성수기: 60000)
목욕시설:Y
욕조:홈시어터:에어컨:Y
TV:Y
PC:Y
케이블설치:Y
인터넷:Y
냉장고:Y
세면도구:소파:취사용품:테이블:Y
드라이기:객실명:슈페리어 트윈
객실크기:10평
객실수:0
기준인원:2최대인원:4
※ 위 정보는 2020년 08월에 수정된 정보로(정상요금), 해당 숙박시설 이용요금이 수시로 변동됨에 따라 이용요금 및 기타 자세한 사항은 홈페이지 참조 요망

비수기주중최소:65000(성수기: 65000)
비수기주말최소:72000(성수기: 72000)
목욕시설:Y
욕조:홈시어터:에어컨:Y
TV:Y
PC:케이블설치:Y
인터넷:냉장고:Y
세면도구:소파:취사용품:테이블:드라이기:객실명:온돌
객실크기:5평
객실수:0
기준인원:2최대인원:4
※ 위 정보는 2020년 08월에 수정된 정보로(정상요금), 해당 숙박시설 이용요금이 수시로 변동됨에 따라 이용요금 및 기타 자세한 사항은 홈페이지 참조 요망

비수기주중최소:50000(성수기: 50000)
비수기주말최소:50000(성수기: 50000)
목욕시설:Y
욕조:홈시어터:에어컨:Y
TV:Y
PC:케이블설치:Y
인터넷:Y
냉장고:Y
세면도구:소파:취사용품:테이블:드라이기:",